People,Density,EntryRate,Temp,Humidity,CO2,Airflow,Time,Session,OutsideTemp,RoomSize,ACCapacity,ACUnits,Feedback
1,0.01,0,25.01,56,467,0.85,16,Empty,39,200,2.5,3,-1
52,0.26,1,27.22,56,777,0.31,9,Lecture,38,200,2.0,4,1
130,0.65,24,28.74,59,1154,0.66,11,Empty,29,200,2.5,1,1
132,0.66,22,29.05,56,1228,0.62,9,Empty,36,200,1.5,4,1
177,0.89,4,32.45,74,1518,0.37,18,Empty,34,200,1.5,2,1
75,0.38,20,27.91,56,843,0.69,12,Networking,36,200,2.5,4,1
66,0.33,2,27.79,58,825,0.43,10,Networking,32,200,2.5,1,1
73,0.36,17,27.46,42,860,0.97,12,Lecture,30,200,1.5,1,1
37,0.18,4,26.47,71,566,0.79,10,Empty,38,200,1.5,1,1
86,0.43,22,26.17,48,888,0.32,12,Networking,29,200,2.0,3,0
67,0.34,13,25.79,65,809,0.51,18,Networking,39,200,2.0,4,1
6,0.03,25,23.0,65,402,0.97,10,Lecture,32,200,2.5,2,-1
133,0.67,25,29.67,49,1265,0.42,18,Lecture,34,200,2.5,1,1
159,0.8,23,32.35,61,1338,0.89,14,Networking,34,200,2.0,1,1
109,0.55,13,28.54,64,1107,0.52,15,Empty,37,200,2.0,4,1
140,0.7,2,31.36,70,1221,0.9,10,Networking,29,200,2.5,3,1
178,0.89,8,32.87,65,1445,0.63,18,Lecture,38,200,2.5,1,1
44,0.22,14,26.09,60,681,0.81,11,Lecture,41,200,2.5,4,1
57,0.28,6,25.43,41,693,0.54,10,Lecture,39,200,2.5,4,0
188,0.94,18,33.36,63,1506,0.29,13,Networking,31,200,2.5,1,1
47,0.23,13,25.49,68,670,0.48,14,Lecture,39,200,1.5,4,0
87,0.43,20,26.43,68,964,0.33,17,Networking,32,200,1.5,1,1
90,0.45,9,27.27,75,1003,0.78,15,Empty,30,200,2.5,1,1
107,0.54,19,29.1,49,986,0.82,18,Empty,42,200,2.5,4,1
182,0.91,5,32.01,68,1544,0.86,11,Empty,38,200,1.5,1,1
21,0.1,9,24.02,63,542,0.33,10,Lecture,35,200,2.0,2,0
133,0.67,17,29.75,40,1135,0.72,15,Lecture,33,200,2.5,2,1
147,0.73,24,32.71,49,1250,0.68,10,Networking,41,200,1.5,1,1
49,0.24,17,25.19,72,642,0.38,18,Networking,29,200,1.5,2,1
141,0.7,25,29.68,62,1309,0.85,18,Networking,36,200,2.5,2,1
61,0.3,24,28.18,68,753,0.35,16,Empty,37,200,2.0,4,1
160,0.8,7,33.35,67,1336,0.35,14,Empty,39,200,1.5,4,1
66,0.33,5,25.87,52,791,0.59,17,Lecture,30,200,1.5,1,0
29,0.14,23,25.43,41,621,0.41,9,Networking,35,200,2.5,4,-1
61,0.3,24,25.98,45,817,0.49,14,Lecture,38,200,2.5,4,0
27,0.14,7,25.02,68,532,0.71,9,Empty,35,200,1.5,1,0
154,0.77,16,31.84,56,1377,0.58,11,Networking,35,200,1.5,2,1
35,0.17,13,26.13,69,533,0.63,18,Networking,36,200,2.0,1,0
11,0.06,3,25.61,60,448,0.24,18,Empty,40,200,2.0,4,1
51,0.26,12,26.43,75,677,0.44,17,Lecture,33,200,1.5,4,1
10,0.05,5,23.21,73,528,0.46,15,Empty,36,200,2.5,1,1
67,0.34,8,25.54,63,828,0.38,9,Empty,36,200,2.0,2,0
16,0.08,17,24.66,48,493,0.92,17,Lecture,28,200,2.0,2,-1
37,0.18,21,25.94,75,671,1.0,15,Lecture,39,200,2.5,2,1
10,0.05,21,23.1,46,407,0.55,13,Empty,39,200,2.5,4,-1
145,0.72,9,31.61,57,1336,0.36,14,Lecture,39,200,2.5,2,1
168,0.84,21,33.1,43,1397,0.95,18,Empty,34,200,1.5,1,1
13,0.07,10,23.36,57,554,0.32,13,Networking,32,200,2.0,2,-1
15,0.07,21,23.72,41,545,0.96,12,Lecture,37,200,1.5,4,-1
110,0.55,21,30.0,57,1030,0.71,12,Networking,32,200,2.0,2,1
83,0.41,22,27.64,67,936,0.27,16,Empty,30,200,1.5,4,1
189,0.94,9,33.53,75,1497,0.25,9,Lecture,40,200,1.5,2,1
29,0.14,17,26.48,70,539,0.79,15,Empty,39,200,2.0,4,-1
99,0.49,16,26.61,65,972,0.68,12,Empty,31,200,2.5,4,0
162,0.81,15,32.11,51,1296,0.66,10,Lecture,40,200,1.5,1,1
153,0.77,11,30.28,72,1350,0.58,11,Networking,28,200,2.0,4,1
118,0.59,13,28.18,73,1101,0.37,15,Networking,29,200,1.5,4,1
48,0.24,5,27.11,46,656,0.44,17,Lecture,39,200,2.5,1,1
169,0.84,20,31.89,65,1400,0.37,12,Lecture,32,200,2.5,1,1
77,0.39,7,28.32,40,853,0.27,12,Empty,31,200,2.5,3,1
58,0.29,2,26.5,71,760,0.47,11,Empty,38,200,1.5,2,1
59,0.29,12,27.48,65,706,0.2,12,Networking,41,200,2.5,3,1
190,0.95,22,31.56,68,1496,0.43,16,Networking,29,200,2.5,2,1
16,0.08,20,23.83,56,565,0.4,15,Lecture,32,200,2.0,3,-1
80,0.4,0,28.42,67,835,0.85,18,Lecture,37,200,2.0,2,1
109,0.55,13,30.69,58,1028,0.6,13,Empty,38,200,2.5,3,1
157,0.79,9,31.9,75,1273,0.48,12,Empty,37,200,2.5,2,1
90,0.45,12,29.88,57,985,0.48,12,Empty,39,200,2.0,3,1
34,0.17,9,24.57,60,647,0.33,17,Empty,34,200,2.0,1,-1
63,0.32,10,25.31,71,742,0.5,12,Lecture,32,200,2.5,3,1
71,0.35,23,27.73,69,902,0.3,15,Lecture,39,200,2.0,3,1
103,0.52,3,27.19,43,1057,0.68,13,Lecture,28,200,2.5,1,1
128,0.64,17,29.07,45,1092,0.51,14,Lecture,33,200,2.5,3,1
8,0.04,20,22.97,57,519,0.87,9,Empty,38,200,2.5,2,-1
156,0.78,18,33.14,55,1284,0.99,9,Networking,41,200,2.0,4,1
57,0.28,25,25.47,70,819,0.82,18,Lecture,34,200,1.5,1,0
153,0.77,4,31.57,75,1249,0.68,18,Lecture,42,200,2.0,1,1
156,0.78,22,30.31,72,1407,0.48,13,Lecture,38,200,2.0,4,1
26,0.13,14,25.01,53,605,0.62,11,Lecture,42,200,2.0,2,0
70,0.35,9,25.49,55,788,0.33,18,Networking,33,200,2.5,1,0
122,0.61,0,30.48,70,1105,0.89,10,Lecture,38,200,2.0,2,1
179,0.9,12,31.82,58,1398,0.46,12,Lecture,42,200,1.5,3,1
33,0.17,1,25.41,57,562,0.48,18,Networking,39,200,2.0,1,0
117,0.58,24,28.97,48,1038,0.39,9,Empty,35,200,1.5,1,1
179,0.9,8,31.4,54,1404,0.5,12,Lecture,39,200,2.0,1,1
113,0.56,12,29.64,52,1031,0.77,13,Networking,39,200,2.0,2,1
165,0.82,22,31.14,61,1312,0.54,18,Empty,42,200,2.0,2,1
6,0.03,13,22.13,67,482,0.24,12,Empty,32,200,2.0,4,-1
189,0.94,23,34.61,57,1547,0.72,16,Networking,40,200,1.5,2,1
178,0.89,17,32.81,66,1499,0.93,17,Empty,40,200,2.5,3,1
1,0.01,7,23.52,52,445,0.39,10,Empty,28,200,2.5,4,-1
70,0.35,14,25.41,51,839,0.92,18,Empty,33,200,2.5,2,1
198,0.99,2,32.82,63,1630,0.45,10,Empty,30,200,1.5,4,1
20,0.1,24,25.36,70,512,0.86,17,Networking,33,200,1.5,3,0
157,0.79,8,31.47,47,1389,0.79,10,Empty,30,200,1.5,3,1
174,0.87,19,32.65,67,1372,0.77,18,Lecture,30,200,2.5,4,1
132,0.66,9,30.89,56,1198,0.64,9,Lecture,38,200,2.0,2,1
72,0.36,9,27.15,63,835,0.42,17,Networking,41,200,2.0,2,1
145,0.72,20,32.33,56,1342,0.27,10,Lecture,38,200,1.5,4,1
136,0.68,6,31.29,60,1223,0.67,10,Networking,40,200,2.5,2,1
171,0.85,21,33.41,52,1486,0.8,12,Networking,37,200,2.5,3,1
153,0.77,23,30.65,62,1292,0.33,10,Empty,33,200,2.0,1,1
196,0.98,24,33.88,74,1649,0.96,11,Empty,40,200,2.0,3,1
37,0.18,21,24.66,72,601,0.43,17,Lecture,28,200,2.5,4,1
184,0.92,5,33.37,72,1527,0.33,18,Networking,29,200,2.5,2,1
153,0.77,1,31.19,46,1386,0.6,16,Networking,40,200,2.5,3,1
26,0.13,15,24.65,44,537,0.38,15,Networking,41,200,1.5,1,1
166,0.83,6,31.42,70,1473,0.77,13,Empty,37,200,2.5,4,1
97,0.48,13,28.03,68,1036,0.46,12,Lecture,31,200,2.5,2,1
39,0.2,16,26.29,66,713,0.61,10,Networking,38,200,2.0,2,0
29,0.14,15,26.88,42,630,0.69,15,Lecture,41,200,2.5,4,0
61,0.3,17,26.19,64,836,0.39,14,Lecture,37,200,2.5,4,1
188,0.94,24,33.0,43,1584,0.44,15,Lecture,42,200,2.5,1,1
36,0.18,0,26.27,52,588,0.74,9,Lecture,34,200,1.5,1,0
136,0.68,1,29.07,61,1285,0.65,9,Empty,29,200,1.5,3,1
110,0.55,14,27.65,61,1096,0.63,14,Empty,28,200,1.5,4,1
21,0.1,22,23.12,46,496,0.25,13,Lecture,28,200,1.5,2,-1
95,0.47,13,28.86,48,930,0.86,9,Empty,36,200,1.5,4,1
67,0.34,20,26.88,56,732,0.5,10,Networking,33,200,1.5,4,0
24,0.12,25,24.18,71,582,0.37,14,Lecture,28,200,1.5,1,1
21,0.1,25,24.55,51,529,0.49,18,Empty,41,200,2.5,3,1
99,0.49,11,28.57,48,972,0.24,16,Networking,35,200,1.5,2,1
130,0.65,5,30.83,64,1172,0.45,16,Lecture,40,200,1.5,3,1
166,0.83,14,32.68,58,1435,0.58,9,Empty,42,200,2.5,3,1
63,0.32,4,26.65,64,800,0.7,15,Networking,29,200,1.5,1,-1
2,0.01,7,23.79,74,381,0.4,14,Networking,33,200,2.5,1,1
179,0.9,4,34.12,57,1401,0.21,9,Networking,40,200,2.5,2,1
125,0.62,5,30.75,58,1214,0.86,17,Networking,33,200,2.5,2,1
177,0.89,2,30.53,48,1385,0.91,15,Networking,28,200,2.0,4,1
73,0.36,24,27.32,55,876,0.47,10,Empty,28,200,1.5,2,1
109,0.55,20,28.37,41,1081,0.92,16,Lecture,39,200,2.0,4,1
132,0.66,25,30.6,62,1123,0.52,12,Networking,36,200,2.0,3,1
3,0.01,11,24.5,50,462,0.75,11,Networking,39,200,1.5,2,1
98,0.49,20,28.18,74,1059,0.35,13,Networking,34,200,2.5,2,1
179,0.9,15,32.58,60,1542,0.8,15,Empty,40,200,1.5,4,1
20,0.1,12,24.17,70,515,0.68,15,Lecture,36,200,2.0,4,1
61,0.3,21,25.13,54,825,0.76,11,Empty,31,200,2.5,4,0
180,0.9,22,33.39,40,1539,0.87,15,Networking,41,200,1.5,1,1
34,0.17,2,24.92,68,531,0.96,14,Empty,42,200,2.5,3,0
143,0.71,1,32.09,50,1230,0.76,13,Lecture,42,200,1.5,3,1
87,0.43,5,27.79,46,989,0.7,13,Networking,33,200,2.5,2,1
133,0.67,10,30.3,58,1181,0.98,11,Networking,41,200,2.0,1,1
148,0.74,1,31.4,62,1275,0.75,10,Lecture,37,200,2.0,3,1
58,0.29,1,26.11,40,796,0.23,16,Lecture,40,200,1.5,2,0
119,0.59,21,30.09,74,1042,0.99,11,Empty,29,200,2.5,1,1
185,0.93,15,33.41,47,1578,0.92,16,Empty,34,200,2.5,2,1
179,0.9,14,30.77,73,1458,0.97,9,Lecture,32,200,1.5,2,1
196,0.98,3,32.8,43,1510,0.6,13,Empty,38,200,1.5,4,1
51,0.26,4,25.75,58,763,0.34,15,Networking,41,200,1.5,3,0
107,0.54,9,29.24,61,988,0.74,18,Empty,33,200,2.5,3,1
18,0.09,5,26.1,50,467,0.34,17,Empty,41,200,2.0,1,0
20,0.1,10,24.28,66,532,0.96,10,Lecture,30,200,1.5,2,1
106,0.53,1,30.04,62,997,0.86,17,Lecture,36,200,2.5,4,1
12,0.06,8,24.72,62,504,0.58,12,Networking,32,200,1.5,2,0
124,0.62,9,29.37,62,1177,0.34,17,Lecture,35,200,1.5,2,1
145,0.72,2,29.7,50,1248,0.93,14,Empty,32,200,2.0,3,1
109,0.55,21,29.53,57,1074,0.33,9,Empty,37,200,2.0,1,1
47,0.23,13,27.6,71,626,0.48,11,Networking,41,200,1.5,4,1
61,0.3,21,26.77,41,815,0.97,9,Lecture,34,200,1.5,2,1
99,0.49,2,26.93,50,987,0.71,12,Lecture,31,200,2.0,1,1
68,0.34,6,25.56,58,846,0.8,15,Lecture,29,200,2.5,1,1
145,0.72,7,29.56,66,1307,0.95,15,Networking,37,200,2.5,2,1
130,0.65,14,31.19,74,1110,0.46,13,Networking,41,200,1.5,3,1
197,0.98,17,32.71,42,1545,0.81,17,Networking,33,200,1.5,2,1
153,0.77,7,31.23,57,1362,0.31,14,Empty,29,200,1.5,3,1
180,0.9,18,31.46,40,1552,0.21,14,Empty,38,200,2.0,2,1
21,0.1,19,24.5,40,565,0.56,13,Empty,32,200,2.5,1,0
195,0.97,4,31.89,57,1564,0.73,13,Lecture,32,200,2.5,1,1
176,0.88,0,31.08,65,1496,0.87,10,Empty,30,200,2.0,1,1
92,0.46,11,26.41,49,963,0.22,18,Empty,33,200,2.0,2,0
15,0.07,5,22.73,41,565,0.42,15,Empty,32,200,2.5,3,-1
88,0.44,5,26.72,57,943,0.77,18,Lecture,38,200,2.5,3,1
48,0.24,17,26.58,67,731,0.39,10,Networking,37,200,2.5,3,-1
51,0.26,17,25.56,63,686,1.0,9,Networking,40,200,1.5,1,0
34,0.17,15,24.96,44,664,0.35,14,Lecture,32,200,2.0,1,0
133,0.67,14,30.25,75,1181,0.91,12,Lecture,28,200,1.5,4,1
1,0.01,7,24.63,53,468,0.26,12,Lecture,33,200,2.0,2,0
194,0.97,12,33.94,63,1599,0.85,14,Lecture,31,200,2.5,1,1
43,0.21,0,26.7,61,627,0.21,16,Empty,38,200,2.5,1,1
34,0.17,9,26.64,51,578,0.68,13,Networking,39,200,2.5,1,0
189,0.94,16,32.91,42,1502,0.51,11,Empty,36,200,2.0,2,1
41,0.2,1,26.86,64,666,0.88,14,Empty,38,200,2.0,2,-1
4,0.02,1,24.23,47,482,0.4,15,Networking,42,200,2.5,3,0
6,0.03,1,24.43,58,413,0.91,15,Networking,40,200,2.5,3,-1
10,0.05,24,23.43,50,533,0.39,14,Empty,36,200,1.5,1,-1
38,0.19,4,24.68,73,635,0.96,15,Empty,30,200,1.5,1,1
103,0.52,7,27.81,64,948,0.89,9,Networking,34,200,1.5,3,1
38,0.19,10,24.68,50,658,0.41,10,Empty,33,200,2.5,4,1
87,0.43,15,27.0,53,920,0.92,12,Empty,28,200,2.0,2,0
134,0.67,2,31.28,48,1175,0.94,16,Networking,40,200,2.5,3,1
82,0.41,5,28.35,60,839,0.5,16,Networking,42,200,2.5,2,1
96,0.48,17,28.69,55,1016,0.34,12,Empty,41,200,2.0,1,1
6,0.03,13,24.47,56,394,0.52,9,Empty,38,200,1.5,2,0
89,0.45,0,27.5,48,999,0.65,13,Networking,31,200,1.5,1,1
51,0.26,12,25.61,61,776,0.63,10,Empty,38,200,1.5,2,-1
64,0.32,7,26.97,40,862,0.55,13,Empty,42,200,2.0,3,0
150,0.75,12,32.79,65,1349,0.96,16,Empty,42,200,2.5,3,1
129,0.65,21,30.11,69,1140,0.5,17,Networking,42,200,2.0,1,1
96,0.48,12,27.9,59,1035,0.43,15,Networking,35,200,1.5,2,1
172,0.86,10,33.29,67,1452,0.64,15,Networking,33,200,1.5,1,1
194,0.97,23,32.89,72,1525,0.56,18,Networking,37,200,1.5,1,1
22,0.11,12,23.99,51,584,0.7,16,Networking,41,200,2.5,2,-1
151,0.76,8,31.61,53,1275,0.86,17,Lecture,34,200,2.0,2,1
77,0.39,5,27.69,47,824,0.49,13,Networking,40,200,2.5,2,1
67,0.34,12,25.27,61,850,0.68,11,Networking,28,200,2.0,1,1
70,0.35,9,28.0,68,893,0.63,11,Networking,39,200,2.5,3,1
84,0.42,10,28.33,44,874,0.63,12,Empty,32,200,2.0,2,1
193,0.96,17,34.57,46,1487,0.79,15,Lecture,42,200,2.5,1,1
4,0.02,6,24.63,68,351,0.21,12,Lecture,30,200,2.0,3,0
156,0.78,7,29.85,46,1324,0.91,17,Networking,29,200,2.0,3,1
83,0.41,15,26.61,53,932,0.82,17,Networking,34,200,1.5,2,1
92,0.46,11,28.15,50,1013,0.68,18,Empty,41,200,2.0,3,1
168,0.84,4,31.61,61,1462,0.79,12,Lecture,30,200,1.5,4,1
31,0.15,6,25.64,56,542,0.52,11,Lecture,30,200,2.5,3,-1
165,0.82,4,31.84,67,1467,0.29,16,Empty,34,200,2.5,1,1
70,0.35,25,27.7,62,830,0.63,11,Empty,29,200,2.5,3,1
5,0.03,11,22.92,72,377,0.62,11,Lecture,37,200,1.5,1,1
33,0.17,8,25.61,68,661,0.93,14,Empty,40,200,2.0,4,1
15,0.07,3,24.94,57,456,0.77,18,Lecture,35,200,2.5,4,1
45,0.23,15,26.47,53,659,0.83,13,Empty,37,200,1.5,3,0
88,0.44,23,29.08,43,910,0.94,10,Empty,40,200,1.5,1,1
169,0.84,21,32.37,40,1472,0.83,11,Lecture,36,200,1.5,1,1
170,0.85,13,32.16,56,1435,0.97,18,Empty,41,200,2.5,1,1
122,0.61,10,29.1,59,1188,0.71,14,Lecture,35,200,1.5,1,1
65,0.33,2,26.55,55,805,0.62,17,Lecture,39,200,2.5,4,0
106,0.53,2,28.09,62,1016,0.76,12,Networking,34,200,2.5,1,1
159,0.8,3,31.68,61,1309,0.85,10,Empty,32,200,2.0,3,1
72,0.36,22,26.02,55,857,0.99,13,Lecture,35,200,2.5,3,1
171,0.85,17,31.94,68,1457,0.7,17,Empty,29,200,2.5,3,1
200,1.0,2,33.95,55,1633,0.54,15,Networking,40,200,2.0,1,1
103,0.52,1,29.25,52,971,0.73,11,Networking,37,200,2.5,1,1
183,0.92,15,31.22,62,1420,0.38,13,Networking,35,200,2.5,4,1
26,0.13,24,23.53,57,530,0.66,13,Networking,31,200,2.5,2,-1
58,0.29,10,25.69,64,766,0.76,18,Lecture,40,200,2.0,1,-1
92,0.46,12,27.27,63,1021,0.52,17,Lecture,31,200,2.5,2,1
104,0.52,0,29.52,48,1008,0.88,15,Lecture,39,200,2.5,3,1
163,0.81,22,33.35,41,1424,0.73,9,Empty,42,200,2.0,1,1
103,0.52,21,29.83,43,967,0.77,15,Networking,34,200,2.0,2,1
127,0.64,21,29.81,74,1144,0.75,15,Lecture,37,200,2.5,1,1
88,0.44,15,28.69,60,936,0.81,15,Empty,38,200,2.5,1,1
39,0.2,3,25.76,71,631,0.8,15,Lecture,31,200,2.5,1,1
114,0.57,10,28.55,40,1101,0.76,16,Lecture,39,200,2.0,3,1
27,0.14,20,25.73,44,569,0.97,14,Networking,42,200,1.5,1,0
25,0.12,4,24.18,43,563,0.92,18,Networking,35,200,2.5,1,0
144,0.72,17,32.02,40,1335,0.48,18,Empty,36,200,1.5,2,1
110,0.55,10,27.82,74,1072,0.37,9,Lecture,29,200,1.5,3,1
81,0.41,12,26.95,53,823,0.31,11,Empty,32,200,2.0,2,0
169,0.84,13,33.19,73,1483,0.21,9,Lecture,35,200,2.0,2,1
120,0.6,7,29.98,55,1089,0.38,18,Networking,38,200,2.0,4,1
179,0.9,19,33.08,59,1451,0.74,13,Empty,32,200,2.0,1,1
190,0.95,0,33.71,52,1583,0.83,9,Empty,41,200,2.0,3,1
178,0.89,24,33.31,63,1485,0.43,13,Empty,38,200,1.5,4,1
8,0.04,8,23.41,65,519,0.39,14,Empty,36,200,2.5,4,-1
101,0.51,8,28.4,45,1009,0.93,9,Empty,28,200,1.5,2,1
148,0.74,3,31.51,45,1262,0.57,15,Lecture,32,200,2.5,1,1
132,0.66,2,30.09,74,1239,0.79,18,Networking,33,200,1.5,2,1
129,0.65,17,29.6,69,1161,0.44,15,Empty,31,200,1.5,3,1
18,0.09,21,24.92,41,556,0.29,10,Empty,29,200,1.5,1,0
47,0.23,7,25.68,65,620,0.94,18,Empty,40,200,1.5,1,0
185,0.93,9,33.85,61,1578,0.39,14,Empty,32,200,2.0,1,1
23,0.12,0,24.03,48,530,0.88,14,Lecture,32,200,2.0,2,0
186,0.93,1,31.65,70,1548,0.24,10,Empty,38,200,2.5,3,1
9,0.04,14,25.3,58,462,0.97,16,Lecture,37,200,1.5,4,0
183,0.92,5,32.86,55,1488,0.34,15,Networking,39,200,2.5,4,1
168,0.84,23,30.36,68,1448,0.5,9,Networking,31,200,2.0,1,1
170,0.85,17,32.0,63,1340,0.58,13,Networking,39,200,2.0,4,1
80,0.4,14,27.48,67,960,0.98,11,Lecture,31,200,2.0,4,1
181,0.91,3,31.13,58,1547,0.8,14,Lecture,34,200,2.0,2,1
19,0.1,15,23.83,71,548,0.28,12,Lecture,42,200,2.5,1,1
22,0.11,24,25.77,74,594,0.82,11,Networking,40,200,2.0,2,1
20,0.1,0,24.91,69,499,0.24,16,Networking,30,200,1.5,2,-1
52,0.26,19,25.42,46,730,0.46,11,Lecture,41,200,2.0,4,0
163,0.81,18,32.1,68,1318,0.67,13,Networking,31,200,2.0,2,1
194,0.97,21,33.15,44,1507,0.33,14,Empty,42,200,2.0,4,1
187,0.94,22,32.97,51,1593,0.77,10,Empty,38,200,2.0,2,1
83,0.41,6,26.21,74,828,0.7,9,Networking,31,200,1.5,3,1
118,0.59,1,29.55,71,1147,0.79,10,Lecture,40,200,2.0,4,1
0,0.0,17,22.27,61,325,0.83,18,Lecture,30,200,2.0,1,-1
149,0.74,24,29.64,63,1336,0.82,9,Lecture,36,200,2.5,4,1
128,0.64,14,29.81,40,1097,0.74,12,Networking,31,200,1.5,3,1
138,0.69,7,31.49,52,1228,0.89,17,Lecture,35,200,2.0,1,1
177,0.89,5,32.88,67,1382,0.22,12,Lecture,30,200,1.5,3,1
164,0.82,13,31.25,46,1462,0.31,15,Empty,42,200,2.0,3,1
102,0.51,4,28.08,48,1033,0.63,16,Networking,33,200,2.0,3,1
118,0.59,10,27.76,49,1073,0.37,18,Lecture,31,200,2.5,3,1
5,0.03,24,23.7,48,434,0.38,11,Networking,33,200,1.5,2,-1
191,0.95,5,31.24,74,1574,0.26,10,Empty,30,200,1.5,2,1
86,0.43,25,28.12,51,910,0.72,17,Empty,42,200,2.0,1,1
43,0.21,17,26.21,59,625,0.65,11,Lecture,36,200,1.5,2,-1
114,0.57,2,27.97,61,1071,0.97,16,Empty,28,200,2.5,1,1
61,0.3,0,25.21,59,784,0.76,14,Networking,28,200,2.5,2,0
127,0.64,5,29.86,46,1104,0.72,12,Lecture,34,200,2.0,4,1
154,0.77,23,30.91,65,1269,0.23,17,Empty,38,200,2.5,1,1
2,0.01,17,23.93,70,383,0.51,9,Lecture,38,200,2.0,4,-1
193,0.96,17,31.67,65,1581,0.53,17,Empty,32,200,2.0,4,1
8,0.04,3,23.23,53,410,0.75,16,Empty,29,200,2.0,4,-1
127,0.64,18,30.23,44,1169,0.64,10,Empty,30,200,2.5,4,1
23,0.12,20,25.47,40,482,0.74,16,Lecture,31,200,2.5,3,-1
61,0.3,24,27.69,68,832,0.84,16,Empty,37,200,2.0,2,1
148,0.74,4,31.66,61,1313,0.96,13,Empty,35,200,1.5,4,1
186,0.93,3,33.57,45,1457,0.79,12,Networking,31,200,2.0,1,1
49,0.24,24,24.88,45,664,0.61,17,Empty,30,200,2.0,2,0
170,0.85,10,31.87,40,1483,0.44,13,Networking,36,200,1.5,1,1
55,0.28,1,27.03,57,728,0.48,13,Empty,41,200,1.5,4,1
41,0.2,1,24.45,73,590,0.99,17,Networking,30,200,2.0,2,1
114,0.57,18,30.32,58,1027,0.68,11,Networking,36,200,2.5,2,1
191,0.95,8,32.18,72,1606,0.42,17,Empty,29,200,2.0,1,1
115,0.57,8,29.73,52,1070,0.3,13,Lecture,34,200,1.5,3,1
12,0.06,18,23.1,65,420,0.77,16,Networking,35,200,2.5,1,-1
16,0.08,15,24.28,44,531,0.86,11,Empty,32,200,2.5,3,0
78,0.39,7,26.75,40,865,0.71,15,Empty,28,200,2.0,1,-1
115,0.57,25,28.16,61,1035,0.71,15,Networking,30,200,1.5,4,1
69,0.34,18,25.92,69,742,0.41,17,Empty,28,200,2.0,4,0
40,0.2,13,25.66,44,668,0.26,17,Networking,32,200,1.5,4,0
128,0.64,11,28.9,47,1131,0.31,18,Lecture,30,200,2.5,4,1
38,0.19,24,23.84,40,622,0.84,18,Lecture,33,200,2.0,1,-1
184,0.92,19,31.51,47,1434,0.45,10,Lecture,37,200,1.5,2,1
183,0.92,21,32.55,72,1480,0.92,12,Lecture,38,200,1.5,2,1
3,0.01,6,23.03,66,466,0.46,13,Lecture,28,200,2.0,1,-1
61,0.3,10,24.43,74,836,0.72,16,Empty,28,200,2.5,1,1
39,0.2,15,26.84,40,712,0.67,12,Lecture,41,200,1.5,4,-1
90,0.45,20,27.77,56,897,0.34,13,Empty,34,200,1.5,2,1
159,0.8,6,31.35,53,1392,0.33,9,Empty,37,200,2.5,1,1
83,0.41,13,27.35,52,820,0.4,12,Networking,31,200,2.0,2,1
27,0.14,25,24.85,63,595,0.93,16,Networking,41,200,2.0,1,1
162,0.81,24,32.06,45,1372,0.55,17,Networking,39,200,1.5,3,1
178,0.89,11,33.2,71,1499,0.81,11,Empty,39,200,2.5,4,1
52,0.26,16,27.72,59,637,0.94,17,Lecture,39,200,2.5,3,1
160,0.8,20,31.48,40,1404,0.52,13,Empty,30,200,2.5,2,1
182,0.91,0,32.75,44,1412,0.59,15,Lecture,31,200,2.0,4,1
190,0.95,12,33.83,69,1598,0.87,18,Lecture,33,200,1.5,1,1
142,0.71,15,31.81,75,1328,0.28,13,Empty,35,200,1.5,2,1
104,0.52,25,28.08,66,1035,0.92,14,Networking,40,200,2.0,2,1
140,0.7,23,31.94,55,1234,0.54,14,Networking,40,200,2.5,2,1
44,0.22,1,26.05,43,642,0.78,15,Empty,30,200,1.5,1,0
27,0.14,15,24.41,40,631,0.53,10,Empty,41,200,1.5,2,0
82,0.41,4,27.15,42,892,0.26,9,Lecture,29,200,2.5,2,1
78,0.39,18,28.56,58,914,0.81,17,Networking,34,200,2.0,4,1
37,0.18,4,25.88,56,629,0.4,11,Empty,34,200,2.0,4,-1
178,0.89,14,30.54,47,1536,0.42,14,Lecture,31,200,2.5,1,1
168,0.84,11,33.2,71,1473,0.76,12,Networking,42,200,2.5,2,1
5,0.03,1,24.41,61,420,0.97,13,Networking,32,200,1.5,4,0
38,0.19,13,26.78,52,649,0.21,9,Empty,34,200,1.5,1,0
111,0.56,12,29.68,71,997,0.96,17,Empty,30,200,1.5,3,1
193,0.96,14,31.95,67,1611,0.55,17,Empty,28,200,2.5,1,1
138,0.69,23,30.38,53,1267,0.54,10,Networking,34,200,2.5,4,1
89,0.45,3,25.87,55,862,0.37,10,Networking,29,200,2.5,3,0
44,0.22,23,24.61,43,632,0.86,18,Empty,35,200,1.5,4,0
137,0.69,18,30.83,73,1275,0.58,17,Networking,34,200,2.0,3,1
178,0.89,20,33.42,67,1459,0.86,17,Empty,36,200,2.0,3,1
54,0.27,2,27.14,54,787,0.53,9,Lecture,38,200,1.5,3,1
186,0.93,7,32.88,48,1573,0.93,16,Empty,35,200,1.5,2,1
140,0.7,0,30.22,72,1227,0.76,11,Lecture,37,200,2.0,4,1
65,0.33,23,26.61,53,717,0.25,10,Empty,39,200,2.5,4,-1
47,0.23,4,25.95,73,675,0.45,18,Lecture,32,200,2.0,2,1
37,0.18,7,24.46,61,695,0.64,11,Lecture,36,200,1.5,3,0
119,0.59,5,29.34,72,1060,0.84,15,Networking,35,200,1.5,1,1
39,0.2,12,24.69,72,635,0.42,9,Networking,41,200,2.0,2,1
69,0.34,23,25.82,52,829,0.72,9,Lecture,34,200,2.0,4,0
165,0.82,8,31.39,70,1452,0.69,10,Empty,36,200,2.5,1,1
125,0.62,22,29.02,56,1072,0.95,13,Lecture,32,200,2.0,4,1
110,0.55,19,29.43,53,988,1.0,18,Networking,35,200,1.5,3,1
48,0.24,4,26.72,67,764,0.94,13,Empty,36,200,1.5,1,1
185,0.93,17,31.93,57,1581,0.62,9,Lecture,28,200,2.5,3,1
21,0.1,6,23.56,52,477,0.66,16,Lecture,33,200,2.0,1,-1
191,0.95,22,32.14,50,1520,0.71,16,Networking,37,200,2.0,4,1
82,0.41,8,28.47,44,959,0.59,17,Networking,35,200,1.5,4,1
41,0.2,16,24.8,55,716,0.47,14,Networking,42,200,1.5,3,-1
90,0.45,24,26.28,46,875,0.49,15,Empty,28,200,2.5,1,0
76,0.38,16,27.16,46,819,0.97,11,Empty,39,200,2.5,4,1
61,0.3,10,24.71,74,700,0.58,9,Lecture,28,200,2.5,1,1
98,0.49,10,27.74,53,1021,0.74,11,Networking,39,200,1.5,2,1
11,0.06,17,24.0,56,438,0.55,10,Empty,33,200,2.0,4,-1
44,0.22,2,25.29,41,668,0.34,18,Networking,34,200,1.5,3,1
8,0.04,19,22.29,42,373,0.77,15,Empty,31,200,2.5,2,-1
155,0.78,25,30.68,50,1328,0.6,13,Lecture,38,200,2.5,2,1
180,0.9,8,33.49,73,1496,0.41,10,Networking,35,200,1.5,1,1
8,0.04,15,23.63,62,423,0.44,15,Lecture,33,200,2.5,4,-1
163,0.81,13,32.34,50,1324,0.45,16,Networking,39,200,1.5,4,1
183,0.92,7,34.61,59,1433,0.97,13,Networking,41,200,1.5,2,1
94,0.47,16,28.13,42,961,0.5,17,Lecture,42,200,2.0,4,1
93,0.47,15,27.76,46,1037,0.31,10,Networking,39,200,1.5,1,1
169,0.84,24,31.05,73,1340,0.45,14,Empty,36,200,2.5,2,1
44,0.22,17,27.2,75,626,0.68,18,Networking,37,200,2.0,3,1
80,0.4,1,27.54,66,915,0.69,9,Empty,30,200,2.5,3,1
167,0.83,18,32.89,71,1338,0.99,9,Networking,39,200,1.5,3,1
107,0.54,22,27.8,62,1005,0.28,12,Empty,31,200,2.0,4,1
191,0.95,8,34.05,44,1496,0.74,16,Empty,41,200,2.0,2,1
186,0.93,17,31.3,51,1591,0.39,11,Networking,28,200,1.5,1,1
150,0.75,10,29.66,66,1325,0.88,10,Empty,36,200,2.5,4,1
94,0.47,8,29.7,41,954,0.91,16,Networking,38,200,2.5,1,1
155,0.78,24,31.16,50,1339,0.75,18,Networking,31,200,2.0,1,1
169,0.84,1,30.97,47,1420,0.69,15,Networking,36,200,1.5,2,1
22,0.11,9,24.02,47,508,0.33,14,Empty,29,200,1.5,3,0
121,0.6,13,29.77,71,1156,0.38,17,Networking,32,200,1.5,3,1
18,0.09,16,25.02,75,581,0.9,18,Empty,31,200,2.5,2,1
75,0.38,2,26.1,60,865,0.92,10,Empty,30,200,2.0,2,0
117,0.58,17,28.64,56,1162,0.91,16,Empty,41,200,2.5,4,1
143,0.71,14,29.12,55,1277,0.95,10,Empty,29,200,2.5,2,1
147,0.73,16,30.62,50,1330,0.21,10,Lecture,35,200,1.5,2,1
23,0.12,7,24.59,56,491,0.5,14,Empty,32,200,2.0,3,0
93,0.47,3,28.56,62,981,0.99,17,Empty,30,200,2.0,4,1
114,0.57,15,30.65,45,1057,0.78,16,Empty,37,200,2.5,4,1
84,0.42,4,26.2,44,962,0.27,15,Lecture,31,200,1.5,4,0
41,0.2,13,26.63,57,659,0.56,18,Empty,31,200,1.5,2,0
76,0.38,0,25.84,63,868,0.48,16,Empty,33,200,1.5,1,1
89,0.45,6,27.9,53,910,0.93,10,Empty,40,200,2.5,4,1
144,0.72,20,29.89,42,1272,0.29,9,Empty,30,200,2.0,1,1
158,0.79,24,30.54,75,1316,0.74,16,Lecture,37,200,2.0,3,1
66,0.33,18,28.83,59,821,0.3,13,Lecture,41,200,1.5,3,1
12,0.06,8,24.31,46,419,0.65,16,Networking,39,200,1.5,1,1
1,0.01,15,22.16,60,397,0.6,10,Empty,29,200,1.5,3,-1
68,0.34,3,25.51,44,771,0.47,16,Lecture,35,200,1.5,3,1
114,0.57,4,28.92,73,1004,0.25,15,Empty,29,200,2.5,2,1
63,0.32,23,25.38,51,760,0.71,14,Networking,29,200,2.5,3,-1
46,0.23,13,26.0,66,615,0.33,16,Empty,33,200,2.5,3,1
38,0.19,23,26.85,46,705,0.86,9,Networking,37,200,2.0,3,-1
64,0.32,6,26.55,50,810,0.51,18,Lecture,41,200,2.5,3,1
129,0.65,23,30.45,71,1132,0.75,12,Lecture,37,200,2.5,1,1
32,0.16,2,25.31,68,624,0.27,16,Lecture,34,200,2.0,1,0
147,0.73,4,28.76,43,1239,0.93,17,Networking,29,200,1.5,3,1
36,0.18,17,23.49,65,655,0.42,15,Empty,29,200,2.5,3,-1
3,0.01,2,24.12,69,339,0.43,18,Empty,31,200,2.5,4,-1
25,0.12,18,23.88,42,582,0.89,18,Networking,37,200,2.5,4,-1
148,0.74,16,29.97,62,1294,0.26,17,Networking,31,200,2.0,4,1
81,0.41,1,28.91,40,865,0.6,10,Lecture,34,200,1.5,4,1
17,0.09,22,23.99,71,544,0.27,14,Lecture,30,200,2.0,2,1
200,1.0,3,31.42,58,1655,0.26,16,Networking,28,200,2.5,4,1
153,0.77,6,31.71,57,1311,0.63,11,Lecture,41,200,2.5,2,1
164,0.82,7,32.19,68,1319,0.26,14,Lecture,30,200,2.0,3,1
10,0.05,25,23.65,74,392,0.26,9,Networking,36,200,2.5,3,1
97,0.48,11,29.19,66,955,0.45,10,Networking,37,200,1.5,3,1
128,0.64,3,27.96,73,1098,0.67,17,Lecture,28,200,2.0,1,1
197,0.98,5,33.63,57,1522,0.79,18,Empty,32,200,2.5,2,1
17,0.09,6,22.95,61,530,0.93,14,Lecture,34,200,2.5,3,-1
47,0.23,18,23.95,55,693,0.6,14,Networking,28,200,1.5,4,-1
153,0.77,13,30.9,74,1392,0.38,13,Lecture,41,200,2.5,4,1
17,0.09,7,24.5,56,533,0.3,12,Lecture,29,200,2.5,1,0
68,0.34,8,27.41,71,772,0.61,15,Empty,37,200,2.0,1,1
98,0.49,9,27.8,72,963,0.49,11,Lecture,37,200,2.5,3,1
0,0.0,1,22.38,61,356,0.82,10,Empty,33,200,2.5,3,-1
188,0.94,24,34.12,51,1580,0.25,12,Empty,34,200,1.5,1,1
85,0.42,22,26.82,40,880,0.99,18,Lecture,31,200,2.5,2,1
53,0.27,24,24.72,48,786,0.84,15,Networking,32,200,2.0,2,0
154,0.77,16,29.62,42,1308,0.63,12,Empty,32,200,1.5,3,1
146,0.73,9,30.43,67,1286,0.8,14,Lecture,31,200,1.5,1,1
93,0.47,6,30.24,59,1030,0.34,10,Lecture,41,200,2.0,4,1
123,0.61,22,30.66,48,1172,0.33,11,Empty,33,200,2.5,3,1
131,0.66,0,29.04,55,1158,0.73,9,Networking,31,200,1.5,1,1
141,0.7,8,29.66,64,1245,0.59,18,Empty,30,200,2.5,3,1
151,0.76,21,30.18,64,1273,0.41,16,Networking,31,200,1.5,2,1
119,0.59,2,30.36,63,1106,0.91,15,Lecture,30,200,2.5,2,1
180,0.9,23,32.74,57,1453,0.74,12,Lecture,35,200,1.5,3,1
56,0.28,3,26.93,45,717,0.29,16,Empty,36,200,2.5,2,1
38,0.19,21,24.57,60,596,0.9,16,Lecture,28,200,1.5,3,0
61,0.3,10,27.25,73,724,0.44,14,Empty,36,200,2.5,3,1
27,0.14,24,24.33,71,533,0.27,11,Networking,30,200,1.5,4,1
48,0.24,13,24.71,42,676,0.31,11,Networking,32,200,2.0,3,0
180,0.9,1,30.55,59,1532,0.79,11,Networking,28,200,1.5,4,1
12,0.06,3,23.22,58,542,0.23,11,Empty,37,200,2.0,1,-1
154,0.77,0,31.97,63,1304,0.57,13,Empty,28,200,2.5,2,1
196,0.98,14,32.39,71,1500,0.55,12,Empty,33,200,2.5,2,1
56,0.28,23,26.46,43,670,0.49,13,Lecture,36,200,1.5,4,0
8,0.04,11,22.8,49,479,0.93,14,Networking,39,200,2.5,3,-1
117,0.58,24,27.77,65,1157,0.66,9,Empty,30,200,2.5,2,1
88,0.44,3,29.27,69,981,0.95,15,Lecture,40,200,2.0,1,1
55,0.28,8,27.33,74,666,0.99,17,Empty,35,200,2.0,2,1
121,0.6,4,29.26,70,1149,0.83,14,Lecture,40,200,1.5,4,1
169,0.84,11,32.06,61,1368,0.71,9,Lecture,30,200,1.5,1,1
191,0.95,3,33.72,55,1573,0.67,15,Networking,37,200,2.5,2,1
82,0.41,12,27.12,72,942,0.76,12,Lecture,35,200,2.5,1,1
152,0.76,21,31.09,52,1262,0.76,18,Networking,41,200,1.5,4,1
111,0.56,25,28.56,54,1131,0.37,18,Lecture,41,200,2.0,1,1
81,0.41,20,28.0,47,927,0.54,17,Lecture,32,200,2.0,2,1
129,0.65,16,28.03,73,1140,0.23,12,Lecture,30,200,2.5,3,1
186,0.93,4,33.9,67,1567,0.32,10,Lecture,34,200,2.5,3,1
81,0.41,6,28.91,54,873,0.69,17,Empty,37,200,2.0,1,1
26,0.13,1,24.21,50,517,0.39,17,Lecture,39,200,2.0,3,1
26,0.13,14,24.24,65,514,0.88,9,Empty,34,200,1.5,2,0
27,0.14,6,25.24,69,546,0.77,11,Networking,42,200,1.5,4,0
94,0.47,13,28.03,42,924,0.67,17,Networking,42,200,2.5,1,1
146,0.73,23,29.91,62,1317,0.59,15,Empty,31,200,1.5,2,1
172,0.86,5,32.05,40,1401,0.96,9,Empty,36,200,2.5,1,1
39,0.2,22,24.1,46,694,0.65,15,Empty,33,200,2.5,3,0
55,0.28,4,26.51,40,692,0.96,14,Lecture,40,200,2.5,2,1
72,0.36,24,25.53,50,822,0.82,11,Empty,33,200,2.0,3,0
95,0.47,14,28.41,54,902,0.94,16,Lecture,33,200,2.5,1,1
35,0.17,3,23.8,75,639,0.38,12,Empty,28,200,2.5,1,1
143,0.71,22,31.03,56,1266,0.86,10,Empty,41,200,2.5,3,1
27,0.14,17,24.03,63,538,0.68,18,Empty,30,200,2.0,1,1
127,0.64,4,28.75,50,1177,0.98,14,Lecture,37,200,2.5,3,1
34,0.17,16,25.15,58,679,0.47,14,Empty,34,200,2.5,2,0
181,0.91,21,32.22,70,1497,0.32,15,Empty,41,200,2.5,4,1
60,0.3,10,25.75,56,714,0.53,18,Networking,36,200,2.0,4,-1
143,0.71,8,29.92,51,1293,0.38,16,Lecture,30,200,2.5,4,1
114,0.57,8,27.06,66,1106,0.92,12,Lecture,28,200,1.5,4,1
22,0.11,11,24.09,53,485,0.68,16,Lecture,37,200,2.5,1,-1
47,0.23,11,27.0,44,630,0.54,9,Networking,38,200,1.5,2,0
31,0.15,13,24.29,66,609,0.74,11,Networking,37,200,1.5,4,-1
55,0.28,6,26.48,67,770,0.74,13,Networking,40,200,1.5,1,0
123,0.61,2,29.04,50,1142,0.59,12,Empty,37,200,1.5,4,1
129,0.65,24,29.26,75,1119,0.92,18,Networking,34,200,2.5,4,1
173,0.86,15,30.66,59,1435,0.6,15,Lecture,29,200,2.0,1,1
143,0.71,18,30.92,72,1184,0.52,13,Networking,35,200,2.5,3,1
190,0.95,9,33.29,42,1478,0.2,15,Empty,36,200,2.5,2,1
93,0.47,3,26.57,50,895,0.9,15,Empty,34,200,2.0,3,0
166,0.83,19,32.6,61,1324,0.21,14,Empty,37,200,2.0,3,1
84,0.42,4,28.54,71,874,0.86,10,Empty,41,200,1.5,1,1
77,0.39,10,28.71,62,867,0.82,11,Networking,39,200,2.5,2,1
89,0.45,16,27.88,59,883,0.89,11,Networking,41,200,2.5,4,1
7,0.04,13,22.92,40,479,0.25,13,Empty,30,200,2.0,4,-1
118,0.59,16,28.25,40,1109,0.76,18,Empty,32,200,2.0,1,1
157,0.79,18,30.6,72,1362,0.27,13,Empty,33,200,1.5,1,1
97,0.48,8,27.18,53,973,0.3,16,Empty,28,200,1.5,1,1
117,0.58,1,30.24,54,1034,0.59,14,Empty,33,200,2.5,2,1
0,0.0,17,22.85,45,391,0.96,12,Empty,39,200,2.5,1,-1
40,0.2,12,26.89,72,696,0.44,13,Lecture,38,200,1.5,3,1
167,0.83,7,33.02,56,1369,0.5,16,Empty,33,200,2.5,4,1
200,1.0,20,32.89,44,1576,0.7,9,Empty,34,200,1.5,4,1
115,0.57,0,30.29,40,1080,0.8,9,Lecture,38,200,2.0,4,1
182,0.91,18,31.62,41,1492,0.94,18,Empty,32,200,1.5,1,1
169,0.84,2,31.63,56,1475,0.93,9,Empty,32,200,1.5,3,1
7,0.04,14,24.58,47,430,0.37,16,Lecture,35,200,1.5,4,0
46,0.23,10,27.36,45,754,0.98,18,Networking,38,200,2.5,2,1
60,0.3,22,26.36,67,816,0.42,11,Networking,34,200,1.5,3,0
46,0.23,25,26.49,57,709,0.36,18,Empty,29,200,2.5,1,0
182,0.91,9,34.26,45,1506,0.79,14,Lecture,40,200,1.5,2,1
10,0.05,23,24.7,54,495,0.54,12,Empty,29,200,1.5,2,0
191,0.95,25,34.49,48,1536,0.35,11,Networking,40,200,2.0,4,1
97,0.48,5,27.95,51,1019,0.69,9,Lecture,36,200,2.5,3,1
127,0.64,22,29.93,73,1223,0.7,16,Lecture,34,200,1.5,3,1
125,0.62,4,29.42,58,1128,0.9,16,Empty,29,200,2.5,1,1
154,0.77,20,30.48,68,1253,0.78,14,Lecture,39,200,2.0,1,1
77,0.39,20,28.6,50,894,0.37,12,Networking,42,200,2.5,4,1
154,0.77,1,31.99,44,1347,0.86,10,Empty,38,200,2.5,1,1
59,0.29,14,26.8,73,680,0.52,13,Networking,37,200,2.0,2,1
164,0.82,2,31.01,60,1339,0.73,14,Lecture,33,200,2.0,1,1
15,0.07,5,25.64,50,471,0.49,17,Networking,42,200,2.0,1,1
159,0.8,0,32.55,56,1300,0.62,14,Networking,40,200,1.5,4,1
116,0.58,25,27.56,65,1132,0.99,10,Empty,29,200,1.5,3,1
162,0.81,4,30.46,52,1401,0.9,15,Networking,32,200,2.0,4,1
45,0.23,18,24.49,70,676,0.75,11,Empty,35,200,2.0,2,-1
34,0.17,22,24.82,49,559,0.28,10,Lecture,30,200,2.0,1,0
103,0.52,6,26.8,70,1083,0.42,11,Lecture,28,200,2.5,2,1
168,0.84,9,31.49,63,1355,0.94,16,Lecture,41,200,1.5,4,1
185,0.93,8,32.1,46,1525,0.62,9,Lecture,33,200,1.5,1,1
113,0.56,13,30.02,71,1116,0.86,17,Networking,36,200,2.5,3,1
86,0.43,24,27.18,62,883,0.3,10,Empty,41,200,2.0,3,1
165,0.82,3,32.36,56,1372,0.58,14,Lecture,40,200,1.5,4,1
172,0.86,22,32.63,57,1469,0.76,10,Networking,39,200,2.0,2,1
74,0.37,12,28.5,47,923,0.59,18,Empty,34,200,2.0,3,1
118,0.59,17,29.8,74,1046,0.33,18,Empty,28,200,1.5,2,1
187,0.94,1,31.54,42,1471,0.26,12,Networking,32,200,2.0,4,1
141,0.7,20,30.58,67,1191,0.94,18,Empty,41,200,2.5,2,1
95,0.47,18,29.18,62,941,0.44,18,Lecture,34,200,2.5,2,1
103,0.52,19,29.7,45,975,0.81,11,Networking,33,200,1.5,1,1
17,0.09,12,24.87,49,561,0.97,18,Networking,38,200,2.5,2,0
133,0.67,10,30.42,72,1189,0.8,18,Empty,34,200,2.0,4,1
23,0.12,14,24.01,72,571,0.87,11,Empty,31,200,2.0,3,1
138,0.69,1,30.44,53,1157,0.88,10,Networking,40,200,2.5,1,1
42,0.21,24,25.13,73,719,0.27,18,Networking,36,200,2.0,4,1
160,0.8,13,30.19,60,1358,0.32,9,Lecture,36,200,2.5,1,1
147,0.73,11,32.33,40,1343,0.48,9,Lecture,41,200,2.5,3,1
61,0.3,15,27.45,73,739,0.31,17,Empty,31,200,1.5,4,1
123,0.61,5,28.56,56,1210,0.42,17,Empty,39,200,1.5,4,1
80,0.4,25,26.83,65,824,0.56,12,Networking,28,200,2.0,1,0
167,0.83,4,31.6,49,1404,0.92,9,Lecture,30,200,2.0,1,1
99,0.49,1,27.91,49,947,0.87,13,Lecture,29,200,1.5,1,1
100,0.5,13,29.88,41,1076,0.55,10,Networking,37,200,2.0,2,1
39,0.2,14,25.18,58,685,0.47,13,Lecture,30,200,2.0,2,0
154,0.77,19,30.22,42,1286,0.82,11,Empty,39,200,2.0,1,1
6,0.03,3,22.48,75,435,0.48,15,Lecture,33,200,2.5,3,1
138,0.69,5,29.55,49,1256,0.91,13,Lecture,36,200,1.5,4,1
6,0.03,17,23.31,74,472,0.59,10,Empty,36,200,2.0,2,1
174,0.87,16,31.48,45,1407,0.39,12,Lecture,35,200,2.5,3,1
184,0.92,13,33.73,67,1557,0.48,11,Lecture,39,200,2.0,4,1
168,0.84,0,32.02,45,1348,0.57,14,Lecture,39,200,1.5,3,1
18,0.09,0,24.33,62,568,0.6,12,Empty,35,200,1.5,2,0
43,0.21,9,27.21,42,652,0.79,14,Empty,37,200,2.0,2,1
118,0.59,7,28.37,42,1177,0.61,12,Empty,36,200,1.5,3,1
65,0.33,24,27.69,44,772,0.22,16,Networking,33,200,2.0,3,1
44,0.22,8,26.02,47,675,0.52,10,Lecture,33,200,1.5,4,-1
172,0.86,8,31.75,48,1406,0.83,18,Empty,34,200,1.5,2,1
175,0.88,20,32.67,45,1428,0.36,10,Empty,31,200,1.5,4,1
145,0.72,25,28.78,74,1223,0.51,18,Networking,28,200,1.5,1,1
122,0.61,6,31.15,44,1125,0.33,11,Empty,37,200,2.5,2,1
99,0.49,24,27.47,64,1016,0.37,18,Empty,39,200,1.5,4,1
161,0.81,21,30.47,46,1335,0.83,17,Networking,33,200,2.5,2,1
18,0.09,6,25.35,48,453,0.41,17,Networking,32,200,2.5,3,0
53,0.27,10,24.83,46,685,0.44,12,Networking,29,200,2.0,2,-1
164,0.82,25,31.37,57,1355,0.33,15,Lecture,31,200,1.5,1,1
35,0.17,18,24.72,43,624,0.9,14,Networking,30,200,2.5,2,0
23,0.12,10,25.3,44,562,0.85,13,Networking,40,200,2.0,4,1
143,0.71,6,31.46,62,1256,0.29,9,Empty,33,200,1.5,2,1
115,0.57,2,30.11,63,1155,0.7,10,Networking,33,200,1.5,1,1
66,0.33,6,26.38,58,783,0.81,18,Empty,30,200,1.5,2,-1
1,0.01,17,23.41,59,472,0.51,14,Empty,32,200,2.5,2,-1
121,0.6,8,28.41,70,1119,0.81,12,Lecture,37,200,1.5,2,1
44,0.22,9,26.32,57,639,0.71,15,Empty,36,200,2.5,3,0
91,0.46,1,28.66,44,993,0.57,16,Networking,38,200,1.5,4,1
119,0.59,24,31.49,45,1148,0.6,12,Empty,42,200,1.5,4,1
90,0.45,3,26.97,74,861,0.62,14,Empty,38,200,2.0,3,1
136,0.68,22,31.77,51,1268,0.73,9,Networking,37,200,2.0,1,1
150,0.75,22,31.87,43,1247,0.83,14,Empty,38,200,2.0,3,1
15,0.07,18,23.42,72,507,0.98,12,Networking,30,200,2.0,3,1
134,0.67,8,30.93,49,1167,0.66,10,Empty,35,200,1.5,2,1
131,0.66,17,28.43,52,1147,0.39,17,Lecture,30,200,1.5,3,1
2,0.01,8,24.88,40,417,0.51,15,Empty,37,200,2.5,4,0
197,0.98,9,33.05,67,1600,0.86,10,Lecture,39,200,2.5,1,1
131,0.66,0,31.0,43,1233,0.53,15,Empty,36,200,2.5,2,1
46,0.23,15,26.33,55,642,0.9,12,Empty,39,200,2.0,3,0
46,0.23,15,25.75,52,740,0.74,12,Empty,38,200,2.0,1,1
51,0.26,9,25.38,55,786,0.63,15,Lecture,29,200,2.0,2,0
30,0.15,11,26.58,41,588,0.83,18,Networking,40,200,1.5,1,0
33,0.17,21,25.89,65,533,0.28,18,Networking,38,200,2.0,4,0
3,0.01,18,25.47,67,495,0.36,18,Networking,41,200,2.0,1,0
31,0.15,24,24.0,61,584,0.85,14,Lecture,31,200,2.0,3,-1
90,0.45,2,26.3,68,957,0.89,9,Lecture,30,200,2.0,3,0
78,0.39,9,27.91,74,823,0.68,12,Lecture,38,200,1.5,4,1
187,0.94,6,32.08,67,1599,0.38,16,Networking,38,200,1.5,1,1
40,0.2,8,25.95,44,664,0.41,17,Empty,29,200,1.5,1,0
47,0.23,22,27.26,41,759,0.2,14,Lecture,36,200,2.0,1,1
13,0.07,0,25.31,52,464,0.44,18,Lecture,32,200,2.5,3,0
71,0.35,25,26.16,66,895,0.85,14,Empty,34,200,2.5,4,0
4,0.02,7,25.06,46,501,0.38,18,Lecture,42,200,2.0,3,0
115,0.57,25,29.64,66,1142,0.34,9,Lecture,32,200,2.5,3,1
66,0.33,13,27.15,40,796,0.67,9,Empty,41,200,2.5,4,1
153,0.77,9,32.3,65,1287,0.99,12,Networking,36,200,2.0,2,1
21,0.1,11,25.01,66,471,0.73,14,Networking,35,200,2.0,3,0
84,0.42,19,26.98,61,933,0.6,16,Networking,30,200,1.5,2,-1
61,0.3,25,26.06,54,701,0.75,17,Empty,29,200,1.5,4,1
129,0.65,1,30.52,67,1198,0.87,13,Lecture,39,200,2.5,4,1
111,0.56,12,28.17,56,1037,0.89,11,Lecture,34,200,2.5,1,1
172,0.86,21,32.19,66,1377,0.59,11,Networking,42,200,2.5,3,1
73,0.36,4,25.62,59,859,0.21,16,Lecture,29,200,2.5,3,1
149,0.74,12,30.08,46,1308,0.73,10,Empty,28,200,1.5,2,1
131,0.66,24,28.97,51,1185,0.52,14,Empty,38,200,2.5,3,1
189,0.94,9,33.37,58,1613,0.22,17,Networking,31,200,1.5,2,1
91,0.46,1,28.76,75,980,0.26,12,Empty,33,200,1.5,1,1
34,0.17,11,26.98,53,580,0.27,11,Lecture,39,200,2.5,1,0
189,0.94,22,31.11,60,1471,0.47,16,Networking,28,200,2.5,1,1
13,0.07,6,25.19,54,521,0.97,12,Empty,35,200,2.5,4,1
130,0.65,19,30.62,40,1131,0.53,11,Networking,28,200,2.0,4,1
188,0.94,1,33.84,59,1479,0.93,16,Empty,41,200,1.5,1,1
198,0.99,5,33.14,49,1666,0.36,10,Empty,42,200,1.5,2,1
111,0.56,17,29.74,58,1060,0.49,14,Lecture,38,200,2.0,4,1
161,0.81,23,32.55,60,1304,0.25,17,Empty,33,200,2.5,2,1
55,0.28,6,27.32,54,681,0.56,16,Networking,40,200,1.5,2,1
142,0.71,8,29.77,55,1239,0.68,11,Empty,36,200,2.0,4,1
65,0.33,20,26.58,54,846,0.57,16,Lecture,31,200,1.5,4,0
137,0.69,2,31.42,60,1297,0.47,14,Lecture,31,200,1.5,4,1
18,0.09,20,23.42,44,545,0.92,14,Empty,40,200,2.0,1,-1
137,0.69,15,30.11,65,1179,0.41,17,Empty,34,200,2.0,1,1
12,0.06,14,22.33,58,538,0.52,10,Lecture,32,200,1.5,3,-1
4,0.02,15,24.22,69,378,0.55,12,Lecture,38,200,2.5,2,0
90,0.45,25,26.27,65,1013,0.9,14,Empty,29,200,2.5,2,1
77,0.39,23,28.18,69,819,0.55,13,Networking,42,200,2.5,2,1
11,0.06,6,23.46,66,474,0.79,11,Networking,34,200,2.0,3,-1
188,0.94,14,34.37,42,1598,0.92,17,Networking,42,200,2.0,4,1
183,0.92,0,32.79,73,1564,0.95,9,Networking,37,200,2.5,1,1
4,0.02,10,24.87,71,380,0.44,14,Networking,33,200,1.5,1,1
19,0.1,13,25.41,64,585,0.64,12,Networking,37,200,2.0,2,-1
75,0.38,1,27.2,41,790,0.32,13,Empty,29,200,1.5,3,1
97,0.48,23,27.3,57,1059,0.72,11,Networking,30,200,2.0,2,1
95,0.47,16,26.49,73,1046,0.88,17,Lecture,28,200,2.5,1,1
87,0.43,23,27.75,45,936,0.43,9,Lecture,34,200,2.0,1,1
114,0.57,19,30.48,72,1017,0.68,13,Lecture,34,200,2.0,4,1
153,0.77,21,32.68,50,1387,0.39,14,Networking,36,200,2.5,2,1
26,0.13,9,24.17,72,600,0.81,13,Empty,33,200,2.0,3,1
137,0.69,3,29.97,64,1246,0.37,11,Networking,28,200,1.5,2,1
93,0.47,11,26.37,45,920,1.0,16,Lecture,30,200,1.5,2,0
105,0.53,4,27.24,50,1042,0.22,17,Lecture,30,200,2.5,3,1
198,0.99,21,34.49,63,1541,0.26,12,Lecture,32,200,1.5,3,1
180,0.9,6,32.51,40,1497,0.21,15,Empty,32,200,2.5,3,1
61,0.3,2,28.19,73,794,0.81,18,Empty,41,200,1.5,4,1
94,0.47,9,26.75,49,931,0.36,17,Networking,31,200,2.5,4,0
175,0.88,8,33.36,69,1390,0.61,11,Empty,37,200,1.5,4,1
12,0.06,4,22.63,48,478,0.31,16,Lecture,28,200,1.5,3,-1
36,0.18,11,25.68,55,629,0.49,14,Empty,36,200,2.5,4,1
18,0.09,24,22.81,54,491,0.69,14,Empty,34,200,2.5,1,-1
69,0.34,12,28.08,53,761,0.92,14,Networking,41,200,1.5,2,1
81,0.41,1,28.23,64,844,0.32,18,Lecture,30,200,1.5,3,1
98,0.49,24,27.34,41,1018,0.51,12,Empty,33,200,1.5,3,1
123,0.61,20,30.79,40,1193,0.99,13,Lecture,36,200,1.5,2,1
77,0.39,12,26.22,74,862,0.56,11,Networking,37,200,2.0,4,1
147,0.73,13,31.16,68,1348,0.7,9,Networking,42,200,1.5,3,1
128,0.64,16,29.08,74,1158,0.75,9,Networking,37,200,2.5,4,1
110,0.55,23,28.7,57,1116,0.98,14,Lecture,32,200,1.5,4,1
120,0.6,18,30.04,50,1130,0.36,18,Empty,33,200,1.5,4,1
146,0.73,16,32.24,50,1311,0.35,10,Lecture,41,200,1.5,1,1
68,0.34,16,25.95,66,733,0.46,16,Networking,30,200,2.0,1,0
195,0.97,20,34.15,43,1579,0.95,17,Empty,40,200,2.5,4,1
65,0.33,8,25.39,59,814,0.99,14,Lecture,33,200,1.5,3,0
96,0.48,15,26.91,68,928,0.53,13,Networking,35,200,1.5,2,0
51,0.26,15,26.44,69,757,0.41,16,Networking,39,200,2.0,3,0
72,0.36,8,28.6,41,814,0.21,13,Lecture,38,200,1.5,2,1
30,0.15,7,26.09,50,582,0.71,16,Empty,33,200,2.5,3,-1
144,0.72,18,30.97,68,1279,0.96,16,Networking,29,200,1.5,4,1
90,0.45,6,28.41,64,1009,0.21,11,Empty,42,200,1.5,3,1
123,0.61,2,29.24,66,1168,0.46,10,Empty,32,200,1.5,2,1
167,0.83,4,33.03,69,1355,0.37,17,Networking,34,200,2.5,4,1
153,0.77,8,33.02,44,1378,0.2,16,Empty,41,200,2.5,2,1
139,0.69,8,29.6,47,1224,0.83,9,Networking,33,200,2.0,4,1
142,0.71,22,29.53,68,1209,0.74,17,Empty,31,200,1.5,1,1
115,0.57,8,29.84,67,1023,0.97,16,Empty,37,200,2.5,3,1
47,0.23,25,25.1,57,715,0.86,13,Networking,37,200,2.0,3,0
149,0.74,13,30.74,70,1258,0.72,12,Lecture,39,200,2.5,3,1
93,0.47,5,29.7,42,964,0.51,11,Lecture,38,200,2.5,2,1
188,0.94,3,32.14,45,1468,0.77,9,Networking,32,200,2.0,3,1
2,0.01,0,24.21,66,424,0.23,16,Empty,33,200,2.5,1,0
182,0.91,7,31.59,42,1432,0.79,9,Lecture,32,200,1.5,1,1
6,0.03,2,24.31,64,387,0.41,16,Networking,36,200,1.5,3,-1
81,0.41,23,28.65,58,956,0.97,11,Lecture,41,200,2.5,3,1
113,0.56,16,27.58,41,1128,0.58,15,Empty,30,200,2.5,2,1
170,0.85,4,32.49,46,1425,0.75,18,Empty,39,200,1.5,3,1
24,0.12,24,24.72,63,573,0.6,15,Empty,34,200,2.5,1,1
52,0.26,25,24.14,75,773,0.25,16,Lecture,29,200,1.5,4,1
92,0.46,24,28.52,60,912,0.95,15,Empty,39,200,2.5,3,1
181,0.91,12,32.39,41,1511,0.95,12,Networking,33,200,1.5,3,1
157,0.79,22,31.08,56,1310,0.33,15,Empty,32,200,1.5,4,1
147,0.73,24,31.07,62,1357,0.85,12,Networking,37,200,1.5,1,1
91,0.46,9,28.82,50,910,0.6,13,Networking,30,200,2.0,4,1
71,0.35,5,27.55,58,824,0.83,15,Networking,39,200,2.5,2,1
68,0.34,21,28.03,63,884,0.53,18,Lecture,35,200,1.5,4,1
58,0.29,5,26.27,68,806,0.29,10,Networking,30,200,2.5,2,0
128,0.64,19,29.82,57,1247,0.6,10,Lecture,41,200,1.5,1,1
85,0.42,21,28.59,58,925,0.39,11,Lecture,32,200,2.5,4,1
91,0.46,22,26.88,74,873,0.36,11,Empty,33,200,2.5,1,1
56,0.28,22,25.52,45,779,0.32,18,Networking,36,200,2.5,1,0
151,0.76,4,31.13,64,1334,0.46,14,Lecture,38,200,2.5,2,1
48,0.24,15,25.24,65,681,0.75,9,Lecture,42,200,1.5,2,-1
52,0.26,25,26.79,62,660,0.9,11,Empty,37,200,2.0,1,-1
4,0.02,20,24.2,46,454,0.92,17,Lecture,42,200,2.0,3,-1
23,0.12,2,24.31,66,558,0.96,16,Networking,42,200,2.5,1,0
152,0.76,16,30.56,68,1241,0.58,16,Empty,30,200,2.5,3,1
180,0.9,22,32.39,65,1546,0.26,11,Empty,42,200,2.0,4,1
92,0.46,7,29.31,53,918,0.99,13,Empty,33,200,2.5,2,1
129,0.65,16,29.13,41,1247,0.97,9,Lecture,35,200,1.5,1,1
190,0.95,22,31.99,54,1555,0.27,9,Lecture,33,200,1.5,3,1
121,0.6,15,29.45,52,1130,0.93,14,Empty,30,200,2.0,3,1
76,0.38,3,28.5,61,821,0.78,10,Empty,37,200,1.5,2,1
102,0.51,23,29.16,41,972,1.0,18,Networking,40,200,2.5,3,1
71,0.35,7,26.89,65,833,0.56,12,Empty,29,200,1.5,3,0
11,0.06,21,25.32,65,432,0.84,15,Networking,38,200,2.5,2,1
173,0.86,25,31.51,50,1507,0.23,16,Networking,39,200,2.0,4,1
64,0.32,11,25.59,72,725,0.32,9,Empty,31,200,2.5,3,1
158,0.79,22,29.42,44,1417,0.88,9,Lecture,29,200,2.0,4,1
140,0.7,10,29.91,68,1197,0.69,11,Empty,42,200,2.0,3,1
135,0.68,8,31.4,66,1179,0.26,15,Networking,36,200,1.5,3,1
71,0.35,3,26.85,61,880,0.84,17,Empty,42,200,1.5,1,0
18,0.09,17,26.22,70,521,0.88,13,Empty,40,200,2.0,2,0
7,0.04,8,22.71,67,512,0.84,16,Networking,38,200,2.5,3,-1
93,0.47,20,28.7,62,1031,0.35,12,Empty,35,200,2.0,1,1
189,0.94,21,33.3,70,1583,0.44,9,Networking,30,200,2.0,4,1
146,0.73,17,31.76,52,1237,0.95,17,Lecture,36,200,1.5,4,1
64,0.32,4,27.03,64,840,0.91,17,Lecture,41,200,2.5,1,1
43,0.21,7,26.47,67,585,0.62,17,Lecture,32,200,2.5,2,0
109,0.55,2,28.36,41,1062,0.6,13,Lecture,42,200,2.0,1,1
52,0.26,3,26.27,72,727,0.81,15,Empty,32,200,1.5,3,1
154,0.77,22,31.47,65,1372,0.83,13,Networking,41,200,2.5,2,1
6,0.03,2,22.98,45,465,0.23,16,Empty,36,200,2.0,3,-1
15,0.07,0,26.0,72,422,0.95,16,Empty,41,200,2.5,3,1
144,0.72,7,30.49,67,1252,0.94,10,Networking,39,200,1.5,1,1
148,0.74,17,29.89,43,1253,0.4,12,Networking,35,200,2.0,1,1
60,0.3,19,27.86,59,798,0.9,15,Lecture,39,200,2.0,2,1
95,0.47,9,27.81,74,937,0.69,9,Networking,38,200,1.5,2,1
27,0.14,12,24.73,51,555,0.42,15,Networking,42,200,2.0,2,0
30,0.15,19,24.92,72,602,0.45,18,Networking,31,200,2.5,3,1
57,0.28,10,24.83,62,764,0.89,14,Networking,33,200,1.5,1,0
58,0.29,12,26.29,40,743,0.32,11,Lecture,31,200,2.5,2,0
19,0.1,1,24.94,51,451,0.94,11,Networking,29,200,2.5,4,0
163,0.81,25,33.52,53,1330,0.64,11,Empty,40,200,2.5,4,1
174,0.87,13,33.31,48,1416,0.35,10,Lecture,42,200,2.5,2,1
29,0.14,12,24.37,75,642,0.42,14,Empty,40,200,2.5,1,1
112,0.56,20,28.67,47,1114,0.65,9,Lecture,42,200,2.0,1,1
128,0.64,13,31.02,58,1189,0.52,12,Networking,39,200,2.0,2,1
82,0.41,2,28.8,63,933,0.44,16,Empty,40,200,1.5,4,1
91,0.46,7,26.28,58,1008,0.92,9,Networking,28,200,1.5,2,1
191,0.95,1,32.57,70,1604,0.91,11,Lecture,36,200,2.5,4,1
127,0.64,21,30.31,75,1209,0.31,12,Empty,42,200,2.5,1,1
164,0.82,7,30.82,64,1402,0.83,11,Lecture,41,200,1.5,1,1
165,0.82,7,31.84,41,1397,0.35,14,Empty,36,200,1.5,3,1
30,0.15,11,26.25,51,543,0.91,12,Networking,42,200,2.5,4,-1
5,0.03,24,24.55,71,463,0.95,16,Empty,39,200,1.5,1,1
108,0.54,0,29.47,62,1116,0.34,12,Networking,42,200,1.5,3,1
88,0.44,12,26.76,41,914,0.68,16,Empty,32,200,2.5,4,-1
171,0.85,14,32.21,74,1357,0.9,14,Lecture,39,200,1.5,1,1
115,0.57,20,29.15,40,1017,0.21,17,Networking,33,200,2.5,1,1
165,0.82,19,30.34,52,1418,0.41,12,Empty,30,200,2.0,3,1
58,0.29,9,25.82,42,791,0.89,13,Empty,32,200,2.0,2,1
68,0.34,5,27.31,40,882,0.51,18,Lecture,33,200,2.0,4,1
47,0.23,8,25.79,54,668,0.69,9,Networking,40,200,1.5,1,-1
141,0.7,24,29.83,45,1179,0.95,17,Empty,34,200,2.5,4,1
2,0.01,10,23.88,57,420,0.75,17,Lecture,28,200,2.0,3,-1
119,0.59,16,29.73,69,1046,0.95,10,Lecture,40,200,1.5,4,1
65,0.33,11,27.84,73,799,0.72,11,Networking,36,200,2.0,3,1
158,0.79,7,30.26,45,1375,0.97,17,Lecture,29,200,1.5,3,1
188,0.94,18,33.16,44,1471,0.3,17,Lecture,36,200,2.5,3,1
176,0.88,3,34.18,57,1506,0.33,11,Lecture,40,200,2.5,2,1
17,0.09,3,23.71,58,550,0.7,14,Empty,42,200,2.0,1,-1
15,0.07,8,23.52,61,421,0.3,12,Empty,28,200,2.0,2,-1
187,0.94,18,32.36,64,1510,0.35,16,Empty,38,200,2.5,4,1
13,0.07,20,22.48,52,476,0.47,15,Networking,32,200,2.0,4,-1
56,0.28,24,26.17,40,675,0.36,18,Lecture,29,200,2.5,3,1
189,0.94,14,32.94,42,1598,0.99,10,Lecture,34,200,2.0,2,1
136,0.68,18,32.01,59,1273,0.93,18,Empty,38,200,2.5,1,1
82,0.41,12,27.62,60,840,0.98,17,Lecture,42,200,1.5,3,1
128,0.64,5,30.6,71,1243,0.65,17,Empty,40,200,1.5,4,1
28,0.14,15,26.73,66,535,0.73,14,Networking,40,200,2.5,4,-1
7,0.04,5,23.17,60,378,0.89,14,Empty,41,200,2.0,3,-1
171,0.85,6,30.43,56,1348,0.62,18,Empty,32,200,2.0,3,1
14,0.07,21,25.46,48,482,0.38,9,Empty,36,200,1.5,4,1
64,0.32,8,26.54,42,785,0.54,18,Lecture,35,200,2.0,2,0
14,0.07,9,22.79,41,450,0.32,11,Empty,35,200,2.5,4,-1
137,0.69,3,29.32,55,1142,0.64,14,Networking,39,200,2.5,4,1
11,0.06,16,25.26,43,481,0.53,14,Networking,40,200,1.5,4,0
117,0.58,16,30.84,44,1156,0.92,12,Empty,37,200,2.0,1,1
71,0.35,22,25.68,55,773,0.79,13,Networking,29,200,2.0,4,0
150,0.75,24,30.64,70,1278,0.83,18,Lecture,38,200,2.5,4,1
41,0.2,16,25.64,41,587,0.8,13,Empty,28,200,1.5,2,-1
180,0.9,7,32.03,40,1439,0.6,18,Lecture,42,200,2.0,1,1
161,0.81,19,31.67,55,1420,0.32,17,Networking,39,200,1.5,3,1
79,0.4,23,25.6,57,952,0.92,13,Lecture,29,200,2.5,1,0
162,0.81,22,32.25,53,1370,0.76,14,Empty,33,200,2.5,2,1
114,0.57,21,28.33,48,1161,0.79,14,Networking,30,200,1.5,2,1
66,0.33,17,27.66,72,872,0.43,11,Empty,37,200,2.5,3,1
73,0.36,21,27.39,44,867,1.0,16,Lecture,42,200,1.5,2,1
58,0.29,12,27.09,58,675,0.35,11,Empty,35,200,2.5,3,1
128,0.64,6,29.94,62,1108,0.95,13,Networking,34,200,2.5,3,1
36,0.18,25,26.9,65,662,0.46,13,Networking,40,200,2.5,1,0
63,0.32,3,27.3,46,791,0.4,18,Networking,36,200,2.0,2,1
19,0.1,20,24.74,64,542,0.43,11,Empty,30,200,2.0,2,0
169,0.84,11,30.2,71,1462,0.9,9,Empty,32,200,1.5,4,1
91,0.46,23,27.83,73,878,0.54,12,Empty,37,200,1.5,2,1
72,0.36,2,27.42,51,825,0.71,11,Lecture,32,200,1.5,2,1
153,0.77,17,29.7,73,1363,0.99,9,Lecture,31,200,2.5,2,1
74,0.37,24,26.54,70,771,0.7,17,Networking,30,200,2.5,2,0
91,0.46,3,28.11,71,874,0.95,13,Lecture,39,200,2.5,1,1
47,0.23,1,26.92,55,753,0.41,18,Empty,39,200,1.5,3,0
104,0.52,15,28.78,59,1035,0.76,15,Empty,32,200,2.5,2,1
96,0.48,1,30.11,41,979,0.41,15,Lecture,39,200,2.0,3,1
39,0.2,10,25.99,53,605,0.43,13,Empty,38,200,1.5,2,0
169,0.84,2,32.29,56,1474,0.44,13,Networking,41,200,2.0,1,1
172,0.86,16,32.43,66,1444,0.78,16,Networking,32,200,1.5,1,1
90,0.45,8,27.47,49,929,0.76,11,Empty,39,200,2.5,1,1
146,0.73,16,31.05,55,1316,0.71,14,Empty,31,200,2.5,4,1
150,0.75,9,31.61,65,1245,0.59,16,Empty,35,200,2.0,4,1
101,0.51,9,29.1,72,962,0.65,18,Networking,41,200,2.5,3,1
53,0.27,15,25.26,54,679,0.27,10,Networking,32,200,2.0,3,0
185,0.93,16,32.95,71,1523,0.49,13,Networking,37,200,2.5,4,1
46,0.23,18,26.39,46,610,0.45,12,Networking,38,200,2.0,1,0
16,0.08,4,25.45,41,558,0.92,17,Empty,41,200,1.5,3,-1
98,0.49,9,27.44,43,1051,0.59,13,Networking,29,200,1.5,3,1
178,0.89,5,34.05,68,1442,0.4,13,Lecture,39,200,2.0,1,1
175,0.88,19,33.59,48,1498,0.95,15,Empty,37,200,2.0,2,1
101,0.51,21,29.31,73,1065,0.32,13,Empty,33,200,1.5,1,1
51,0.26,16,27.94,42,656,0.49,15,Networking,41,200,2.0,2,1
135,0.68,9,31.92,66,1214,0.34,9,Networking,42,200,1.5,3,1
38,0.19,21,26.01,40,641,0.92,15,Empty,39,200,2.5,2,-1
24,0.12,2,24.65,53,621,0.87,17,Empty,30,200,2.0,3,0
144,0.72,16,29.79,53,1190,0.8,18,Empty,40,200,2.5,1,1
143,0.71,23,31.17,40,1211,0.86,9,Empty,30,200,2.0,2,1
48,0.24,17,24.51,55,670,0.96,17,Lecture,35,200,2.0,3,0
92,0.46,19,28.12,41,934,0.32,10,Networking,29,200,2.5,3,1
76,0.38,8,26.91,61,923,0.79,18,Empty,33,200,2.5,3,0
135,0.68,19,28.08,55,1207,0.88,16,Empty,28,200,1.5,3,1
162,0.81,10,30.68,41,1366,0.8,12,Lecture,39,200,2.5,1,1
66,0.33,8,27.88,54,781,0.76,9,Lecture,42,200,2.5,4,1
66,0.33,25,26.51,71,855,0.85,14,Empty,38,200,1.5,1,1
165,0.82,5,31.73,47,1408,0.32,10,Empty,36,200,2.0,4,1
32,0.16,7,26.28,65,516,0.27,12,Networking,39,200,1.5,1,0
192,0.96,7,34.28,67,1505,0.44,13,Lecture,42,200,1.5,4,1
15,0.07,24,23.86,59,424,0.42,12,Lecture,42,200,2.5,2,-1
122,0.61,8,30.09,53,1058,0.48,16,Networking,36,200,2.5,1,1
156,0.78,4,32.77,59,1333,0.61,14,Empty,38,200,1.5,2,1
80,0.4,10,28.67,74,821,0.3,14,Lecture,34,200,1.5,2,1
173,0.86,15,31.14,51,1509,0.79,15,Networking,39,200,2.5,4,1
179,0.9,9,32.7,48,1491,0.48,9,Empty,37,200,1.5,1,1
104,0.52,1,30.48,73,1001,0.91,9,Lecture,40,200,1.5,3,1
112,0.56,2,28.52,42,1022,0.86,13,Networking,40,200,2.5,1,1
199,0.99,5,33.32,60,1551,0.2,10,Lecture,37,200,2.0,4,1
72,0.36,12,26.52,75,795,0.44,12,Networking,32,200,2.5,1,1
48,0.24,25,27.98,41,634,0.96,15,Networking,42,200,2.0,3,1
149,0.74,23,30.53,45,1271,0.76,12,Lecture,31,200,2.0,1,1
152,0.76,21,30.25,45,1353,0.32,9,Networking,41,200,2.5,4,1
1,0.01,4,22.43,57,401,0.99,17,Networking,37,200,2.0,1,-1
188,0.94,6,33.1,60,1523,0.26,9,Empty,29,200,2.5,4,1
3,0.01,3,23.11,49,348,0.31,18,Empty,40,200,2.0,1,-1
3,0.01,11,23.06,61,344,0.69,14,Networking,39,200,2.5,3,-1
125,0.62,8,29.24,50,1074,0.42,13,Lecture,32,200,2.5,3,1
146,0.73,25,30.34,72,1350,0.31,9,Lecture,41,200,2.5,4,1
146,0.73,16,30.14,60,1308,0.46,12,Empty,28,200,1.5,3,1
158,0.79,6,33.05,45,1371,0.31,11,Networking,37,200,2.0,2,1
5,0.03,5,24.67,40,389,0.89,10,Empty,38,200,1.5,3,0
141,0.7,22,31.82,64,1184,0.29,13,Empty,42,200,2.0,1,1
56,0.28,7,26.51,57,751,0.8,9,Empty,34,200,2.0,3,0
111,0.56,17,28.95,48,1026,0.74,17,Lecture,31,200,1.5,3,1
193,0.96,20,31.29,41,1593,0.45,9,Lecture,28,200,2.5,2,1
175,0.88,6,32.18,50,1517,0.62,18,Empty,38,200,2.5,2,1
133,0.67,3,29.04,55,1217,0.66,13,Networking,38,200,1.5,3,1
29,0.14,14,25.98,41,592,0.77,11,Networking,40,200,2.0,1,0
120,0.6,14,28.68,63,1106,0.77,10,Networking,34,200,2.5,3,1
197,0.98,3,34.6,63,1596,0.57,18,Networking,38,200,1.5,3,1
58,0.29,3,26.31,50,736,0.44,16,Empty,28,200,2.5,3,0
111,0.56,10,28.52,44,1011,0.26,12,Networking,42,200,2.5,4,1
181,0.91,8,32.96,50,1544,0.81,17,Empty,39,200,2.0,1,1
120,0.6,4,29.49,48,1150,0.25,11,Empty,37,200,1.5,4,1
35,0.17,8,24.46,49,649,0.58,15,Networking,36,200,1.5,2,1
122,0.61,0,29.76,60,1161,0.29,13,Empty,34,200,2.0,1,1
186,0.93,16,34.52,58,1564,0.22,13,Lecture,41,200,2.0,1,1
181,0.91,6,31.63,46,1495,0.5,13,Lecture,33,200,1.5,1,1
158,0.79,16,31.67,48,1413,0.2,14,Lecture,40,200,2.0,3,1
38,0.19,22,27.03,72,616,0.36,18,Empty,40,200,2.0,3,1
56,0.28,19,25.46,58,787,0.53,14,Empty,39,200,1.5,2,1
6,0.03,20,24.28,55,424,0.75,16,Lecture,38,200,1.5,1,1
150,0.75,4,32.02,51,1250,0.84,15,Empty,40,200,2.5,4,1
145,0.72,17,32.3,67,1350,0.22,17,Empty,38,200,2.5,4,1
18,0.09,13,24.03,64,528,0.26,18,Empty,36,200,2.0,1,0
60,0.3,1,26.61,54,775,0.59,11,Lecture,41,200,2.5,2,0
31,0.15,1,24.41,48,648,0.57,9,Networking,36,200,2.5,3,0
195,0.97,2,32.55,63,1626,0.24,15,Networking,35,200,2.0,3,1
139,0.69,13,28.87,58,1168,0.86,13,Empty,32,200,2.5,3,1
68,0.34,13,25.47,64,798,0.99,16,Lecture,28,200,2.5,2,1
145,0.72,10,31.36,42,1212,0.86,15,Lecture,29,200,2.0,3,1
68,0.34,23,25.95,71,849,0.31,14,Networking,31,200,1.5,3,1
183,0.92,11,32.76,59,1531,0.97,18,Empty,29,200,1.5,3,1
15,0.07,2,23.42,48,459,0.65,10,Empty,40,200,2.0,3,-1
73,0.36,10,27.48,55,804,0.78,9,Lecture,41,200,2.5,1,1
31,0.15,1,26.72,58,595,0.73,13,Networking,40,200,2.0,1,1
40,0.2,24,24.02,46,578,0.63,10,Empty,34,200,2.0,4,0
34,0.17,13,23.82,58,653,0.7,18,Networking,34,200,2.0,2,-1
119,0.59,21,28.27,69,1112,0.41,10,Networking,36,200,2.0,2,1
17,0.09,9,24.87,50,506,0.52,12,Networking,37,200,2.5,4,0
67,0.34,10,25.73,51,797,0.64,15,Networking,28,200,1.5,3,0
195,0.97,9,33.9,43,1501,0.44,12,Networking,36,200,2.0,3,1
172,0.86,18,32.82,68,1367,0.72,17,Networking,39,200,1.5,4,1
197,0.98,11,32.46,46,1636,0.58,14,Lecture,31,200,2.5,4,1
11,0.06,16,24.18,71,426,0.65,14,Lecture,35,200,1.5,4,1
98,0.49,13,28.2,64,1008,0.79,14,Empty,28,200,2.5,3,1
141,0.7,10,30.35,58,1315,0.36,12,Lecture,39,200,2.5,2,1
182,0.91,11,34.56,49,1473,0.86,11,Lecture,42,200,1.5,2,1
49,0.24,22,27.27,59,746,0.21,17,Lecture,41,200,2.5,4,1
145,0.72,11,29.8,40,1340,0.55,13,Empty,31,200,1.5,4,1
81,0.41,1,25.77,56,936,0.53,16,Empty,31,200,1.5,1,0
177,0.89,4,32.39,72,1514,0.83,13,Networking,33,200,1.5,2,1
146,0.73,15,30.04,66,1246,0.53,12,Lecture,40,200,2.0,2,1
3,0.01,14,23.98,46,479,0.5,14,Empty,36,200,2.5,4,-1
78,0.39,14,28.62,63,945,0.54,17,Empty,33,200,1.5,1,1
109,0.55,14,27.61,53,1119,0.74,9,Lecture,34,200,2.0,4,1
169,0.84,14,32.38,48,1461,0.46,11,Lecture,39,200,2.0,4,1
69,0.34,19,27.2,54,735,0.31,12,Empty,36,200,2.5,3,1
12,0.06,25,25.68,55,522,0.62,14,Empty,37,200,2.0,2,0
188,0.94,2,31.39,69,1603,0.94,11,Networking,32,200,2.5,2,1
65,0.33,0,28.48,69,729,0.94,16,Lecture,42,200,2.0,2,1
27,0.14,13,25.71,48,561,0.75,13,Lecture,30,200,2.0,1,0
161,0.81,5,32.36,60,1293,0.87,17,Lecture,36,200,2.0,4,1
94,0.47,13,28.73,60,1021,0.69,15,Networking,32,200,2.0,4,1
155,0.78,2,29.85,63,1314,0.63,11,Lecture,32,200,2.0,1,1
191,0.95,2,31.74,66,1620,0.92,12,Empty,35,200,2.0,3,1
21,0.1,0,23.38,63,564,0.36,11,Lecture,32,200,2.5,4,-1
62,0.31,4,27.24,61,806,0.89,17,Networking,32,200,2.0,4,1
16,0.08,16,23.92,49,572,0.65,9,Empty,40,200,2.5,2,-1
45,0.23,5,24.09,63,629,0.69,9,Empty,31,200,1.5,2,0
133,0.67,23,30.9,50,1227,0.46,9,Networking,37,200,1.5,4,1
112,0.56,20,28.86,70,1046,0.92,11,Empty,28,200,2.5,1,1
41,0.2,20,26.09,42,647,0.54,12,Lecture,29,200,2.0,2,1
178,0.89,2,31.91,41,1518,0.73,9,Empty,30,200,2.5,4,1
36,0.18,20,26.95,58,612,0.68,17,Lecture,41,200,2.5,1,0
111,0.56,16,28.22,62,1107,0.93,12,Empty,35,200,1.5,1,1
154,0.77,19,30.8,72,1381,0.82,14,Lecture,32,200,1.5,2,1
57,0.28,20,26.49,62,696,0.69,15,Networking,31,200,2.5,3,1
109,0.55,17,28.44,68,1119,0.97,13,Networking,42,200,2.0,3,1
198,0.99,2,33.18,60,1567,0.34,11,Lecture,36,200,2.5,4,1
177,0.89,4,32.22,61,1486,0.66,13,Lecture,30,200,1.5,3,1
155,0.78,23,32.08,45,1395,0.69,17,Networking,39,200,2.5,2,1
2,0.01,0,22.7,40,470,0.5,16,Lecture,29,200,2.5,3,-1
1,0.01,0,24.19,56,426,0.98,17,Empty,29,200,2.5,2,0
200,1.0,4,32.59,57,1587,0.34,16,Networking,33,200,2.5,4,1
23,0.12,21,25.15,67,515,0.79,14,Lecture,41,200,2.0,1,0
4,0.02,8,23.61,69,349,0.28,10,Empty,29,200,1.5,2,-1
175,0.88,11,32.69,60,1384,0.28,17,Networking,37,200,1.5,1,1
116,0.58,13,28.5,49,1072,0.31,14,Lecture,40,200,2.0,2,1
89,0.45,20,27.59,67,972,0.55,13,Lecture,32,200,1.5,4,1
49,0.24,6,26.86,69,730,0.52,15,Empty,33,200,1.5,1,0
45,0.23,16,24.53,50,609,0.63,14,Networking,33,200,2.0,4,0
179,0.9,0,33.42,65,1545,0.76,12,Empty,37,200,2.5,1,1
157,0.79,16,29.95,42,1338,0.68,14,Lecture,28,200,2.0,1,1
127,0.64,17,28.3,43,1084,0.46,16,Empty,29,200,1.5,2,1
175,0.88,4,33.92,46,1437,0.59,9,Empty,39,200,2.0,2,1
4,0.02,11,22.54,57,497,0.38,18,Lecture,30,200,2.0,4,-1
94,0.47,19,27.48,69,963,0.63,18,Networking,39,200,1.5,3,1
18,0.09,19,25.13,70,434,0.56,18,Empty,39,200,2.5,1,0
149,0.74,6,31.47,73,1365,0.66,17,Empty,37,200,1.5,3,1
32,0.16,16,23.2,55,550,0.32,12,Empty,29,200,2.5,4,-1
195,0.97,3,32.42,55,1588,0.85,14,Empty,34,200,1.5,2,1
63,0.32,8,26.63,66,794,0.8,16,Empty,32,200,2.0,4,-1
73,0.36,16,28.17,50,782,0.66,11,Lecture,41,200,2.5,4,1
46,0.23,17,26.34,53,659,0.35,16,Networking,42,200,2.5,4,1
102,0.51,2,29.03,64,1044,0.79,18,Lecture,34,200,2.5,2,1
47,0.23,18,26.35,47,640,0.6,15,Networking,29,200,2.5,2,1
46,0.23,3,24.19,45,752,0.64,11,Networking,29,200,1.5,1,0
63,0.32,5,26.57,58,756,0.46,16,Lecture,28,200,2.5,2,0
18,0.09,13,23.61,74,428,0.77,17,Empty,40,200,1.5,2,1
42,0.21,13,25.84,47,583,0.59,13,Networking,37,200,2.0,3,1
193,0.96,19,31.9,57,1595,0.28,10,Networking,37,200,2.0,4,1
32,0.16,1,24.85,73,657,0.56,11,Networking,35,200,2.5,1,1
41,0.2,23,24.63,53,573,0.54,11,Networking,29,200,1.5,2,0
178,0.89,2,34.03,52,1508,0.8,11,Lecture,41,200,2.5,4,1
32,0.16,24,24.6,52,628,0.43,9,Empty,31,200,2.5,3,0
104,0.52,21,28.91,53,984,0.25,11,Networking,39,200,2.0,4,1
36,0.18,21,25.99,75,566,0.45,12,Empty,40,200,2.0,3,1
0,0.0,13,25.06,75,418,0.67,12,Empty,41,200,2.0,2,1
199,0.99,6,34.41,53,1516,0.4,10,Empty,35,200,1.5,3,1
96,0.48,0,27.43,57,958,0.21,17,Empty,31,200,1.5,4,1
157,0.79,6,30.56,69,1303,0.65,12,Networking,37,200,1.5,4,1
24,0.12,18,24.98,53,547,0.9,9,Lecture,37,200,1.5,2,0
71,0.35,23,26.36,52,761,0.93,11,Networking,33,200,2.0,1,0
2,0.01,1,23.35,51,488,0.25,10,Networking,40,200,2.5,4,-1
62,0.31,21,26.61,69,692,0.81,11,Lecture,39,200,1.5,4,-1
11,0.06,15,22.87,59,421,0.99,16,Networking,34,200,1.5,4,-1
74,0.37,12,28.58,70,864,0.55,14,Empty,42,200,2.5,3,1
181,0.91,9,33.79,49,1563,0.73,15,Networking,37,200,1.5,1,1
57,0.28,7,26.94,61,696,0.95,16,Networking,40,200,2.5,4,0
189,0.94,1,32.14,75,1588,0.62,11,Networking,32,200,1.5,1,1
54,0.27,25,26.95,46,744,0.79,9,Empty,30,200,1.5,3,1
142,0.71,7,30.16,41,1215,0.33,17,Lecture,29,200,2.0,3,1
14,0.07,21,23.41,45,406,0.43,13,Lecture,30,200,2.0,3,-1
42,0.21,22,25.21,55,655,0.7,10,Empty,41,200,2.5,3,0
181,0.91,0,32.57,53,1412,0.69,13,Lecture,35,200,1.5,3,1
35,0.17,19,25.29,74,554,0.37,17,Empty,42,200,2.5,2,1
38,0.19,7,25.29,53,666,0.92,16,Networking,28,200,1.5,2,0
197,0.98,11,34.52,50,1653,0.45,10,Empty,32,200,2.5,1,1
51,0.26,23,26.9,55,730,0.24,9,Empty,41,200,2.0,1,1
105,0.53,17,29.3,59,979,0.87,12,Networking,40,200,1.5,3,1
90,0.45,0,26.7,49,938,0.8,12,Networking,29,200,2.5,2,0
194,0.97,12,31.72,51,1559,0.98,12,Empty,29,200,2.0,2,1
42,0.21,6,24.2,64,582,0.7,13,Lecture,34,200,2.5,2,0
86,0.43,14,26.82,72,969,0.72,10,Empty,31,200,2.5,2,1
192,0.96,19,31.99,63,1631,0.31,13,Lecture,36,200,2.5,2,1
88,0.44,21,28.97,71,980,0.4,18,Lecture,40,200,2.5,3,1
166,0.83,12,32.66,68,1416,0.68,12,Empty,31,200,2.0,3,1
9,0.04,16,24.38,43,511,0.52,15,Empty,32,200,1.5,4,0
41,0.2,21,26.84,56,695,0.72,12,Empty,40,200,2.0,2,-1
181,0.91,23,32.49,68,1458,0.21,13,Empty,30,200,2.5,1,1
135,0.68,15,30.79,46,1160,0.32,16,Empty,40,200,2.0,1,1
102,0.51,22,28.88,56,976,0.72,15,Empty,32,200,2.5,3,1
174,0.87,20,32.97,56,1426,0.99,12,Lecture,37,200,2.5,4,1
41,0.2,14,24.56,75,703,0.59,14,Networking,37,200,2.5,3,1
121,0.6,10,29.47,43,1053,0.36,15,Networking,32,200,2.0,1,1
28,0.14,22,23.29,68,604,0.48,18,Networking,30,200,2.0,2,-1
45,0.23,16,24.46,70,695,0.48,12,Networking,33,200,2.5,1,1
99,0.49,20,27.74,40,995,0.94,18,Networking,37,200,1.5,4,1
21,0.1,8,26.08,50,507,0.58,16,Networking,41,200,2.0,2,0
135,0.68,22,31.09,41,1274,0.53,14,Lecture,41,200,2.0,3,1
155,0.78,8,31.19,40,1258,0.69,10,Lecture,34,200,1.5,1,1
84,0.42,25,28.27,42,966,0.49,12,Networking,36,200,2.0,3,1
105,0.53,6,27.19,51,1071,0.65,13,Lecture,28,200,1.5,4,1
71,0.35,7,26.01,50,749,0.79,16,Empty,32,200,2.0,3,1
46,0.23,6,25.78,74,625,0.4,12,Empty,40,200,1.5,1,1
71,0.35,16,27.46,55,901,0.47,16,Lecture,38,200,2.0,2,1
10,0.05,8,25.59,75,398,0.33,13,Lecture,42,200,2.0,4,1
34,0.17,21,24.39,53,682,0.79,16,Lecture,40,200,1.5,2,0
137,0.69,19,29.55,63,1186,0.84,12,Empty,41,200,2.5,4,1
27,0.14,4,24.26,53,618,0.57,13,Networking,34,200,2.5,3,0
60,0.3,23,25.51,66,794,0.91,18,Empty,31,200,2.5,3,-1
103,0.52,14,28.34,53,974,0.31,15,Empty,32,200,2.0,4,1
2,0.01,2,22.83,41,489,0.43,9,Networking,33,200,2.0,1,-1
75,0.38,20,25.99,54,925,0.74,17,Lecture,33,200,2.0,2,0
129,0.65,9,31.49,43,1145,0.22,15,Networking,37,200,2.0,1,1
51,0.26,2,26.15,64,782,0.39,12,Networking,40,200,2.0,4,0
135,0.68,19,29.21,54,1194,0.32,11,Networking,31,200,1.5,1,1
162,0.81,4,31.87,42,1330,0.37,15,Lecture,33,200,2.5,4,1
58,0.29,5,26.06,41,743,0.38,13,Lecture,34,200,1.5,1,0
186,0.93,8,33.98,64,1596,0.97,11,Empty,32,200,2.0,2,1
135,0.68,24,29.84,72,1194,0.34,9,Lecture,30,200,2.0,1,1
180,0.9,16,34.32,56,1407,0.85,11,Lecture,41,200,2.0,1,1
128,0.64,14,28.32,40,1210,0.9,9,Empty,31,200,1.5,4,1
184,0.92,2,33.38,61,1504,0.71,15,Networking,34,200,2.5,1,1
170,0.85,9,30.39,40,1438,0.52,10,Empty,32,200,2.5,4,1
20,0.1,5,25.64,61,466,0.69,9,Networking,32,200,1.5,4,0
20,0.1,18,23.03,43,528,0.96,15,Networking,33,200,2.5,3,-1
94,0.47,13,29.99,60,922,0.83,17,Empty,41,200,1.5,3,1
105,0.53,5,28.15,73,1088,0.85,18,Lecture,29,200,2.0,1,1
15,0.07,1,23.07,55,420,0.76,10,Lecture,35,200,1.5,3,-1
121,0.6,12,27.83,55,1193,0.66,15,Networking,30,200,2.5,1,1
31,0.15,15,26.38,48,544,0.57,9,Lecture,41,200,1.5,4,0
145,0.72,7,30.79,60,1326,0.47,9,Lecture,38,200,2.0,1,1
185,0.93,12,33.38,60,1454,0.25,12,Lecture,40,200,1.5,4,1
169,0.84,16,33.36,45,1406,0.97,10,Empty,37,200,2.5,3,1
132,0.66,24,28.41,70,1136,0.59,11,Empty,31,200,1.5,2,1
126,0.63,23,28.93,44,1135,0.44,18,Empty,40,200,1.5,3,1
95,0.47,21,27.37,49,893,0.92,10,Networking,34,200,1.5,4,1
119,0.59,14,29.91,48,1111,0.26,11,Empty,38,200,2.5,4,1
128,0.64,14,28.47,61,1181,0.85,13,Lecture,29,200,2.0,4,1
64,0.32,24,25.61,60,773,0.22,11,Lecture,36,200,2.5,1,0
166,0.83,23,32.6,54,1395,0.72,17,Lecture,40,200,2.0,2,1
45,0.23,22,26.48,51,720,0.58,14,Lecture,32,200,2.0,3,1
11,0.06,19,23.31,40,484,0.79,16,Lecture,38,200,2.0,4,-1
40,0.2,9,25.87,55,709,0.56,18,Networking,37,200,1.5,1,1
81,0.41,8,27.42,71,825,0.29,16,Lecture,38,200,2.5,1,1
131,0.66,10,30.31,51,1111,0.49,14,Empty,31,200,1.5,2,1
131,0.66,22,29.57,53,1183,0.41,15,Lecture,39,200,2.0,4,1
6,0.03,6,23.6,60,450,0.91,9,Lecture,30,200,1.5,1,-1
87,0.43,12,27.42,61,967,0.37,17,Networking,41,200,1.5,4,1
134,0.67,22,30.26,42,1241,0.73,10,Empty,30,200,1.5,2,1
184,0.92,4,33.05,47,1581,0.81,16,Lecture,32,200,1.5,4,1
35,0.17,20,25.26,46,597,0.57,11,Lecture,33,200,2.0,1,0
97,0.48,19,28.87,72,940,0.39,13,Lecture,31,200,2.5,3,1
172,0.86,21,31.29,57,1403,0.9,10,Lecture,28,200,2.5,2,1
86,0.43,18,28.94,69,957,0.54,18,Networking,40,200,2.5,3,1
133,0.67,4,31.74,49,1134,0.53,13,Networking,37,200,2.0,3,1
94,0.47,21,28.81,66,1004,0.98,15,Networking,34,200,2.5,3,1
184,0.92,6,31.5,51,1511,0.58,18,Lecture,33,200,1.5,1,1
71,0.35,5,26.07,59,755,0.66,15,Empty,35,200,2.0,4,-1
2,0.01,21,24.92,48,475,0.63,16,Networking,35,200,2.5,3,-1
12,0.06,25,24.49,68,495,0.54,10,Networking,34,200,2.5,4,0
161,0.81,5,31.17,50,1423,0.76,9,Networking,34,200,2.0,1,1
33,0.17,16,25.0,65,524,0.84,18,Lecture,28,200,2.0,2,-1
169,0.84,6,31.01,47,1355,0.37,16,Networking,38,200,1.5,2,1
42,0.21,8,23.83,58,638,0.51,9,Networking,30,200,2.0,2,-1
129,0.65,22,29.77,71,1109,0.27,10,Networking,40,200,1.5,1,1
143,0.71,15,31.6,70,1336,0.3,12,Lecture,33,200,2.0,4,1
171,0.85,20,31.39,52,1471,0.21,9,Lecture,34,200,2.0,1,1
39,0.2,11,26.19,73,652,0.49,14,Lecture,28,200,2.5,3,1
106,0.53,15,28.52,48,1106,0.28,16,Lecture,34,200,2.0,4,1
153,0.77,3,30.61,40,1327,0.28,12,Networking,40,200,1.5,4,1
190,0.95,3,32.61,50,1483,0.91,10,Networking,32,200,2.0,3,1
165,0.82,5,31.35,58,1380,0.31,16,Empty,35,200,2.0,1,1
102,0.51,7,30.17,45,946,0.63,14,Empty,41,200,2.0,1,1
35,0.17,20,24.28,69,681,0.9,11,Lecture,38,200,1.5,1,0
96,0.48,10,27.08,63,919,0.69,14,Empty,37,200,1.5,1,1
64,0.32,15,26.2,55,769,0.49,14,Networking,39,200,2.0,2,1
198,0.99,9,32.48,51,1626,0.32,13,Networking,32,200,2.0,2,1
85,0.42,18,27.96,40,983,0.8,9,Networking,39,200,2.5,1,1
119,0.59,16,28.59,56,1090,0.2,11,Lecture,33,200,2.0,4,1
94,0.47,20,26.92,42,1031,0.84,17,Empty,31,200,1.5,3,1
21,0.1,24,23.57,43,534,0.5,15,Networking,40,200,2.0,4,-1
138,0.69,25,30.93,41,1254,0.97,17,Networking,41,200,2.5,4,1
123,0.61,1,29.11,58,1185,0.65,18,Empty,41,200,2.5,1,1
91,0.46,6,26.1,72,1023,0.9,12,Empty,29,200,2.5,1,1
184,0.92,5,31.79,67,1487,0.31,9,Empty,36,200,2.0,1,1
124,0.62,24,29.23,40,1078,0.82,14,Networking,29,200,2.0,1,1
11,0.06,19,24.86,52,421,0.71,18,Lecture,39,200,1.5,4,0
152,0.76,11,31.85,54,1313,0.45,12,Lecture,33,200,2.0,2,1
130,0.65,5,28.75,53,1136,0.54,13,Networking,37,200,2.5,1,1
96,0.48,18,29.26,73,980,0.29,13,Networking,33,200,2.5,3,1
188,0.94,11,34.36,42,1593,0.59,14,Empty,38,200,2.5,1,1
3,0.01,3,24.33,40,418,0.92,13,Empty,36,200,2.5,2,0
23,0.12,2,23.28,44,572,0.43,14,Lecture,30,200,1.5,1,-1
104,0.52,13,27.9,40,1096,0.3,13,Networking,30,200,1.5,2,1
96,0.48,23,29.12,62,928,0.88,10,Networking,42,200,2.0,4,1
106,0.53,7,29.12,44,1046,0.83,12,Empty,35,200,1.5,3,1
162,0.81,15,31.28,45,1436,0.95,12,Empty,39,200,1.5,4,1
50,0.25,14,25.54,65,718,0.29,16,Networking,28,200,1.5,2,0
5,0.03,14,24.48,73,462,0.77,14,Lecture,36,200,1.5,3,1
14,0.07,19,25.47,60,541,0.81,13,Empty,35,200,1.5,1,0
108,0.54,25,30.12,55,1102,0.37,16,Empty,36,200,2.0,2,1
157,0.79,1,30.82,70,1330,0.7,18,Lecture,37,200,2.5,3,1
66,0.33,14,26.44,44,854,0.67,18,Empty,38,200,2.0,2,0
111,0.56,8,27.08,46,994,0.96,10,Networking,30,200,1.5,3,1
45,0.23,3,25.1,53,635,0.29,10,Lecture,41,200,1.5,4,-1
119,0.59,11,28.17,48,1114,0.88,18,Networking,37,200,2.5,4,1
44,0.22,17,24.4,60,709,0.43,17,Lecture,28,200,1.5,2,0
50,0.25,0,27.81,57,717,0.65,17,Lecture,39,200,2.0,2,1
93,0.47,7,28.6,68,918,0.7,13,Empty,30,200,2.0,2,1
105,0.53,16,29.67,45,1037,0.57,15,Networking,39,200,1.5,3,1
40,0.2,15,23.36,43,560,0.9,10,Lecture,28,200,2.5,4,-1
186,0.93,6,33.83,61,1585,0.88,12,Lecture,38,200,1.5,4,1
119,0.59,20,30.07,70,1165,0.44,18,Lecture,35,200,2.5,4,1
170,0.85,0,30.44,65,1445,0.7,9,Lecture,34,200,2.5,3,1
176,0.88,6,30.66,69,1393,0.81,11,Empty,30,200,2.5,2,1
101,0.51,5,27.4,63,1003,0.43,13,Empty,37,200,2.5,2,1
34,0.17,7,23.54,43,586,0.68,13,Networking,33,200,2.5,4,-1
136,0.68,17,30.45,64,1207,0.3,17,Empty,38,200,2.0,1,1
89,0.45,24,26.47,67,953,0.36,13,Networking,31,200,2.0,3,0
77,0.39,10,27.06,45,934,0.68,13,Networking,34,200,1.5,1,1
24,0.12,23,25.9,69,500,0.42,14,Networking,42,200,2.0,3,1
138,0.69,10,30.79,43,1284,0.77,15,Networking,42,200,2.0,2,1
47,0.23,23,25.24,54,690,0.3,15,Empty,30,200,2.5,1,-1
186,0.93,4,31.72,72,1537,0.55,18,Empty,36,200,2.0,1,1
114,0.57,14,29.75,70,1099,0.37,11,Empty,33,200,2.0,1,1
186,0.93,2,33.24,64,1460,0.75,9,Empty,38,200,2.5,1,1
173,0.86,24,32.24,75,1381,0.9,16,Empty,41,200,2.5,2,1
124,0.62,21,27.78,41,1088,0.97,17,Networking,29,200,1.5,1,1
49,0.24,0,26.51,61,748,0.61,11,Networking,28,200,1.5,3,0
144,0.72,4,28.76,67,1274,0.76,16,Empty,28,200,2.5,1,1
74,0.37,1,26.75,48,867,0.58,10,Empty,42,200,2.0,3,0
193,0.96,3,32.11,43,1487,0.82,11,Empty,38,200,2.5,3,1
21,0.1,5,26.02,56,557,0.56,11,Networking,38,200,2.0,1,-1
61,0.3,7,27.48,61,827,0.28,11,Networking,31,200,2.5,1,1
29,0.14,13,25.06,72,553,0.62,18,Networking,33,200,2.0,4,1
142,0.71,24,31.5,40,1257,0.63,12,Networking,34,200,2.0,3,1
166,0.83,5,32.03,67,1371,0.5,18,Networking,29,200,1.5,1,1
23,0.12,2,24.48,40,480,0.95,13,Lecture,42,200,1.5,1,0
54,0.27,5,26.74,52,722,0.21,12,Lecture,39,200,2.0,4,-1
27,0.14,12,25.23,51,600,0.92,17,Networking,41,200,2.0,1,-1
74,0.37,0,27.56,75,913,0.61,18,Networking,30,200,2.0,3,1
33,0.17,8,24.88,43,579,0.55,11,Lecture,31,200,2.0,2,1
187,0.94,24,31.59,58,1483,0.82,15,Networking,37,200,2.0,2,1
54,0.27,25,26.63,67,673,0.35,17,Empty,39,200,1.5,4,0
99,0.49,22,29.12,68,1006,0.36,13,Empty,39,200,2.0,1,1
199,0.99,15,33.94,48,1590,0.9,15,Empty,38,200,2.0,1,1
135,0.68,2,29.74,57,1252,0.23,11,Empty,33,200,2.0,1,1
137,0.69,21,28.95,75,1220,0.97,10,Empty,36,200,2.5,4,1
121,0.6,13,29.69,47,1174,0.86,13,Empty,37,200,2.5,3,1
146,0.73,16,31.07,75,1278,0.28,11,Empty,35,200,1.5,2,1
160,0.8,19,32.17,49,1436,0.85,18,Networking,39,200,1.5,4,1
13,0.07,24,25.46,68,495,0.75,13,Lecture,39,200,1.5,4,0
63,0.32,11,28.2,53,780,0.43,15,Lecture,41,200,2.0,4,1
195,0.97,24,31.5,44,1521,0.39,10,Lecture,30,200,2.5,2,1
25,0.12,12,23.07,57,475,0.91,15,Networking,29,200,2.0,4,-1
164,0.82,11,30.32,53,1408,0.56,12,Empty,29,200,2.0,3,1
196,0.98,6,33.44,65,1642,0.98,15,Lecture,41,200,2.0,2,1
29,0.14,22,23.94,68,529,0.87,13,Networking,32,200,2.5,1,-1
23,0.12,22,24.31,66,613,0.64,13,Lecture,36,200,2.5,1,1
23,0.12,9,23.9,57,490,0.72,9,Networking,34,200,2.0,4,-1
80,0.4,13,27.5,55,850,0.89,16,Networking,33,200,1.5,4,1
69,0.34,5,26.47,67,833,0.28,13,Networking,35,200,2.5,2,0
67,0.34,21,25.74,52,791,0.65,12,Lecture,35,200,2.0,3,0
128,0.64,6,29.02,54,1168,0.42,15,Empty,37,200,2.5,3,1
138,0.69,20,31.41,54,1185,0.87,14,Networking,33,200,2.0,2,1
199,0.99,0,34.27,74,1585,0.73,15,Lecture,30,200,2.5,2,1
171,0.85,10,33.8,51,1475,0.59,10,Empty,38,200,2.5,3,1
168,0.84,12,32.04,63,1430,0.33,12,Empty,37,200,2.0,1,1
67,0.34,13,26.31,63,739,0.53,16,Networking,29,200,2.5,2,1
169,0.84,19,31.51,46,1384,0.47,17,Lecture,28,200,2.5,4,1
170,0.85,10,31.96,47,1453,0.6,12,Lecture,31,200,2.5,4,1
92,0.46,18,29.48,49,1010,0.35,9,Networking,37,200,2.0,2,1
49,0.24,20,26.14,60,714,0.33,18,Empty,28,200,2.5,4,1
6,0.03,20,25.94,51,466,0.33,15,Lecture,42,200,1.5,1,0
145,0.72,10,30.16,71,1268,0.9,9,Lecture,35,200,2.5,1,1
116,0.58,6,29.27,74,1147,0.41,16,Lecture,32,200,2.0,2,1
98,0.49,25,28.9,44,1026,0.65,10,Lecture,31,200,1.5,2,1
48,0.24,10,27.11,73,666,0.62,11,Lecture,40,200,2.0,4,1
8,0.04,22,25.0,42,514,0.58,12,Lecture,36,200,1.5,1,0
82,0.41,10,28.65,54,827,0.25,10,Lecture,34,200,2.0,4,1
76,0.38,0,26.59,57,824,0.23,14,Empty,35,200,2.5,2,0
111,0.56,12,28.88,45,1106,0.55,13,Networking,30,200,2.5,4,1
144,0.72,11,31.65,50,1239,0.94,18,Empty,32,200,2.5,1,1
59,0.29,1,26.61,49,727,0.87,11,Networking,40,200,2.0,3,1
79,0.4,25,27.13,46,954,0.95,15,Empty,33,200,2.0,2,1
62,0.31,19,24.75,65,814,0.78,13,Empty,28,200,1.5,3,0
193,0.96,6,33.6,73,1528,0.64,10,Empty,40,200,1.5,2,1
110,0.55,12,30.18,50,1069,0.66,17,Lecture,32,200,2.5,3,1
1,0.01,9,22.44,48,431,0.88,13,Lecture,35,200,2.5,2,-1
21,0.1,15,24.52,61,538,0.54,12,Networking,41,200,2.0,3,1
114,0.57,15,30.47,68,1022,0.38,13,Lecture,39,200,2.5,2,1
172,0.86,21,33.08,53,1454,0.63,18,Networking,42,200,1.5,3,1
78,0.39,14,26.88,62,818,0.65,10,Lecture,38,200,2.5,4,0
75,0.38,6,28.04,73,910,0.87,16,Lecture,37,200,2.0,3,1
99,0.49,21,28.81,62,1027,0.48,10,Lecture,30,200,2.5,3,1
180,0.9,24,31.99,45,1460,0.32,10,Lecture,34,200,2.0,2,1
130,0.65,25,30.02,53,1237,0.82,10,Networking,38,200,2.5,1,1
55,0.28,12,25.18,61,666,0.75,18,Lecture,29,200,2.5,2,0
14,0.07,7,23.81,47,526,0.42,10,Networking,42,200,1.5,2,-1
55,0.28,18,26.97,48,806,0.21,10,Empty,31,200,2.0,3,0
75,0.38,17,25.9,55,914,0.45,13,Lecture,34,200,2.5,4,-1
89,0.45,5,28.61,58,903,0.21,16,Empty,28,200,1.5,1,1
27,0.14,6,25.34,72,598,0.29,17,Empty,32,200,1.5,1,1
86,0.43,23,26.85,63,943,0.3,12,Networking,30,200,2.0,3,0
14,0.07,10,24.39,61,492,0.45,16,Lecture,40,200,1.5,2,0
25,0.12,25,25.65,55,541,0.22,18,Lecture,42,200,2.5,3,-1
16,0.08,6,24.13,66,469,0.25,15,Empty,41,200,2.5,3,0
146,0.73,12,32.74,43,1276,0.62,18,Lecture,41,200,2.0,1,1
106,0.53,14,29.16,55,1008,0.28,18,Networking,42,200,2.0,3,1
200,1.0,19,33.48,64,1677,0.28,13,Empty,29,200,1.5,1,1
190,0.95,1,31.83,41,1545,0.62,12,Empty,32,200,2.5,1,1
46,0.23,1,27.41,46,754,0.75,18,Networking,37,200,1.5,4,1
75,0.38,22,28.4,54,926,0.49,16,Empty,36,200,2.0,1,1
133,0.67,18,30.31,46,1218,0.27,17,Networking,38,200,1.5,1,1
46,0.23,22,24.76,69,656,0.59,10,Lecture,35,200,2.5,2,1
78,0.39,21,25.73,62,845,0.63,15,Empty,29,200,1.5,4,0
191,0.95,6,34.23,48,1466,0.47,15,Networking,42,200,2.5,3,1
137,0.69,1,30.33,45,1184,0.38,18,Lecture,35,200,2.0,1,1
12,0.06,19,25.09,56,440,0.82,16,Lecture,33,200,2.0,1,0
48,0.24,11,27.29,53,736,0.91,18,Lecture,40,200,2.0,1,1
167,0.83,9,30.48,42,1430,0.64,11,Empty,36,200,1.5,4,1
27,0.14,0,24.16,42,544,0.54,10,Networking,30,200,1.5,4,0
87,0.43,25,27.5,71,897,0.92,12,Lecture,39,200,2.5,3,1
112,0.56,10,28.16,47,1065,0.79,13,Lecture,33,200,2.5,2,1
12,0.06,20,23.77,68,463,0.95,18,Empty,32,200,1.5,1,-1
49,0.24,8,26.96,69,762,0.8,11,Networking,36,200,2.0,1,0
191,0.95,15,32.47,60,1603,0.82,17,Networking,29,200,2.5,4,1
29,0.14,1,26.65,59,518,0.24,9,Empty,37,200,1.5,3,0
101,0.51,17,29.75,63,1039,0.23,14,Networking,33,200,2.5,2,1
146,0.73,0,29.93,40,1198,0.88,10,Lecture,34,200,2.5,2,1
39,0.2,24,25.2,68,567,1.0,14,Networking,35,200,2.5,4,-1
66,0.33,6,26.17,68,777,0.35,16,Networking,29,200,2.0,1,1
95,0.47,12,29.65,56,1050,0.24,18,Lecture,38,200,2.5,3,1
164,0.82,12,32.38,67,1440,0.27,11,Lecture,39,200,2.5,1,1
123,0.61,4,29.16,57,1061,0.65,9,Lecture,38,200,2.0,1,1
52,0.26,0,27.11,56,678,0.87,10,Empty,42,200,1.5,1,1
7,0.04,2,24.22,56,389,0.63,18,Networking,30,200,2.5,1,0
124,0.62,19,30.98,62,1120,0.84,9,Networking,38,200,2.5,1,1
121,0.6,2,29.84,67,1120,0.77,12,Empty,40,200,2.0,1,1
32,0.16,12,25.63,74,557,0.76,10,Lecture,42,200,1.5,3,1
67,0.34,7,26.95,60,739,0.8,14,Empty,42,200,1.5,2,0
188,0.94,19,33.27,62,1495,0.81,9,Lecture,33,200,2.5,1,1
85,0.42,17,28.28,44,973,0.63,14,Empty,33,200,2.0,3,1
15,0.07,21,23.76,68,417,0.63,14,Empty,41,200,2.5,2,-1
126,0.63,16,29.63,49,1183,0.41,17,Lecture,35,200,2.5,2,1
12,0.06,2,22.54,75,440,0.66,10,Lecture,31,200,2.5,3,1
92,0.46,20,26.58,71,875,0.45,17,Networking,30,200,1.5,1,1
131,0.66,3,31.15,43,1120,0.46,17,Networking,42,200,1.5,3,1
47,0.23,17,26.51,64,671,0.54,13,Lecture,31,200,2.5,1,0
97,0.48,8,29.48,58,991,0.68,16,Networking,37,200,2.0,2,1
113,0.56,24,27.91,58,1141,0.65,11,Networking,33,200,2.5,4,1
86,0.43,21,28.87,52,963,0.44,17,Empty,33,200,1.5,4,1
187,0.94,0,34.75,72,1548,0.65,13,Networking,40,200,1.5,4,1
191,0.95,25,32.25,61,1612,0.52,14,Networking,35,200,2.0,3,1
165,0.82,22,31.39,58,1402,0.66,14,Networking,36,200,2.5,1,1
200,1.0,16,32.61,57,1562,0.99,11,Lecture,35,200,1.5,4,1
41,0.2,18,24.05,48,620,0.34,17,Lecture,30,200,2.5,1,0
123,0.61,14,28.85,41,1206,0.69,15,Lecture,34,200,2.0,1,1
116,0.58,19,28.35,72,1116,0.31,14,Empty,35,200,2.5,1,1
192,0.96,18,33.15,64,1615,0.91,13,Lecture,42,200,2.0,4,1
31,0.15,6,24.93,46,623,0.46,10,Networking,28,200,2.5,2,0
190,0.95,5,33.22,58,1560,0.2,16,Empty,37,200,1.5,4,1
72,0.36,16,26.88,56,846,0.86,10,Lecture,31,200,2.5,2,0
111,0.56,17,28.63,75,1108,0.89,10,Empty,28,200,2.0,2,1
113,0.56,3,28.84,40,1114,0.93,15,Empty,32,200,1.5,2,1
156,0.78,20,29.9,58,1412,0.71,16,Lecture,29,200,1.5,2,1
120,0.6,10,27.99,42,1085,0.8,15,Empty,31,200,1.5,1,1
97,0.48,14,28.76,75,1046,0.36,16,Lecture,38,200,2.0,4,1
157,0.79,9,31.81,63,1399,0.68,18,Lecture,31,200,1.5,1,1
89,0.45,21,29.08,57,969,0.31,15,Lecture,36,200,2.0,3,1
65,0.33,14,28.2,75,840,0.57,10,Networking,36,200,2.5,1,1
21,0.1,19,26.16,66,519,0.77,14,Networking,42,200,2.0,2,0
190,0.95,24,32.75,48,1552,0.23,18,Networking,41,200,2.0,1,1
38,0.19,5,25.07,59,681,0.78,16,Lecture,32,200,2.0,4,-1
75,0.38,9,27.61,47,817,0.41,18,Networking,40,200,2.0,4,1
9,0.04,23,22.88,73,419,0.71,16,Empty,38,200,2.0,4,1
8,0.04,19,22.9,50,413,0.55,9,Lecture,28,200,1.5,4,-1
57,0.28,9,26.63,49,664,0.55,10,Empty,37,200,2.0,4,1
88,0.44,20,27.77,59,851,0.6,16,Networking,39,200,2.5,4,1
30,0.15,15,25.68,64,576,0.73,10,Lecture,38,200,2.0,3,0
67,0.34,19,27.33,52,787,0.65,11,Lecture,32,200,2.5,3,1
188,0.94,12,33.87,65,1467,0.72,13,Empty,39,200,1.5,3,1
10,0.05,8,22.68,62,525,0.93,11,Networking,33,200,1.5,3,-1
123,0.61,15,28.89,68,1209,0.59,17,Networking,34,200,1.5,2,1
69,0.34,11,26.2,66,892,0.65,16,Lecture,34,200,2.5,1,-1
48,0.24,15,27.14,40,658,0.99,17,Lecture,35,200,1.5,4,1
129,0.65,23,29.47,70,1238,0.34,15,Lecture,33,200,1.5,2,1
93,0.47,16,28.89,44,953,0.58,9,Empty,35,200,2.5,1,1
16,0.08,4,24.0,49,554,0.43,13,Networking,29,200,1.5,4,-1
117,0.58,13,29.96,64,1075,0.38,12,Empty,42,200,2.0,1,1
10,0.05,22,24.71,46,410,0.31,17,Networking,38,200,1.5,2,-1
164,0.82,3,30.98,67,1376,0.71,17,Lecture,41,200,2.5,1,1
101,0.51,0,30.52,66,1084,0.47,18,Networking,42,200,2.5,2,1
162,0.81,20,30.57,40,1427,0.5,18,Empty,35,200,2.0,1,1
170,0.85,12,31.58,61,1357,0.5,13,Empty,40,200,2.5,2,1
37,0.18,10,26.52,46,697,0.89,18,Networking,38,200,2.5,1,0
81,0.41,0,28.13,41,852,0.4,10,Empty,42,200,2.0,3,1
135,0.68,15,30.06,52,1165,0.72,9,Empty,42,200,1.5,3,1
129,0.65,0,29.11,71,1253,0.91,13,Empty,40,200,2.5,1,1
5,0.03,18,23.58,51,463,0.8,15,Networking,41,200,2.5,2,-1
98,0.49,25,28.41,51,1039,0.4,14,Networking,33,200,2.0,4,1
116,0.58,22,29.13,61,1112,0.69,18,Lecture,42,200,2.5,4,1
79,0.4,24,28.01,74,860,0.44,9,Empty,36,200,2.5,3,1
186,0.93,3,31.8,45,1517,0.87,11,Lecture,28,200,2.0,4,1
44,0.22,6,26.98,56,642,0.97,14,Empty,33,200,2.5,2,0
56,0.28,5,24.86,59,735,0.84,13,Lecture,29,200,2.5,3,0
196,0.98,7,33.43,45,1507,0.37,10,Networking,37,200,2.0,4,1
188,0.94,6,33.04,44,1558,0.96,11,Lecture,34,200,1.5,4,1
147,0.73,24,32.16,64,1244,0.88,9,Lecture,41,200,2.5,2,1
97,0.48,14,30.05,60,916,0.99,14,Networking,38,200,2.5,3,1
46,0.23,21,27.68,60,756,0.27,10,Lecture,39,200,2.0,2,1
196,0.98,7,33.96,67,1603,0.53,11,Lecture,32,200,1.5,1,1
151,0.76,20,31.43,71,1263,0.94,12,Networking,30,200,1.5,4,1
10,0.05,4,22.47,67,383,0.76,13,Lecture,29,200,2.0,2,-1
36,0.18,7,25.67,67,646,0.78,16,Networking,35,200,1.5,1,-1
80,0.4,11,26.3,45,825,0.79,17,Lecture,34,200,2.0,4,-1
136,0.68,24,32.14,75,1214,0.55,12,Lecture,41,200,2.5,1,1
103,0.52,16,29.59,40,1051,0.85,16,Empty,31,200,1.5,1,1
144,0.72,25,30.68,63,1195,0.63,17,Empty,42,200,2.5,4,1
35,0.17,23,23.95,74,592,0.93,14,Lecture,35,200,2.0,4,1
166,0.83,5,32.05,53,1349,0.27,13,Empty,39,200,1.5,3,1
146,0.73,22,29.5,71,1251,0.28,12,Networking,35,200,2.5,1,1
109,0.55,8,27.83,58,1014,0.95,14,Empty,31,200,1.5,2,1
4,0.02,25,24.3,73,370,0.52,17,Empty,36,200,1.5,1,1
178,0.89,14,32.93,40,1465,0.61,9,Empty,31,200,2.5,2,1
173,0.86,8,33.38,54,1401,0.77,18,Empty,42,200,1.5,4,1
34,0.17,13,23.78,61,542,0.75,18,Empty,35,200,2.5,3,-1
75,0.38,0,28.14,57,902,0.93,11,Networking,29,200,2.0,3,1
34,0.17,2,26.27,42,579,0.21,11,Networking,34,200,1.5,3,0
117,0.58,18,28.75,68,1059,0.64,16,Empty,40,200,2.5,3,1
52,0.26,13,24.94,41,780,0.94,12,Lecture,28,200,2.5,2,1
72,0.36,12,26.47,70,891,0.88,15,Networking,32,200,2.5,4,0
142,0.71,15,31.76,65,1316,0.71,16,Lecture,42,200,2.0,3,1
67,0.34,17,26.23,66,849,0.87,17,Empty,33,200,1.5,3,0
4,0.02,22,25.51,58,360,0.98,11,Lecture,39,200,1.5,2,0
189,0.94,13,33.58,42,1608,0.53,16,Empty,41,200,2.0,2,1
177,0.89,25,30.86,67,1411,0.9,13,Empty,35,200,1.5,2,1
102,0.51,11,30.4,68,1007,0.73,16,Networking,39,200,2.5,2,1
124,0.62,13,29.66,68,1158,0.44,12,Lecture,28,200,2.5,1,1
84,0.42,16,28.49,67,844,0.83,18,Empty,32,200,2.0,2,1
127,0.64,24,29.21,59,1210,0.94,13,Networking,32,200,2.5,2,1
84,0.42,9,28.53,40,973,0.5,10,Networking,37,200,1.5,3,1
155,0.78,4,30.42,70,1284,0.64,15,Empty,37,200,2.0,3,1
134,0.67,13,31.21,46,1261,0.31,13,Lecture,40,200,2.5,2,1
3,0.01,21,22.67,54,438,0.8,9,Networking,28,200,2.0,2,-1
99,0.49,10,30.12,40,972,0.59,13,Lecture,37,200,1.5,3,1
9,0.04,5,23.16,50,441,0.71,11,Networking,41,200,1.5,2,-1
131,0.66,8,29.03,71,1220,0.64,10,Networking,35,200,2.0,3,1
187,0.94,2,33.39,75,1451,0.82,12,Networking,38,200,2.0,3,1
130,0.65,4,30.13,71,1203,0.29,10,Empty,36,200,2.5,2,1
191,0.95,2,33.7,75,1602,0.49,11,Empty,31,200,2.0,1,1
25,0.12,12,24.77,61,505,0.66,16,Lecture,35,200,2.5,3,0
186,0.93,7,34.18,55,1441,0.96,17,Lecture,34,200,2.0,3,1
104,0.52,10,28.28,68,1003,0.96,13,Lecture,32,200,2.5,2,1
90,0.45,12,28.95,43,936,0.34,17,Networking,31,200,2.5,3,1
19,0.1,13,23.43,64,568,0.59,17,Empty,30,200,2.5,4,-1
146,0.73,22,30.58,41,1330,0.41,18,Lecture,32,200,2.0,3,1
193,0.96,19,32.55,70,1593,0.77,14,Networking,35,200,2.0,2,1
137,0.69,13,29.87,75,1196,0.57,17,Empty,32,200,1.5,2,1
11,0.06,14,24.62,70,545,0.28,11,Empty,28,200,2.0,3,-1
145,0.72,23,31.58,61,1325,0.74,14,Lecture,37,200,2.0,2,1
136,0.68,17,30.81,56,1186,0.45,16,Networking,42,200,2.5,2,1
199,0.99,17,33.84,49,1524,0.87,15,Lecture,37,200,2.0,3,1
188,0.94,10,32.85,73,1515,0.67,16,Lecture,37,200,2.5,4,1
144,0.72,6,31.29,66,1213,0.88,15,Empty,40,200,1.5,3,1
90,0.45,12,27.71,50,899,0.9,10,Lecture,32,200,1.5,1,1
96,0.48,25,30.43,40,1019,0.48,10,Lecture,42,200,2.0,4,1
19,0.1,10,24.55,47,443,0.29,12,Lecture,29,200,1.5,4,0
186,0.93,10,32.43,59,1539,0.63,12,Empty,39,200,2.0,3,1
14,0.07,8,24.62,63,494,0.29,9,Empty,31,200,2.0,3,0
73,0.36,21,25.8,61,849,0.36,14,Lecture,35,200,2.5,4,0
9,0.04,17,23.26,51,410,0.96,13,Networking,34,200,1.5,2,-1
178,0.89,2,31.52,58,1476,0.38,11,Lecture,38,200,2.5,1,1
88,0.44,2,28.8,63,1003,0.54,16,Networking,32,200,2.0,2,1
199,0.99,21,32.08,62,1546,0.69,15,Empty,29,200,2.5,4,1
107,0.54,14,27.24,71,1064,0.31,11,Empty,33,200,2.5,3,1
109,0.55,13,28.17,67,1046,0.67,15,Empty,39,200,2.5,2,1
155,0.78,12,31.52,61,1302,0.84,13,Empty,32,200,2.5,4,1
113,0.56,13,27.43,61,1092,0.72,14,Empty,29,200,1.5,4,1
184,0.92,8,31.46,43,1452,0.7,18,Empty,31,200,2.0,3,1
67,0.34,23,26.64,56,823,0.2,14,Lecture,41,200,2.0,1,-1
24,0.12,2,26.78,45,538,0.22,16,Networking,42,200,2.5,2,0
3,0.01,9,24.88,73,477,0.53,18,Lecture,38,200,2.0,2,1
179,0.9,2,31.55,50,1550,0.38,10,Empty,37,200,1.5,4,1
196,0.98,16,34.03,55,1514,0.72,18,Lecture,37,200,2.5,2,1
167,0.83,15,29.87,40,1410,0.76,9,Networking,29,200,1.5,4,1
44,0.22,6,26.83,44,673,0.98,11,Empty,36,200,1.5,3,1
3,0.01,8,23.83,65,344,0.34,9,Lecture,38,200,2.5,3,-1
167,0.83,13,31.49,40,1349,0.87,15,Empty,38,200,1.5,4,1
195,0.97,3,32.58,69,1556,0.34,16,Networking,39,200,1.5,2,1
142,0.71,10,30.05,45,1179,0.26,9,Lecture,33,200,2.0,1,1
163,0.81,11,30.72,74,1380,0.26,17,Empty,39,200,2.5,2,1
15,0.07,21,23.37,66,469,0.51,10,Networking,41,200,1.5,2,-1
32,0.16,1,25.08,73,602,0.7,12,Lecture,42,200,1.5,3,1
79,0.4,9,27.32,44,891,0.31,9,Lecture,38,200,2.5,1,1
143,0.71,25,31.33,71,1300,0.45,13,Lecture,42,200,2.0,2,1
78,0.39,16,27.95,55,911,0.41,12,Lecture,28,200,2.0,2,1
58,0.29,2,26.86,68,706,0.46,14,Networking,30,200,2.0,3,-1
152,0.76,15,31.56,42,1268,0.72,18,Lecture,31,200,2.0,3,1
6,0.03,5,24.57,51,433,0.79,18,Empty,42,200,2.5,4,0
95,0.47,1,29.46,73,906,0.7,12,Lecture,35,200,2.0,3,1
0,0.0,21,22.58,61,344,0.97,17,Lecture,37,200,2.5,4,-1
170,0.85,3,31.45,73,1350,0.94,15,Networking,37,200,2.5,3,1
47,0.23,16,26.7,72,664,0.95,9,Empty,29,200,2.5,2,1
176,0.88,24,31.5,43,1471,0.67,10,Empty,29,200,2.0,3,1
16,0.08,14,22.87,63,554,0.96,9,Networking,29,200,2.0,4,-1
34,0.17,3,24.53,58,645,0.61,18,Networking,28,200,2.0,1,0
34,0.17,24,24.33,58,581,0.94,10,Lecture,28,200,2.0,1,0
66,0.33,10,25.36,68,765,0.96,11,Lecture,35,200,2.0,3,1
79,0.4,25,28.45,58,928,0.86,15,Lecture,32,200,2.5,1,1
155,0.78,3,32.49,61,1338,0.62,14,Networking,41,200,2.5,1,1
75,0.38,6,27.77,55,918,0.96,11,Lecture,37,200,1.5,1,1
134,0.67,19,28.23,56,1214,0.46,12,Empty,29,200,2.5,4,1
141,0.7,3,29.45,64,1296,0.28,17,Networking,33,200,1.5,4,1
193,0.96,25,32.96,66,1635,0.5,10,Lecture,28,200,2.0,1,1
145,0.72,0,31.45,46,1333,0.28,12,Empty,36,200,2.5,1,1
168,0.84,6,33.11,75,1374,0.59,16,Lecture,42,200,1.5,2,1
41,0.2,19,24.85,70,645,0.63,13,Empty,29,200,2.5,1,1
83,0.41,5,27.68,62,830,0.8,9,Networking,39,200,1.5,3,1
144,0.72,24,31.38,67,1269,0.87,9,Empty,38,200,2.5,3,1
59,0.29,22,26.37,68,809,0.9,14,Empty,42,200,1.5,3,1
151,0.76,21,31.69,66,1385,0.87,16,Lecture,30,200,2.0,1,1
164,0.82,1,31.24,72,1426,0.58,12,Empty,30,200,2.0,2,1
111,0.56,7,30.65,59,987,0.99,13,Networking,37,200,2.0,3,1
41,0.2,15,24.23,56,704,0.64,18,Empty,34,200,2.0,4,0
29,0.14,12,25.65,40,576,0.55,13,Networking,41,200,1.5,2,1
182,0.91,25,31.65,51,1533,0.44,17,Lecture,33,200,2.5,3,1
143,0.71,16,31.54,70,1322,0.37,10,Networking,38,200,2.5,2,1
122,0.61,13,28.73,57,1127,0.76,14,Empty,32,200,2.5,4,1
178,0.89,20,34.33,73,1504,0.39,11,Networking,40,200,2.0,2,1
36,0.18,18,25.1,69,573,0.51,18,Empty,37,200,2.5,3,0
83,0.41,10,28.95,63,972,0.2,16,Empty,38,200,2.0,3,1
156,0.78,14,31.62,49,1368,0.24,13,Networking,28,200,1.5,4,1
75,0.38,1,27.66,60,856,0.66,9,Lecture,41,200,2.5,2,1
41,0.2,7,27.53,50,717,0.51,9,Networking,40,200,2.5,4,1
48,0.24,21,26.64,50,654,0.78,18,Networking,41,200,2.0,1,1
153,0.77,1,32.17,41,1305,0.39,14,Lecture,31,200,2.0,4,1
199,0.99,13,32.88,60,1674,0.24,18,Lecture,40,200,1.5,1,1
188,0.94,0,32.18,68,1507,0.53,15,Empty,39,200,1.5,4,1
86,0.43,1,28.72,63,916,0.21,9,Lecture,30,200,2.0,2,1
7,0.04,12,25.03,44,462,0.87,18,Networking,32,200,2.0,1,1
158,0.79,8,32.02,50,1368,0.45,12,Empty,37,200,2.5,1,1
48,0.24,17,27.05,40,649,0.67,18,Lecture,34,200,2.0,4,1
153,0.77,16,31.73,63,1286,0.31,18,Networking,41,200,2.5,4,1
199,0.99,11,32.82,63,1624,0.73,17,Networking,29,200,1.5,2,1
18,0.09,19,25.24,55,516,0.23,18,Lecture,35,200,2.5,4,0
133,0.67,20,30.77,75,1259,0.25,17,Empty,42,200,2.0,1,1
93,0.47,11,28.53,73,878,0.98,15,Empty,38,200,1.5,3,1
16,0.08,12,25.32,44,441,0.83,10,Lecture,42,200,2.5,3,1
35,0.17,11,24.5,70,627,0.65,9,Lecture,38,200,1.5,2,0
64,0.32,19,26.15,64,775,0.52,11,Networking,42,200,2.0,2,0
159,0.8,14,29.82,54,1325,0.89,9,Empty,33,200,2.0,3,1
94,0.47,14,27.15,66,1007,0.89,17,Empty,35,200,2.5,3,1
161,0.81,21,30.98,40,1290,0.54,15,Networking,40,200,1.5,4,1
170,0.85,2,30.17,43,1431,0.85,9,Empty,31,200,1.5,3,1
186,0.93,5,34.36,67,1502,0.85,17,Networking,37,200,2.5,4,1
84,0.42,2,26.65,51,877,0.83,10,Empty,28,200,2.0,2,0
40,0.2,21,26.68,69,710,0.42,12,Networking,36,200,2.0,4,0
2,0.01,7,22.89,58,349,0.31,13,Empty,31,200,2.0,2,-1
105,0.53,11,29.15,73,1008,0.67,16,Empty,34,200,1.5,1,1
165,0.82,16,32.86,60,1369,0.83,12,Empty,42,200,2.5,3,1
71,0.35,23,28.74,61,820,0.66,10,Networking,42,200,2.0,1,1
79,0.4,13,28.27,50,888,0.92,12,Lecture,32,200,2.5,1,1
26,0.13,2,25.32,75,492,0.23,18,Lecture,40,200,2.0,3,1
59,0.29,17,26.38,40,704,0.61,13,Lecture,33,200,2.0,2,0
62,0.31,12,25.84,67,729,0.7,13,Lecture,34,200,2.0,2,0
178,0.89,10,33.11,46,1456,0.88,16,Lecture,34,200,1.5,2,1
84,0.42,0,27.82,63,954,0.25,10,Lecture,33,200,2.0,4,1
148,0.74,20,31.16,50,1290,0.6,13,Networking,42,200,2.0,1,1
22,0.11,0,25.34,61,600,0.97,18,Empty,32,200,1.5,1,0
113,0.56,7,30.09,71,1093,0.23,9,Lecture,39,200,1.5,4,1
56,0.28,23,25.89,46,768,0.3,9,Empty,34,200,2.0,4,0
144,0.72,6,31.02,71,1192,0.45,15,Lecture,34,200,2.0,3,1
90,0.45,6,28.86,53,889,0.61,14,Lecture,42,200,2.0,1,1
51,0.26,1,25.9,71,690,0.99,18,Networking,33,200,2.0,2,1
103,0.52,25,29.37,69,995,0.98,15,Empty,37,200,1.5,1,1
64,0.32,1,27.46,59,741,0.49,9,Networking,34,200,2.5,3,1
75,0.38,12,28.88,59,919,0.78,15,Networking,41,200,2.0,3,1
59,0.29,4,25.83,67,809,0.53,15,Empty,33,200,2.0,2,0
138,0.69,22,30.66,72,1236,0.74,16,Lecture,37,200,2.5,2,1
146,0.73,10,32.33,66,1308,0.96,14,Empty,41,200,1.5,2,1
103,0.52,25,29.2,46,946,0.21,11,Lecture,29,200,1.5,2,1
174,0.87,4,32.22,61,1375,0.55,12,Lecture,39,200,1.5,1,1
145,0.72,16,30.17,45,1213,0.84,14,Lecture,42,200,1.5,1,1
100,0.5,24,26.9,51,995,0.44,12,Networking,29,200,2.0,1,1
3,0.01,10,24.76,59,414,0.29,12,Networking,32,200,1.5,1,-1
198,0.99,21,32.07,60,1636,0.61,11,Lecture,32,200,2.5,2,1
8,0.04,17,23.15,61,507,0.71,14,Empty,30,200,1.5,2,-1
184,0.92,21,31.64,70,1504,0.42,9,Empty,29,200,2.0,4,1
37,0.18,17,24.82,65,589,0.5,18,Networking,33,200,2.5,1,0
190,0.95,2,33.08,64,1558,0.67,16,Networking,35,200,2.5,2,1
47,0.23,18,26.97,41,750,0.65,11,Networking,41,200,1.5,3,-1
185,0.93,1,31.35,75,1432,0.92,11,Networking,33,200,2.5,1,1
186,0.93,14,32.3,68,1477,0.82,12,Empty,34,200,1.5,1,1
124,0.62,1,29.14,59,1130,0.97,14,Lecture,41,200,2.5,4,1
69,0.34,13,26.54,46,851,0.43,13,Empty,28,200,2.0,3,0
58,0.29,3,25.89,48,821,0.24,9,Lecture,35,200,2.0,2,-1
178,0.89,17,33.35,54,1482,0.79,14,Lecture,39,200,1.5,1,1
5,0.03,2,23.88,57,439,0.39,10,Lecture,39,200,2.0,1,-1
121,0.6,18,29.64,61,1139,0.55,16,Empty,28,200,2.5,3,1
161,0.81,24,30.18,54,1390,0.67,17,Empty,31,200,2.5,4,1
4,0.02,8,24.12,67,445,0.75,9,Empty,28,200,2.0,2,0
177,0.89,24,32.49,67,1502,0.83,11,Lecture,36,200,2.5,4,1
131,0.66,12,30.35,60,1213,0.38,9,Networking,32,200,1.5,1,1
22,0.11,2,25.06,50,496,0.21,17,Lecture,29,200,1.5,3,0
108,0.54,14,28.6,62,1029,0.24,13,Lecture,35,200,2.0,1,1
94,0.47,0,29.49,51,1020,0.71,18,Lecture,40,200,1.5,1,1
141,0.7,5,30.3,60,1250,0.26,14,Lecture,33,200,1.5,4,1
16,0.08,10,23.19,49,469,0.59,11,Networking,32,200,2.0,1,-1
129,0.65,5,30.38,54,1217,0.49,10,Empty,41,200,2.5,2,1
51,0.26,1,26.8,67,699,0.47,11,Empty,36,200,2.0,3,-1
120,0.6,20,27.8,57,1041,0.79,9,Empty,29,200,2.5,4,1
102,0.51,15,29.26,58,967,0.62,14,Empty,32,200,2.5,4,1
124,0.62,3,30.25,53,1074,0.74,14,Lecture,30,200,2.0,3,1
80,0.4,16,28.12,49,945,0.52,16,Empty,38,200,2.0,3,1
88,0.44,1,27.16,63,910,0.84,10,Empty,42,200,1.5,1,1
147,0.73,13,31.82,42,1354,0.52,11,Networking,37,200,2.0,1,1
22,0.11,5,23.92,71,600,0.39,11,Networking,41,200,1.5,1,1
17,0.09,14,24.81,75,560,0.53,9,Empty,32,200,2.0,2,1
167,0.83,5,30.43,57,1463,0.59,15,Empty,33,200,1.5,1,1
92,0.46,1,28.8,48,1021,0.94,9,Lecture,35,200,2.5,4,1
194,0.97,12,31.98,66,1527,0.3,14,Empty,35,200,2.0,1,1
140,0.7,1,28.61,44,1232,0.28,12,Empty,30,200,1.5,2,1
82,0.41,23,26.37,61,951,0.3,14,Empty,29,200,2.5,2,0
28,0.14,9,23.63,70,631,0.35,14,Networking,34,200,2.0,2,-1
154,0.77,5,30.17,43,1346,0.46,17,Networking,33,200,2.5,4,1
147,0.73,16,31.01,58,1255,0.28,12,Lecture,35,200,2.5,4,1
117,0.58,22,29.5,67,1075,0.68,15,Networking,40,200,1.5,4,1
106,0.53,13,29.66,67,1059,0.41,10,Lecture,37,200,2.0,4,1
73,0.36,20,28.13,56,899,0.52,9,Empty,41,200,2.0,1,1
55,0.28,3,25.76,54,737,0.27,12,Lecture,41,200,2.5,3,-1
172,0.86,15,32.23,68,1471,0.84,12,Empty,36,200,1.5,2,1
108,0.54,15,28.84,49,1057,0.7,12,Lecture,30,200,2.5,2,1
95,0.47,23,29.62,70,1033,0.71,14,Empty,39,200,2.0,3,1
146,0.73,2,31.15,61,1321,0.22,12,Networking,30,200,1.5,3,1
145,0.72,20,29.6,42,1264,0.55,15,Lecture,35,200,2.5,4,1
20,0.1,25,25.36,40,522,0.64,11,Empty,34,200,2.5,4,0
85,0.42,16,26.85,53,968,0.28,12,Networking,40,200,2.0,2,1
162,0.81,14,32.3,72,1359,0.83,9,Lecture,29,200,1.5,1,1
181,0.91,20,31.98,53,1424,0.55,11,Networking,28,200,2.5,3,1
116,0.58,2,29.38,72,1123,0.52,11,Empty,28,200,2.0,4,1
150,0.75,15,31.17,54,1251,0.8,17,Networking,41,200,2.5,1,1
53,0.27,15,25.59,74,659,0.34,16,Empty,41,200,1.5,2,1
16,0.08,11,25.1,49,430,0.41,17,Empty,30,200,2.0,3,1
99,0.49,11,29.03,49,949,0.53,15,Lecture,29,200,2.0,1,1
109,0.55,6,29.49,40,1123,0.32,14,Networking,29,200,2.5,1,1
148,0.74,1,29.71,52,1310,0.89,16,Empty,30,200,2.0,2,1
155,0.78,23,29.33,72,1274,0.23,16,Networking,30,200,2.0,2,1
146,0.73,13,31.89,42,1327,0.4,14,Lecture,41,200,2.5,2,1
37,0.18,4,24.55,65,618,0.81,12,Networking,33,200,2.0,2,0
82,0.41,9,26.66,41,949,0.44,14,Networking,30,200,1.5,2,0
9,0.04,19,24.75,40,447,0.98,18,Lecture,33,200,2.0,2,0
48,0.24,18,24.62,57,740,0.48,12,Empty,29,200,1.5,3,0
25,0.12,22,25.04,74,626,0.29,10,Lecture,31,200,1.5,3,1
129,0.65,23,29.32,71,1144,0.22,15,Networking,37,200,2.5,1,1
71,0.35,15,27.46,44,758,0.74,16,Networking,28,200,2.0,4,1
178,0.89,12,30.41,75,1436,0.51,9,Networking,28,200,2.5,3,1
51,0.26,18,25.33,47,736,0.53,10,Empty,29,200,1.5,3,-1
74,0.37,24,26.16,73,815,0.45,10,Lecture,30,200,2.5,1,1
53,0.27,15,26.52,72,698,0.73,18,Empty,29,200,2.5,1,1
142,0.71,9,30.53,49,1182,0.95,16,Lecture,38,200,1.5,2,1
158,0.79,7,31.12,43,1403,0.91,18,Empty,42,200,1.5,3,1
193,0.96,7,34.22,55,1587,0.56,14,Lecture,34,200,2.5,1,1
103,0.52,1,28.68,67,1072,0.68,10,Networking,36,200,2.5,3,1
47,0.23,5,24.74,45,714,0.81,12,Networking,30,200,2.5,2,0
9,0.04,17,23.1,43,533,0.27,13,Empty,29,200,2.0,2,-1
89,0.45,2,27.42,46,919,0.49,14,Lecture,30,200,2.5,3,1
85,0.42,14,26.61,62,969,0.77,9,Networking,28,200,1.5,3,1
41,0.2,10,24.47,44,683,0.49,14,Lecture,29,200,2.5,1,0
6,0.03,20,24.95,62,483,0.6,11,Networking,40,200,1.5,1,0
104,0.52,5,27.6,70,983,0.94,12,Empty,29,200,2.5,1,1
13,0.07,23,24.29,46,443,0.87,16,Networking,35,200,2.5,4,-1
91,0.46,20,28.99,75,935,0.42,9,Networking,30,200,2.0,1,1
190,0.95,11,33.82,42,1570,0.81,9,Networking,36,200,1.5,2,1
142,0.71,11,31.07,74,1186,0.3,18,Lecture,32,200,2.0,2,1
192,0.96,6,32.46,71,1588,0.51,10,Empty,29,200,2.0,2,1
24,0.12,20,24.71,54,606,0.74,16,Lecture,38,200,1.5,2,0
64,0.32,6,27.77,62,835,0.61,9,Lecture,35,200,2.0,2,1
72,0.36,23,27.55,53,896,0.25,16,Empty,28,200,1.5,1,1
140,0.7,4,29.35,51,1293,0.37,15,Empty,37,200,1.5,1,1
145,0.72,8,29.46,46,1243,0.53,16,Networking,30,200,2.5,3,1
2,0.01,22,23.26,71,487,0.92,13,Networking,31,200,2.0,4,1
59,0.29,21,27.44,49,809,0.78,15,Networking,35,200,2.5,4,1
167,0.83,24,30.38,54,1346,0.72,9,Networking,31,200,2.0,1,1
14,0.07,2,22.42,40,496,0.76,18,Empty,28,200,1.5,3,-1
130,0.65,3,31.0,44,1130,0.3,17,Networking,37,200,2.0,1,1
20,0.1,19,24.55,54,556,0.73,14,Empty,36,200,2.5,2,-1
54,0.27,1,25.94,55,753,0.34,16,Networking,29,200,2.0,2,-1
142,0.71,20,31.25,57,1293,0.8,16,Lecture,41,200,2.5,1,1
135,0.68,19,30.56,63,1204,0.22,11,Networking,42,200,2.5,1,1
159,0.8,13,32.5,60,1400,0.77,13,Networking,32,200,1.5,3,1
134,0.67,0,31.49,55,1275,0.69,13,Networking,41,200,2.5,2,1
57,0.28,11,26.29,58,789,0.6,11,Networking,41,200,1.5,4,0
176,0.88,20,32.39,57,1444,0.75,14,Networking,38,200,1.5,4,1
159,0.8,19,30.33,61,1429,0.79,17,Empty,29,200,2.5,3,1
109,0.55,22,30.17,64,1004,0.44,13,Empty,38,200,2.0,3,1
66,0.33,23,26.08,41,817,0.49,15,Empty,42,200,1.5,2,-1
167,0.83,16,32.98,54,1436,0.34,18,Lecture,34,200,1.5,3,1
168,0.84,9,30.68,50,1479,0.86,12,Lecture,28,200,1.5,3,1
15,0.07,6,24.87,70,556,0.57,12,Empty,32,200,1.5,4,0
62,0.31,5,28.45,56,829,0.74,18,Empty,40,200,1.5,1,1
181,0.91,3,32.84,48,1527,0.65,14,Lecture,37,200,1.5,4,1
105,0.53,12,29.71,55,1094,0.6,14,Networking,37,200,2.5,3,1
187,0.94,13,31.16,43,1482,0.93,9,Lecture,28,200,2.5,3,1
40,0.2,8,25.65,63,668,0.67,13,Empty,32,200,2.5,4,0
109,0.55,7,30.11,59,1069,0.35,14,Empty,32,200,1.5,3,1
60,0.3,24,27.05,74,779,0.74,17,Empty,34,200,2.5,4,1
53,0.27,15,25.61,75,687,0.84,16,Lecture,36,200,2.5,1,1
120,0.6,18,28.94,44,1118,0.36,15,Lecture,38,200,2.5,2,1
166,0.83,12,31.58,43,1448,0.66,17,Lecture,32,200,2.5,1,1
123,0.61,24,30.88,50,1108,0.73,12,Lecture,39,200,2.0,3,1
175,0.88,20,33.36,50,1406,0.75,17,Lecture,36,200,2.5,1,1
49,0.24,20,26.23,73,658,0.67,14,Empty,32,200,2.0,3,1
49,0.24,9,27.4,57,737,0.6,10,Lecture,42,200,2.0,2,1
158,0.79,3,30.75,63,1363,0.24,17,Lecture,31,200,2.0,3,1
32,0.16,20,25.84,46,635,0.52,17,Lecture,40,200,1.5,1,0
7,0.04,3,22.26,72,487,0.27,16,Empty,29,200,2.0,1,1
134,0.67,17,29.17,60,1162,1.0,15,Empty,28,200,2.0,3,1
60,0.3,15,27.66,46,761,0.85,15,Networking,35,200,2.5,3,1
114,0.57,8,27.74,56,1147,0.21,17,Empty,34,200,2.5,3,1
117,0.58,23,29.69,60,1084,0.87,10,Lecture,34,200,2.5,1,1
86,0.43,7,27.68,65,849,0.65,10,Networking,30,200,2.5,1,1
181,0.91,7,32.06,53,1441,0.41,14,Empty,29,200,2.5,4,1
155,0.78,25,32.19,52,1322,0.28,17,Empty,42,200,2.0,4,1
41,0.2,22,24.54,44,686,0.41,16,Networking,32,200,2.0,1,1
78,0.39,23,28.01,49,931,0.33,18,Lecture,33,200,2.0,2,1
131,0.66,22,29.66,46,1224,0.29,12,Empty,28,200,2.5,2,1
151,0.76,21,31.88,73,1243,0.48,15,Networking,40,200,2.0,2,1
117,0.58,20,30.33,66,1078,0.42,13,Networking,42,200,1.5,4,1
109,0.55,23,29.25,71,1038,0.8,12,Empty,36,200,2.5,1,1
66,0.33,10,27.7,72,863,0.59,12,Empty,42,200,1.5,2,1
5,0.03,18,23.24,40,362,0.74,17,Networking,29,200,2.5,3,-1
20,0.1,8,25.07,41,485,0.73,12,Lecture,28,200,2.0,1,0
119,0.59,2,28.1,56,1059,0.74,10,Networking,36,200,2.0,2,1
19,0.1,19,24.38,69,526,0.64,12,Empty,33,200,1.5,4,1
88,0.44,10,27.08,57,923,0.63,13,Lecture,31,200,1.5,2,1
35,0.17,8,24.44,68,634,0.82,17,Lecture,29,200,2.5,4,0
172,0.86,3,32.98,66,1392,0.89,12,Networking,38,200,2.0,3,1
150,0.75,25,30.61,63,1253,0.72,17,Networking,42,200,1.5,3,1
149,0.74,10,30.5,58,1255,0.38,12,Lecture,30,200,2.5,1,1
0,0.0,22,21.52,74,387,0.78,12,Empty,30,200,1.5,3,1
153,0.77,18,30.83,64,1248,0.72,16,Lecture,41,200,2.5,2,1
86,0.43,22,27.48,41,869,0.76,15,Empty,40,200,2.0,3,1
58,0.29,14,25.79,43,766,0.85,12,Empty,35,200,2.0,4,0
34,0.17,15,25.59,67,606,0.47,9,Lecture,42,200,1.5,3,0
10,0.05,13,23.87,55,490,0.59,12,Networking,36,200,2.0,3,-1
183,0.92,6,31.72,48,1418,0.35,14,Lecture,40,200,2.5,2,1
102,0.51,16,28.29,42,943,0.25,17,Lecture,31,200,2.0,3,1
146,0.73,19,31.89,70,1254,0.35,9,Networking,39,200,1.5,4,1
104,0.52,15,28.64,60,1009,0.26,13,Lecture,42,200,2.5,4,1
54,0.27,9,26.98,64,670,0.7,16,Networking,41,200,2.5,2,0
24,0.12,0,25.31,74,564,0.3,15,Lecture,39,200,2.5,2,1
141,0.7,25,30.81,44,1177,0.33,16,Networking,39,200,2.0,4,1
137,0.69,6,30.71,52,1207,0.69,10,Empty,32,200,2.5,1,1
10,0.05,14,22.1,67,535,0.9,13,Networking,29,200,1.5,1,-1
7,0.04,5,25.54,57,364,0.75,17,Lecture,38,200,2.0,2,0
24,0.12,1,24.54,48,541,0.25,11,Lecture,29,200,1.5,3,0
117,0.58,4,30.45,46,1068,0.94,10,Empty,34,200,2.5,1,1
62,0.31,2,27.53,63,703,0.48,11,Lecture,36,200,1.5,2,1
154,0.77,15,30.3,53,1271,0.34,14,Networking,39,200,2.0,4,1
95,0.47,13,26.91,49,1045,0.36,14,Empty,36,200,2.5,3,1
142,0.71,21,30.23,52,1177,0.23,11,Networking,32,200,1.5,4,1
95,0.47,13,26.4,43,1035,0.58,9,Networking,28,200,1.5,3,1
43,0.21,6,25.54,54,665,0.41,13,Empty,28,200,2.0,1,0
188,0.94,10,33.49,50,1588,0.73,9,Networking,42,200,1.5,4,1
186,0.93,17,34.01,66,1558,0.98,18,Networking,42,200,1.5,4,1
78,0.39,25,25.66,43,938,0.72,16,Empty,31,200,1.5,4,0
167,0.83,5,32.64,58,1440,0.78,16,Networking,29,200,2.5,2,1
3,0.01,16,24.33,68,481,0.82,15,Empty,34,200,1.5,1,0
127,0.64,4,29.49,56,1130,0.83,14,Networking,38,200,2.0,1,1
90,0.45,11,27.88,59,1012,0.78,17,Empty,28,200,2.0,2,1
186,0.93,7,32.1,64,1448,0.84,15,Networking,34,200,1.5,3,1
197,0.98,24,32.35,66,1614,0.26,12,Networking,30,200,2.0,3,1
180,0.9,5,32.53,57,1466,0.86,17,Networking,28,200,2.5,1,1
52,0.26,21,26.69,52,716,0.69,11,Lecture,41,200,2.0,1,0
53,0.27,19,24.39,43,756,0.62,16,Networking,28,200,2.5,4,0
101,0.51,11,29.34,43,1007,0.4,18,Empty,30,200,2.5,1,1
155,0.78,9,32.63,63,1309,0.8,15,Lecture,37,200,2.5,4,1
84,0.42,4,28.07,65,942,0.9,10,Empty,30,200,2.5,2,1
139,0.69,8,30.15,69,1195,0.47,11,Lecture,33,200,1.5,4,1
76,0.38,8,27.02,65,895,0.69,9,Lecture,41,200,2.0,4,1
166,0.83,23,31.64,57,1457,0.51,9,Lecture,39,200,2.0,2,1
26,0.13,5,24.09,65,500,0.75,12,Empty,30,200,2.0,3,0
177,0.89,12,31.36,40,1453,0.58,16,Lecture,31,200,2.0,1,1
73,0.36,6,27.4,57,865,0.61,16,Lecture,30,200,2.5,4,1
178,0.89,11,32.91,42,1514,0.99,17,Lecture,37,200,2.5,1,1
75,0.38,4,28.66,52,829,0.81,14,Empty,38,200,2.0,4,1
186,0.93,0,31.68,61,1449,0.6,17,Networking,34,200,2.5,3,1
95,0.47,0,29.59,56,974,0.38,14,Lecture,41,200,2.5,2,1
93,0.47,9,29.96,47,1012,0.79,11,Lecture,40,200,2.5,1,1
166,0.83,6,31.26,45,1473,0.39,14,Lecture,31,200,1.5,4,1
160,0.8,1,32.88,75,1288,0.47,17,Lecture,41,200,2.5,2,1
20,0.1,9,24.53,75,481,0.78,11,Networking,28,200,2.0,3,1
89,0.45,24,28.88,62,935,0.76,11,Lecture,42,200,2.5,3,1
68,0.34,16,27.56,64,824,0.45,15,Lecture,29,200,2.5,3,1
12,0.06,2,25.29,54,424,0.53,15,Networking,41,200,1.5,4,0
46,0.23,22,25.32,62,674,0.27,9,Lecture,34,200,1.5,2,0
74,0.37,5,28.45,70,836,0.59,14,Lecture,37,200,2.0,3,1
168,0.84,18,32.72,63,1360,0.31,10,Empty,34,200,1.5,4,1
166,0.83,20,31.76,45,1434,0.8,13,Networking,42,200,2.0,3,1
36,0.18,7,25.41,44,682,0.59,16,Empty,41,200,1.5,4,-1
70,0.35,12,27.84,53,762,0.69,12,Empty,37,200,2.0,1,1
106,0.53,7,26.81,75,1010,0.89,9,Lecture,29,200,2.0,1,1
133,0.67,23,29.1,51,1225,0.88,14,Empty,29,200,2.5,4,1
16,0.08,24,23.47,66,418,0.62,17,Lecture,40,200,1.5,3,-1
151,0.76,24,31.13,58,1280,0.8,9,Lecture,28,200,2.0,3,1
125,0.62,3,29.92,62,1085,0.66,9,Empty,36,200,2.0,2,1
189,0.94,21,34.37,43,1460,0.21,9,Lecture,40,200,2.0,1,1
198,0.99,16,34.01,64,1636,0.94,16,Lecture,34,200,1.5,1,1
170,0.85,24,30.91,50,1461,0.32,13,Networking,29,200,2.0,2,1
8,0.04,23,23.83,71,373,0.52,14,Empty,38,200,1.5,4,1
151,0.76,4,32.49,61,1234,0.32,10,Lecture,35,200,2.5,3,1
59,0.29,24,25.21,66,719,0.54,13,Empty,34,200,2.0,3,0
73,0.36,0,26.06,41,798,0.35,12,Lecture,28,200,1.5,1,0
158,0.79,13,32.34,49,1367,0.89,16,Empty,38,200,1.5,4,1
115,0.57,25,27.77,71,1046,0.55,12,Empty,30,200,2.0,4,1
125,0.62,20,31.41,70,1164,0.57,10,Networking,42,200,2.0,1,1
191,0.95,12,32.48,59,1529,0.57,11,Empty,36,200,1.5,2,1
54,0.27,8,26.68,53,678,0.95,14,Empty,31,200,1.5,2,1
69,0.34,4,27.56,55,861,0.53,16,Lecture,28,200,1.5,4,1
86,0.43,18,29.59,42,918,0.45,9,Lecture,41,200,2.0,4,1
123,0.61,17,28.79,43,1099,0.53,17,Networking,31,200,2.0,4,1
37,0.18,16,23.38,64,662,0.9,11,Empty,28,200,2.5,4,-1
172,0.86,5,31.12,59,1509,0.42,18,Empty,29,200,2.5,2,1
159,0.8,3,30.99,43,1428,0.63,15,Networking,28,200,2.0,3,1
146,0.73,15,32.29,43,1311,0.69,13,Empty,42,200,2.0,2,1
193,0.96,11,33.11,55,1613,0.54,13,Networking,36,200,2.0,4,1
12,0.06,19,25.75,59,463,0.3,14,Networking,40,200,2.5,4,0
185,0.93,12,33.3,43,1549,0.49,16,Lecture,28,200,2.0,2,1
15,0.07,7,25.13,68,454,0.65,17,Networking,39,200,2.5,3,1
184,0.92,20,32.52,55,1525,0.58,10,Lecture,30,200,2.5,2,1
104,0.52,14,27.64,57,976,0.26,10,Lecture,28,200,2.0,3,1
102,0.51,16,27.5,42,981,0.89,18,Lecture,36,200,2.5,4,1
61,0.3,16,27.57,54,770,0.5,17,Networking,34,200,2.5,1,1
45,0.23,13,27.24,42,703,0.23,12,Empty,40,200,1.5,3,1
117,0.58,8,28.43,66,1051,0.64,13,Lecture,28,200,1.5,3,1
38,0.19,25,23.66,42,659,0.91,12,Empty,28,200,2.5,1,-1
147,0.73,0,29.65,43,1291,0.46,10,Lecture,32,200,1.5,4,1
119,0.59,23,28.58,64,1106,0.93,11,Empty,40,200,1.5,3,1
3,0.01,17,24.94,65,408,0.86,9,Empty,41,200,2.5,3,0
121,0.6,14,31.05,67,1145,0.6,10,Empty,38,200,1.5,1,1
69,0.34,23,27.51,71,741,0.25,17,Lecture,28,200,2.5,2,1
93,0.47,10,28.78,74,981,0.39,9,Lecture,41,200,2.5,1,1
153,0.77,11,30.96,48,1397,0.93,18,Lecture,41,200,1.5,4,1
172,0.86,1,30.42,71,1496,0.28,12,Empty,28,200,2.0,4,1
150,0.75,1,29.4,72,1247,0.98,12,Lecture,31,200,2.0,3,1
196,0.98,19,34.06,55,1650,0.81,17,Empty,29,200,2.0,4,1
200,1.0,0,35.08,59,1522,0.66,18,Empty,42,200,2.5,3,1
147,0.73,17,30.27,52,1250,0.24,13,Networking,37,200,2.5,2,1
142,0.71,24,29.87,62,1202,0.9,10,Lecture,33,200,2.0,1,1
94,0.47,4,30.27,63,966,0.85,11,Lecture,42,200,2.0,4,1
152,0.76,23,31.73,59,1338,0.82,14,Lecture,34,200,2.5,1,1
92,0.46,22,26.91,66,1021,0.78,11,Empty,35,200,2.5,3,1
3,0.01,18,25.02,63,362,0.34,18,Networking,41,200,2.0,2,-1
178,0.89,9,33.49,74,1483,0.71,16,Networking,41,200,1.5,4,1
126,0.63,24,29.08,50,1117,0.94,10,Networking,40,200,2.5,3,1
123,0.61,5,28.27,44,1069,0.68,9,Empty,33,200,2.0,2,1
72,0.36,0,26.75,53,850,0.9,9,Networking,32,200,1.5,3,0
155,0.78,15,30.45,72,1272,0.21,14,Lecture,32,200,1.5,4,1
83,0.41,16,26.92,40,858,0.92,18,Lecture,42,200,2.5,2,0
1,0.01,13,22.9,71,480,0.63,9,Lecture,31,200,1.5,1,1
112,0.56,0,29.23,71,1037,0.5,10,Networking,42,200,1.5,4,1
133,0.67,24,32.25,61,1200,0.46,13,Networking,42,200,2.0,4,1
164,0.82,20,31.4,62,1305,0.32,17,Lecture,38,200,1.5,3,1
90,0.45,2,28.37,42,991,0.83,14,Networking,32,200,2.0,2,1
159,0.8,13,31.21,57,1408,0.88,16,Networking,35,200,1.5,1,1
69,0.34,12,27.88,53,831,0.36,15,Networking,30,200,2.0,3,1
178,0.89,16,33.88,46,1447,0.22,10,Empty,35,200,2.0,1,1
61,0.3,5,27.19,60,761,0.76,15,Lecture,39,200,1.5,1,1
121,0.6,11,28.38,48,1146,0.61,17,Lecture,37,200,1.5,4,1
182,0.91,17,31.87,55,1457,0.87,15,Lecture,40,200,2.0,4,1
49,0.24,1,24.89,62,747,0.25,13,Empty,38,200,2.0,1,-1
42,0.21,25,25.69,53,605,0.27,10,Networking,31,200,1.5,2,0
39,0.2,24,26.61,47,684,0.87,16,Empty,39,200,2.5,1,0
35,0.17,0,27.21,69,598,1.0,12,Lecture,40,200,2.5,3,1
35,0.17,14,25.42,44,651,0.3,16,Empty,33,200,1.5,1,0
63,0.32,21,27.6,74,830,0.61,10,Lecture,38,200,1.5,3,1
114,0.57,13,28.13,46,1071,0.33,15,Networking,36,200,1.5,1,1
123,0.61,0,30.09,66,1124,0.55,18,Lecture,29,200,2.0,3,1
129,0.65,9,31.01,64,1117,0.24,14,Empty,38,200,1.5,4,1
65,0.33,18,26.15,51,750,0.25,16,Empty,32,200,2.5,1,1
52,0.26,20,26.54,47,738,0.6,11,Lecture,36,200,2.0,4,-1
107,0.54,2,28.23,62,1056,0.99,17,Empty,33,200,1.5,4,1
43,0.21,21,25.16,50,612,0.81,11,Networking,39,200,2.5,2,0
164,0.82,8,33.52,50,1325,0.93,11,Lecture,42,200,2.5,4,1
78,0.39,8,27.74,58,884,0.95,11,Lecture,41,200,2.0,4,1
191,0.95,25,33.03,44,1576,0.26,10,Networking,40,200,2.0,4,1
13,0.07,8,22.46,74,507,0.24,11,Networking,30,200,2.5,4,1
189,0.94,18,33.34,64,1586,0.54,15,Lecture,42,200,1.5,1,1
126,0.63,25,31.52,62,1117,0.37,12,Empty,40,200,1.5,4,1
169,0.84,7,31.28,56,1410,0.76,11,Empty,40,200,2.5,1,1
176,0.88,14,32.64,73,1526,0.91,9,Lecture,33,200,2.5,1,1
104,0.52,13,29.2,56,945,0.45,10,Networking,39,200,1.5,1,1
147,0.73,13,30.46,63,1227,0.96,12,Lecture,42,200,1.5,4,1
73,0.36,10,26.2,72,904,0.66,18,Empty,31,200,1.5,4,1
39,0.2,23,24.05,70,668,0.28,12,Networking,36,200,1.5,4,0
62,0.31,22,25.64,44,722,0.67,18,Empty,34,200,2.0,3,0
111,0.56,18,27.85,54,1024,0.64,10,Networking,34,200,1.5,4,1
144,0.72,7,30.11,60,1189,0.73,17,Lecture,42,200,2.0,1,1
65,0.33,25,26.12,49,868,0.97,11,Networking,32,200,2.0,1,-1
48,0.24,14,25.22,51,680,0.26,12,Lecture,36,200,2.5,1,0
80,0.4,0,26.25,64,957,0.98,17,Networking,31,200,1.5,1,-1
61,0.3,15,25.89,41,839,0.78,18,Empty,36,200,2.5,4,0
175,0.88,23,31.83,60,1439,0.94,11,Empty,33,200,2.0,1,1
195,0.97,3,33.23,57,1587,0.82,9,Empty,32,200,1.5,1,1
104,0.52,16,28.42,66,1016,0.81,18,Empty,32,200,2.0,2,1
180,0.9,21,33.65,47,1430,0.52,17,Lecture,41,200,1.5,3,1
39,0.2,3,25.16,74,572,0.37,17,Networking,28,200,1.5,2,1
118,0.59,25,27.67,74,1084,0.8,17,Lecture,32,200,1.5,2,1
50,0.25,20,27.05,64,742,0.37,10,Networking,34,200,2.5,1,1
186,0.93,0,32.21,57,1574,0.81,17,Networking,28,200,2.0,3,1
163,0.81,21,32.27,67,1342,0.6,16,Lecture,41,200,2.5,2,1
198,0.99,13,34.87,64,1535,0.2,12,Lecture,36,200,2.5,1,1
171,0.85,5,31.95,68,1479,0.78,14,Lecture,29,200,1.5,4,1
136,0.68,25,29.03,40,1171,0.94,14,Lecture,36,200,1.5,3,1
48,0.24,12,23.83,44,683,0.64,11,Lecture,29,200,2.5,3,-1
155,0.78,23,32.22,60,1390,0.27,18,Networking,35,200,2.5,2,1
38,0.19,18,27.0,48,554,0.81,9,Lecture,39,200,1.5,2,0
58,0.29,16,25.91,74,773,0.32,16,Lecture,30,200,2.5,3,1
19,0.1,5,26.23,69,480,0.37,9,Lecture,41,200,1.5,3,0
77,0.39,2,27.1,60,854,0.4,17,Empty,32,200,1.5,1,1
141,0.7,1,28.88,58,1315,0.66,9,Empty,32,200,2.0,4,1
132,0.66,23,30.45,44,1119,0.62,12,Networking,41,200,1.5,2,1
9,0.04,11,24.57,50,480,0.26,10,Lecture,35,200,1.5,3,0
26,0.13,7,24.16,54,557,0.44,14,Lecture,31,200,1.5,4,0
174,0.87,11,30.51,57,1482,0.79,9,Empty,28,200,1.5,4,1
65,0.33,23,25.95,44,808,0.3,17,Empty,39,200,1.5,1,0
152,0.76,6,31.0,44,1261,0.39,9,Empty,38,200,2.0,3,1
144,0.72,9,31.27,49,1293,0.27,14,Empty,30,200,2.0,4,1
105,0.53,7,29.16,45,1081,0.61,10,Lecture,39,200,2.5,4,1
23,0.12,25,24.65,70,616,0.52,10,Networking,41,200,2.0,1,0
55,0.28,2,26.26,53,781,0.92,17,Lecture,38,200,1.5,4,1
78,0.39,24,27.36,67,900,0.24,13,Networking,30,200,2.5,3,1
140,0.7,15,31.14,50,1316,0.45,17,Lecture,36,200,1.5,1,1
55,0.28,4,25.36,60,740,0.54,13,Empty,39,200,2.0,1,0
32,0.16,12,24.42,66,529,0.56,16,Empty,28,200,2.0,4,0
174,0.87,8,30.98,40,1423,0.5,16,Networking,32,200,2.5,2,1
108,0.54,19,29.31,43,1088,0.7,10,Networking,38,200,2.5,1,1
60,0.3,7,27.51,41,750,0.95,18,Networking,33,200,2.0,2,1
1,0.01,2,23.64,63,393,0.2,12,Lecture,28,200,2.0,4,-1
143,0.71,23,30.93,54,1318,0.96,12,Empty,42,200,2.0,1,1
47,0.23,6,25.96,70,694,0.71,15,Empty,39,200,2.0,1,0
46,0.23,8,27.32,71,630,0.8,13,Lecture,40,200,2.0,3,1
153,0.77,8,32.52,54,1289,0.87,18,Lecture,36,200,2.5,3,1
5,0.03,10,25.39,61,412,0.5,14,Networking,40,200,1.5,3,1
66,0.33,1,27.33,52,732,0.26,15,Empty,32,200,2.5,4,1
198,0.99,2,32.81,71,1521,0.74,9,Lecture,30,200,1.5,1,1
55,0.28,24,25.31,46,795,1.0,12,Networking,37,200,1.5,1,1
68,0.34,17,27.07,62,753,0.3,17,Empty,41,200,2.0,2,1
198,0.99,8,33.76,47,1639,0.96,18,Empty,30,200,1.5,2,1
61,0.3,8,26.78,64,757,0.69,16,Networking,35,200,2.5,3,-1
151,0.76,10,30.32,73,1243,0.94,10,Networking,34,200,2.0,2,1
2,0.01,7,22.89,66,455,0.64,10,Empty,41,200,2.0,1,-1
171,0.85,0,33.3,43,1388,0.95,10,Empty,38,200,2.5,4,1
181,0.91,25,32.27,68,1482,0.23,18,Empty,37,200,2.0,3,1
174,0.87,16,31.25,62,1523,0.26,9,Networking,28,200,1.5,3,1
106,0.53,21,29.02,43,1094,0.87,10,Networking,36,200,2.0,4,1
82,0.41,3,28.34,40,926,0.47,12,Empty,28,200,2.5,2,1
181,0.91,7,30.99,68,1450,0.62,18,Lecture,31,200,1.5,3,1
85,0.42,12,25.76,70,936,0.61,17,Networking,28,200,2.0,3,-1
195,0.97,7,33.37,72,1509,0.44,17,Empty,31,200,1.5,3,1
155,0.78,23,31.58,44,1263,0.62,16,Networking,37,200,1.5,3,1
164,0.82,14,33.21,44,1457,0.67,15,Lecture,42,200,2.0,3,1
123,0.61,6,29.51,71,1185,0.36,17,Empty,31,200,2.5,4,1
163,0.81,23,31.97,73,1444,0.99,10,Networking,34,200,1.5,3,1
37,0.18,6,23.57,61,554,0.59,13,Empty,31,200,2.5,1,-1
191,0.95,9,33.08,51,1550,0.38,10,Networking,31,200,2.5,2,1
30,0.15,3,24.32,70,538,0.7,15,Networking,41,200,2.5,4,-1
149,0.74,5,30.38,57,1247,0.38,9,Empty,29,200,1.5,2,1
2,0.01,14,24.42,61,378,0.7,13,Networking,29,200,2.0,4,0
175,0.88,11,33.01,70,1511,0.47,14,Lecture,40,200,2.5,3,1
171,0.85,11,30.98,69,1346,0.25,13,Lecture,30,200,2.0,3,1
56,0.28,12,27.18,53,774,0.3,9,Lecture,36,200,2.0,2,1
186,0.93,6,31.54,60,1589,0.56,17,Lecture,32,200,1.5,4,1
191,0.95,20,33.15,42,1541,0.59,10,Empty,37,200,2.0,4,1
76,0.38,15,27.38,41,936,0.7,18,Empty,40,200,2.0,3,1
40,0.2,21,25.78,42,610,0.56,12,Lecture,30,200,1.5,4,0
137,0.69,9,29.56,47,1195,0.41,14,Lecture,40,200,1.5,3,1
37,0.18,23,24.98,59,656,0.21,16,Empty,34,200,1.5,2,1
126,0.63,9,27.79,67,1225,0.95,12,Empty,29,200,1.5,1,1
86,0.43,14,27.36,44,890,0.51,18,Networking,30,200,2.0,2,1
6,0.03,8,22.59,67,486,0.64,11,Networking,30,200,2.0,3,-1
130,0.65,7,28.0,74,1199,0.46,18,Empty,29,200,2.5,1,1
115,0.57,21,28.72,64,1096,0.62,16,Networking,31,200,2.5,3,1
194,0.97,21,31.07,68,1515,0.79,18,Empty,28,200,1.5,4,1
130,0.65,0,30.77,56,1234,0.23,18,Networking,33,200,1.5,3,1
99,0.49,1,28.96,54,939,0.66,17,Networking,32,200,1.5,2,1
127,0.64,21,29.48,70,1155,0.29,16,Networking,41,200,2.0,3,1
3,0.01,19,24.08,53,472,0.9,12,Empty,37,200,2.0,1,0
72,0.36,24,25.91,43,907,0.66,11,Lecture,33,200,1.5,2,0
41,0.2,3,26.04,46,582,0.86,16,Networking,28,200,2.0,1,0
62,0.31,24,27.98,46,823,0.48,14,Empty,41,200,2.5,1,1
27,0.14,10,25.48,51,497,0.2,13,Empty,30,200,2.0,2,0
50,0.25,9,26.96,53,633,0.68,14,Empty,41,200,2.0,3,0
50,0.25,25,25.19,45,662,0.65,12,Lecture,29,200,2.5,4,0
161,0.81,9,31.64,53,1408,0.22,12,Lecture,30,200,2.0,3,1
58,0.29,2,26.93,50,800,0.26,13,Networking,31,200,1.5,3,-1
174,0.87,6,31.63,54,1450,0.67,13,Lecture,29,200,1.5,3,1
33,0.17,17,23.69,73,519,0.51,9,Lecture,30,200,2.5,3,1
16,0.08,3,23.12,49,505,0.7,11,Networking,33,200,2.0,3,-1
117,0.58,10,28.64,54,1080,0.4,10,Empty,39,200,1.5,1,1
139,0.69,10,29.54,47,1210,0.45,13,Networking,31,200,2.0,3,1
26,0.13,22,24.07,51,563,0.89,11,Empty,40,200,2.0,2,0
10,0.05,6,25.59,63,409,0.32,18,Networking,36,200,2.0,4,1
167,0.83,14,32.83,49,1425,0.93,13,Networking,30,200,2.5,3,1
53,0.27,5,25.18,43,674,0.72,14,Networking,32,200,2.0,1,1
134,0.67,14,29.86,60,1198,0.27,16,Lecture,34,200,1.5,2,1
31,0.15,18,25.61,42,642,0.73,15,Networking,38,200,2.5,4,0
199,0.99,5,33.65,73,1566,0.41,13,Networking,36,200,2.0,3,1
182,0.91,22,32.52,58,1494,0.92,13,Networking,39,200,2.5,2,1
37,0.18,0,24.25,73,555,0.76,18,Lecture,29,200,2.5,1,1
39,0.2,25,24.7,57,614,0.58,12,Lecture,40,200,2.5,1,-1
142,0.71,14,29.5,62,1193,0.78,18,Networking,30,200,1.5,4,1
48,0.24,19,26.73,70,629,0.65,13,Empty,36,200,2.5,3,-1
84,0.42,6,29.07,48,847,0.74,15,Networking,42,200,1.5,1,1
9,0.04,10,24.55,43,454,0.81,15,Lecture,40,200,1.5,3,0
115,0.57,23,27.86,41,1066,0.37,15,Networking,35,200,2.0,2,1
145,0.72,14,31.9,66,1318,0.7,15,Networking,36,200,2.5,4,1
78,0.39,15,28.11,52,924,0.31,10,Empty,39,200,2.0,4,1
70,0.35,1,26.62,59,806,0.92,10,Networking,37,200,2.0,2,0
121,0.6,17,28.42,71,1112,0.22,13,Lecture,32,200,2.5,1,1
103,0.52,13,28.83,74,1024,0.81,18,Lecture,35,200,1.5,1,1
172,0.86,20,32.73,50,1490,0.29,18,Empty,36,200,1.5,4,1
56,0.28,23,24.53,65,788,0.82,18,Empty,31,200,1.5,3,0
74,0.37,24,25.78,50,800,0.64,17,Empty,31,200,2.5,3,0
26,0.13,15,22.87,44,493,0.38,16,Empty,29,200,2.0,1,-1
40,0.2,10,26.95,59,622,0.38,12,Networking,37,200,2.0,2,1
133,0.67,14,29.48,56,1206,0.48,17,Empty,41,200,2.5,1,1
78,0.39,14,27.06,62,822,0.69,16,Empty,29,200,2.0,1,1
53,0.27,19,24.73,73,729,0.95,18,Networking,30,200,2.5,4,1
53,0.27,15,25.07,58,715,0.45,17,Networking,32,200,2.0,3,0
178,0.89,15,32.3,47,1457,0.68,12,Networking,35,200,2.5,2,1
162,0.81,21,30.68,40,1370,0.78,11,Networking,37,200,2.5,1,1
3,0.01,16,23.67,71,395,0.39,18,Networking,36,200,2.5,1,1
43,0.21,12,24.71,58,641,0.8,9,Lecture,36,200,2.0,1,-1
30,0.15,14,24.21,43,529,0.29,15,Networking,42,200,2.5,2,0
159,0.8,24,32.31,61,1293,0.56,15,Networking,35,200,2.0,4,1
44,0.22,10,25.39,40,674,0.7,15,Empty,35,200,1.5,1,0
142,0.71,17,30.15,60,1323,0.53,18,Empty,29,200,2.5,4,1
199,0.99,21,33.11,55,1594,0.95,17,Networking,38,200,2.5,3,1
117,0.58,10,29.4,40,1155,0.87,11,Networking,32,200,2.0,2,1
15,0.07,3,23.23,44,491,0.55,14,Lecture,32,200,2.0,2,-1
129,0.65,14,30.5,73,1188,0.28,14,Lecture,28,200,2.0,2,1
38,0.19,2,25.48,53,603,0.34,17,Networking,42,200,2.0,3,0
147,0.73,0,29.52,70,1260,0.82,17,Empty,32,200,2.5,2,1
186,0.93,24,32.6,51,1565,0.76,18,Networking,40,200,2.5,2,1
139,0.69,9,30.65,68,1245,0.67,13,Networking,42,200,1.5,4,1
111,0.56,3,28.62,50,1032,0.54,12,Empty,39,200,2.5,4,1
26,0.13,15,23.58,72,625,0.41,18,Lecture,34,200,2.5,1,1
122,0.61,16,31.3,54,1101,0.87,18,Lecture,40,200,1.5,3,1
141,0.7,18,28.82,64,1193,0.93,13,Networking,28,200,2.5,1,1
182,0.91,5,34.46,44,1510,0.86,11,Networking,39,200,2.0,4,1
34,0.17,3,26.03,47,595,0.33,9,Empty,29,200,1.5,4,0
180,0.9,2,33.02,40,1537,0.6,16,Empty,32,200,2.5,1,1
124,0.62,19,30.96,41,1164,0.47,16,Lecture,39,200,2.5,3,1
67,0.34,24,28.06,46,748,0.59,18,Lecture,38,200,1.5,2,1
130,0.65,7,30.27,41,1220,0.26,12,Networking,29,200,2.5,4,1
99,0.49,14,27.68,72,978,0.43,17,Networking,32,200,2.0,2,1
71,0.35,15,27.29,67,772,0.52,11,Empty,28,200,1.5,3,1
126,0.63,7,29.14,64,1211,0.25,14,Empty,42,200,2.0,4,1
165,0.82,23,32.96,40,1356,0.9,16,Empty,37,200,2.5,2,1
50,0.25,18,24.87,71,742,0.77,13,Empty,35,200,2.0,2,1
194,0.97,8,35.24,75,1571,0.36,18,Empty,42,200,2.5,3,1
156,0.78,13,31.92,46,1269,0.32,14,Lecture,42,200,2.5,4,1
81,0.41,23,28.38,48,882,0.78,11,Empty,41,200,1.5,4,1
153,0.77,6,30.26,69,1386,0.49,12,Empty,29,200,1.5,3,1
152,0.76,18,31.96,58,1318,0.74,18,Empty,35,200,2.5,1,1
150,0.75,9,31.6,45,1354,0.58,11,Lecture,38,200,2.0,3,1
55,0.28,17,25.85,51,725,0.52,13,Empty,28,200,2.0,3,0
7,0.04,25,22.19,71,437,0.34,14,Networking,31,200,2.5,2,1
33,0.17,3,25.0,58,559,0.29,10,Empty,39,200,2.5,4,0
89,0.45,2,27.65,42,969,0.8,18,Empty,32,200,1.5,2,1
54,0.27,25,25.97,63,765,0.24,14,Lecture,33,200,1.5,1,0
74,0.37,22,27.63,58,835,0.82,10,Networking,33,200,1.5,3,1
54,0.27,13,26.75,75,679,0.7,11,Empty,34,200,2.0,3,1
162,0.81,9,31.2,44,1403,0.55,18,Networking,38,200,2.0,4,1
122,0.61,13,30.48,50,1209,0.29,9,Networking,41,200,2.0,3,1
6,0.03,7,23.02,51,376,0.56,9,Networking,35,200,2.5,4,-1
49,0.24,0,24.72,56,709,0.5,12,Lecture,30,200,1.5,2,0
3,0.01,3,23.53,57,347,0.35,13,Lecture,36,200,1.5,3,-1
163,0.81,0,31.95,70,1314,0.35,18,Networking,31,200,1.5,2,1
2,0.01,15,22.51,65,350,0.3,9,Lecture,37,200,2.5,1,-1
25,0.12,12,26.69,49,514,0.47,16,Empty,42,200,2.0,2,0
131,0.66,16,29.61,48,1255,0.24,10,Lecture,36,200,2.5,3,1
137,0.69,24,31.3,48,1259,0.43,18,Empty,37,200,2.0,4,1
178,0.89,1,33.07,73,1498,0.6,11,Lecture,39,200,2.0,2,1
38,0.19,18,26.16,74,620,0.3,14,Empty,31,200,2.0,3,1
9,0.04,3,24.66,67,527,0.76,12,Networking,29,200,2.0,4,1
31,0.15,3,25.14,46,636,0.74,11,Lecture,37,200,2.5,1,0
31,0.15,20,25.12,74,566,0.51,16,Lecture,40,200,2.5,3,1
97,0.48,8,27.93,68,967,0.68,12,Lecture,35,200,2.5,1,1
23,0.12,21,25.95,44,615,0.84,17,Networking,35,200,1.5,4,0
94,0.47,5,27.0,49,951,0.74,12,Empty,33,200,1.5,4,1
63,0.32,11,26.52,46,841,0.67,9,Lecture,33,200,1.5,2,-1
180,0.9,11,33.57,40,1532,0.33,9,Lecture,34,200,2.5,2,1
36,0.18,1,26.49,70,658,0.9,13,Networking,33,200,1.5,3,1
115,0.57,21,30.25,41,1087,0.23,18,Empty,41,200,2.0,2,1
53,0.27,23,25.91,67,654,0.76,15,Networking,41,200,2.0,3,1
174,0.87,6,32.0,66,1467,0.34,10,Empty,38,200,2.5,3,1
2,0.01,22,24.23,63,412,0.42,14,Empty,38,200,2.0,2,0
159,0.8,2,30.31,67,1416,0.53,16,Lecture,28,200,2.5,3,1
187,0.94,0,32.6,53,1487,0.32,13,Lecture,37,200,1.5,1,1
182,0.91,18,33.72,60,1434,0.36,16,Lecture,39,200,2.5,3,1
170,0.85,5,31.12,43,1468,0.66,17,Networking,40,200,2.5,2,1
167,0.83,18,31.86,49,1359,0.97,12,Networking,42,200,2.0,4,1
131,0.66,17,29.36,65,1233,0.55,9,Networking,31,200,2.0,4,1
7,0.04,5,23.18,73,522,0.54,13,Networking,39,200,1.5,2,1
61,0.3,12,26.4,42,809,0.76,12,Lecture,42,200,1.5,1,0
152,0.76,10,30.56,57,1273,0.41,18,Empty,41,200,1.5,2,1
174,0.87,7,34.34,51,1519,0.38,17,Empty,42,200,2.0,2,1
195,0.97,13,31.53,68,1645,0.94,9,Empty,28,200,2.0,1,1
124,0.62,12,29.51,73,1177,0.78,17,Empty,35,200,2.5,2,1
11,0.06,7,25.04,59,436,0.56,11,Lecture,40,200,1.5,4,0
73,0.36,23,28.06,74,773,0.33,11,Empty,37,200,1.5,4,1
111,0.56,5,28.45,67,1033,0.27,15,Empty,36,200,2.5,1,1
27,0.14,1,24.63,70,605,0.52,18,Empty,36,200,2.5,3,0
116,0.58,18,29.7,65,1125,0.31,18,Networking,35,200,2.0,1,1
159,0.8,18,32.58,54,1319,0.25,12,Empty,42,200,2.0,3,1
138,0.69,15,31.74,61,1189,0.8,16,Networking,34,200,2.5,1,1
140,0.7,7,30.13,51,1255,0.78,11,Lecture,35,200,2.5,3,1
72,0.36,4,26.47,64,766,0.38,11,Lecture,36,200,1.5,4,-1
148,0.74,1,30.44,53,1296,0.69,9,Networking,36,200,1.5,3,1
114,0.57,14,31.25,47,1042,0.81,17,Empty,41,200,2.0,4,1
75,0.38,3,26.0,62,846,0.24,9,Lecture,29,200,1.5,4,0
57,0.28,21,28.28,69,696,0.72,11,Networking,40,200,2.5,4,1
76,0.38,5,27.75,55,881,0.89,9,Empty,35,200,2.0,4,1
29,0.14,21,23.0,73,588,0.31,17,Lecture,29,200,2.5,4,1
69,0.34,19,27.41,52,837,0.28,18,Empty,32,200,1.5,2,1
44,0.22,8,27.43,47,689,0.85,13,Networking,42,200,1.5,2,1
100,0.5,12,28.93,69,933,0.63,12,Networking,37,200,1.5,1,1
161,0.81,16,31.01,53,1381,0.33,9,Networking,34,200,2.0,1,1
124,0.62,14,28.84,49,1076,0.8,11,Networking,30,200,2.5,2,1
135,0.68,20,29.89,44,1192,0.68,12,Networking,36,200,2.0,1,1
12,0.06,11,24.15,74,416,0.9,9,Networking,38,200,2.0,4,1
51,0.26,3,24.86,56,690,0.37,16,Lecture,30,200,1.5,1,0
38,0.19,25,25.58,65,552,0.31,9,Lecture,35,200,1.5,2,0
9,0.04,25,22.63,45,395,0.94,13,Empty,31,200,2.5,1,-1
41,0.2,12,26.07,57,638,0.99,17,Networking,36,200,1.5,3,-1
169,0.84,2,32.67,56,1367,0.59,17,Lecture,39,200,2.0,3,1
58,0.29,14,26.82,55,698,0.68,18,Lecture,35,200,2.5,1,1
124,0.62,9,29.88,71,1196,0.32,17,Lecture,38,200,1.5,4,1
79,0.4,20,27.29,48,916,0.72,15,Empty,37,200,2.0,1,1
21,0.1,19,23.87,51,571,0.32,12,Empty,29,200,2.5,3,-1
52,0.26,25,26.41,44,709,0.54,9,Empty,38,200,2.0,3,1
78,0.39,23,28.25,68,937,0.33,12,Networking,32,200,2.0,2,1
146,0.73,2,30.96,41,1298,0.66,11,Empty,32,200,2.0,2,1
0,0.0,13,23.72,43,472,0.74,12,Empty,39,200,2.5,4,-1
10,0.05,21,25.61,54,532,0.45,9,Empty,40,200,2.5,3,0
4,0.02,8,23.43,54,488,0.77,16,Empty,32,200,2.0,2,-1
10,0.05,14,25.6,44,485,0.39,17,Lecture,40,200,2.0,1,-1
7,0.04,8,25.06,49,433,0.82,13,Empty,40,200,2.0,2,-1
114,0.57,24,27.67,52,1104,0.41,9,Networking,33,200,2.0,2,1
184,0.92,3,34.13,63,1446,0.6,10,Networking,37,200,2.0,4,1
72,0.36,2,26.46,42,857,0.73,18,Empty,35,200,2.5,1,1
190,0.95,0,33.29,75,1558,0.69,9,Empty,36,200,1.5,4,1
81,0.41,14,28.05,63,894,0.93,14,Empty,29,200,2.5,1,1
149,0.74,3,31.02,52,1373,0.8,17,Lecture,28,200,2.5,1,1
48,0.24,9,25.63,49,739,0.59,9,Lecture,32,200,2.5,1,1
121,0.6,2,29.33,47,1096,0.74,17,Empty,39,200,2.5,4,1
18,0.09,22,23.12,74,482,0.37,18,Networking,30,200,1.5,2,1
176,0.88,16,31.94,74,1485,0.5,9,Empty,33,200,2.0,3,1
25,0.12,20,26.84,60,551,0.25,15,Empty,41,200,1.5,2,1
159,0.8,10,32.69,68,1315,0.58,9,Networking,40,200,2.0,4,1
54,0.27,13,24.64,60,664,0.23,9,Empty,30,200,1.5,3,1
147,0.73,21,31.04,63,1303,0.22,12,Empty,40,200,1.5,1,1
150,0.75,21,31.31,69,1266,0.44,18,Empty,34,200,2.5,1,1
117,0.58,1,28.07,47,1044,0.73,12,Empty,32,200,1.5,1,1
180,0.9,6,33.77,48,1493,0.38,18,Empty,36,200,2.5,1,1
73,0.36,17,27.83,59,891,0.22,10,Empty,36,200,2.0,4,1
113,0.56,20,28.99,63,1105,0.77,10,Networking,41,200,1.5,1,1
151,0.76,22,28.9,72,1351,0.69,14,Lecture,28,200,2.5,4,1
28,0.14,9,24.63,57,607,0.83,9,Lecture,37,200,2.0,4,0
31,0.15,16,26.53,71,614,0.81,14,Networking,36,200,1.5,3,1
181,0.91,8,34.0,46,1423,0.41,15,Networking,40,200,1.5,1,1
131,0.66,8,28.44,49,1256,0.58,16,Lecture,29,200,2.0,1,1
77,0.39,15,28.16,46,816,0.24,14,Networking,38,200,2.0,1,1
121,0.6,19,29.78,58,1173,0.83,14,Networking,40,200,1.5,2,1
156,0.78,9,32.49,53,1372,0.34,18,Lecture,38,200,2.0,2,1
141,0.7,22,32.26,74,1176,0.24,15,Lecture,41,200,2.0,4,1
179,0.9,0,31.32,55,1528,0.93,17,Lecture,38,200,2.0,4,1
25,0.12,21,24.99,73,558,0.71,9,Lecture,42,200,1.5,3,1
72,0.36,5,27.54,64,756,0.32,17,Lecture,40,200,1.5,4,1
195,0.97,17,32.45,69,1558,0.61,17,Networking,39,200,2.0,1,1
34,0.17,24,26.15,53,668,0.76,15,Lecture,34,200,1.5,1,1
44,0.22,13,24.63,49,707,0.89,15,Networking,38,200,1.5,2,1
175,0.88,6,31.21,47,1496,0.79,16,Lecture,35,200,2.0,4,1
20,0.1,6,24.54,41,570,0.39,13,Empty,34,200,2.5,1,0
58,0.29,20,27.77,73,807,0.74,11,Networking,40,200,2.5,1,1
73,0.36,7,28.78,71,831,0.33,10,Networking,41,200,2.0,1,1
41,0.2,1,26.66,67,579,0.61,15,Empty,38,200,1.5,4,0
182,0.91,10,32.69,49,1421,1.0,10,Lecture,38,200,2.5,2,1
150,0.75,20,30.96,54,1318,0.8,10,Empty,35,200,2.5,1,1
188,0.94,15,32.26,58,1480,0.58,12,Lecture,32,200,2.5,2,1
1,0.01,18,22.72,72,427,0.52,17,Empty,38,200,1.5,1,1
127,0.64,25,29.51,55,1107,0.36,13,Networking,36,200,2.0,1,1
101,0.51,7,28.43,53,994,0.25,18,Lecture,30,200,2.0,1,1
131,0.66,5,29.12,60,1175,0.33,13,Networking,38,200,2.0,3,1
84,0.42,6,26.32,57,890,0.47,9,Empty,28,200,2.0,3,0
74,0.37,5,26.82,43,821,0.23,11,Empty,42,200,2.0,3,0
180,0.9,12,31.42,56,1538,0.98,16,Networking,29,200,2.5,2,1
23,0.12,9,24.27,60,505,0.43,10,Empty,34,200,2.0,1,0
140,0.7,18,31.3,53,1193,0.49,13,Lecture,41,200,1.5,1,1
177,0.89,17,32.78,45,1483,0.4,16,Networking,28,200,1.5,2,1
110,0.55,18,27.41,64,1051,0.85,16,Empty,28,200,1.5,2,1
121,0.6,13,31.34,42,1083,0.37,13,Lecture,41,200,1.5,2,1
190,0.95,7,32.26,73,1502,0.9,9,Lecture,40,200,2.5,3,1
91,0.46,7,26.17,54,1004,0.38,10,Networking,31,200,2.5,4,1
7,0.04,23,25.27,66,521,0.4,9,Lecture,41,200,1.5,3,0
132,0.66,13,29.01,41,1132,0.8,16,Networking,36,200,1.5,3,1
182,0.91,0,33.15,51,1469,0.97,17,Networking,31,200,2.0,4,1
162,0.81,25,32.99,49,1333,0.35,13,Networking,39,200,2.5,4,1
126,0.63,2,30.66,56,1077,0.61,10,Networking,38,200,2.0,4,1
61,0.3,22,27.67,45,767,0.67,18,Empty,39,200,2.0,2,1
198,0.99,16,33.46,75,1619,0.21,16,Empty,35,200,1.5,3,1
9,0.04,23,25.12,51,411,0.9,17,Empty,35,200,1.5,1,0
42,0.21,9,25.2,42,660,0.44,12,Networking,38,200,1.5,3,0
115,0.57,3,27.78,57,1142,0.5,11,Empty,35,200,1.5,2,1
136,0.68,5,30.46,45,1237,0.86,11,Empty,35,200,2.0,3,1
144,0.72,13,29.05,69,1302,0.82,17,Lecture,29,200,2.0,1,1
89,0.45,21,28.63,51,973,0.87,14,Networking,32,200,1.5,1,1
104,0.52,8,29.31,72,1069,0.72,10,Networking,35,200,2.0,4,1
20,0.1,23,24.19,55,590,0.72,10,Empty,42,200,2.5,1,1
119,0.59,3,27.94,57,1126,0.91,14,Networking,29,200,1.5,2,1
98,0.49,17,27.45,71,991,0.27,11,Lecture,28,200,1.5,4,1
183,0.92,15,32.67,72,1481,0.38,10,Empty,39,200,2.0,3,1
81,0.41,23,27.7,67,925,0.45,15,Empty,41,200,2.0,1,1
103,0.52,9,29.55,65,1011,0.6,18,Networking,31,200,2.0,3,1
50,0.25,13,25.57,59,707,0.85,17,Empty,28,200,2.5,1,0
141,0.7,11,32.3,71,1179,0.95,11,Lecture,41,200,2.0,3,1
134,0.67,0,30.75,58,1268,0.21,11,Lecture,33,200,2.5,1,1
71,0.35,17,26.03,53,844,0.65,10,Lecture,31,200,2.5,1,-1
152,0.76,2,31.07,43,1285,0.93,18,Empty,40,200,2.0,4,1
16,0.08,15,24.64,65,545,0.88,17,Networking,34,200,2.0,4,0
187,0.94,4,33.13,69,1535,0.92,15,Networking,34,200,1.5,2,1
43,0.21,17,25.6,72,700,0.72,17,Networking,30,200,2.5,2,1
63,0.32,3,26.5,71,786,0.95,17,Empty,31,200,1.5,2,1
169,0.84,6,31.3,61,1396,0.27,11,Networking,30,200,2.0,3,1
26,0.13,8,23.81,71,574,0.49,10,Networking,39,200,2.0,1,1
64,0.32,21,27.59,53,842,0.21,15,Empty,38,200,1.5,3,1
60,0.3,7,26.97,41,724,0.7,11,Empty,34,200,2.5,3,0
3,0.01,12,24.25,62,367,0.38,17,Networking,29,200,2.0,4,0
106,0.53,16,29.84,49,1004,0.28,15,Empty,35,200,1.5,1,1
49,0.24,20,26.17,66,700,0.24,10,Empty,32,200,1.5,1,-1
151,0.76,3,30.35,59,1263,0.22,18,Networking,33,200,1.5,4,1
131,0.66,11,29.89,60,1162,0.33,12,Empty,32,200,1.5,1,1
23,0.12,25,23.18,65,569,0.57,9,Lecture,33,200,2.0,4,-1
47,0.23,12,24.02,56,730,0.77,15,Networking,31,200,1.5,1,0
143,0.71,1,30.41,47,1225,0.73,9,Empty,28,200,2.0,4,1
75,0.38,20,27.27,70,878,0.48,12,Lecture,40,200,2.0,4,1
191,0.95,13,32.91,61,1573,0.33,12,Empty,28,200,1.5,4,1
153,0.77,24,32.11,62,1372,0.91,14,Empty,42,200,2.0,2,1
83,0.41,9,26.54,74,973,0.57,12,Networking,34,200,2.5,2,1
33,0.17,2,24.85,66,537,0.47,16,Lecture,37,200,2.0,4,0
62,0.31,10,27.16,45,743,0.98,10,Networking,42,200,2.0,1,1
39,0.2,12,26.81,44,641,0.76,9,Networking,39,200,2.5,4,0
19,0.1,17,24.1,49,443,0.59,12,Networking,39,200,1.5,4,0
181,0.91,9,32.29,64,1527,0.76,9,Networking,38,200,2.0,3,1
128,0.64,5,31.63,61,1111,0.88,14,Lecture,38,200,2.0,1,1
47,0.23,13,26.98,61,616,0.56,10,Networking,39,200,2.0,4,-1
97,0.48,1,27.74,63,917,0.42,18,Networking,29,200,1.5,1,1
169,0.84,4,32.24,67,1357,0.92,14,Empty,38,200,2.0,3,1
10,0.05,15,24.11,41,518,0.95,16,Lecture,32,200,2.0,4,-1
181,0.91,3,31.14,70,1429,0.97,17,Networking,28,200,2.0,1,1
30,0.15,12,23.74,65,618,0.36,17,Lecture,36,200,1.5,2,-1
50,0.25,4,26.65,42,690,0.34,18,Lecture,38,200,2.0,3,1
85,0.42,15,28.42,68,957,0.57,15,Empty,39,200,2.0,1,1
177,0.89,3,32.58,71,1467,0.97,11,Networking,42,200,1.5,4,1
44,0.22,1,26.14,40,730,0.87,10,Lecture,37,200,2.5,4,0
114,0.57,10,27.79,53,1142,0.87,17,Empty,33,200,1.5,2,1
34,0.17,4,25.91,41,625,0.8,13,Empty,35,200,1.5,3,0
138,0.69,15,30.82,68,1284,0.5,12,Networking,33,200,1.5,4,1
39,0.2,13,25.22,52,674,0.65,9,Lecture,36,200,2.0,1,1
119,0.59,16,29.66,65,1189,0.53,15,Empty,31,200,2.5,3,1
83,0.41,15,27.75,56,950,0.73,11,Networking,30,200,2.5,4,1
4,0.02,23,25.72,56,482,0.65,18,Networking,42,200,2.5,3,1
117,0.58,6,29.05,68,1025,0.9,12,Empty,38,200,1.5,2,1
35,0.17,2,24.24,49,607,0.88,17,Empty,37,200,2.5,1,1
61,0.3,21,26.34,52,760,0.52,13,Lecture,28,200,2.5,3,1
105,0.53,10,29.1,54,1007,0.9,17,Networking,33,200,1.5,3,1
124,0.62,19,28.16,49,1083,0.32,15,Networking,34,200,2.5,4,1
167,0.83,14,33.39,68,1450,0.22,18,Networking,40,200,1.5,1,1
87,0.43,9,27.68,67,953,0.91,14,Networking,32,200,2.5,4,1
171,0.85,18,31.09,43,1411,0.45,15,Empty,29,200,2.0,2,1
118,0.59,1,30.15,72,1090,0.44,9,Empty,30,200,1.5,1,1
36,0.18,10,26.5,41,610,0.62,15,Networking,38,200,1.5,3,0
45,0.23,3,23.77,49,622,0.45,11,Networking,30,200,1.5,3,-1
183,0.92,20,31.42,47,1489,0.36,18,Empty,36,200,1.5,1,1
168,0.84,20,29.96,68,1395,0.39,12,Lecture,30,200,2.5,3,1
133,0.67,15,31.08,49,1196,0.83,18,Lecture,36,200,2.0,1,1
21,0.1,19,24.98,45,595,0.69,18,Lecture,37,200,2.0,4,0
2,0.01,16,22.52,69,421,0.74,16,Lecture,31,200,2.0,4,-1
132,0.66,5,29.82,62,1140,0.29,11,Empty,38,200,2.5,2,1
63,0.32,5,26.77,50,802,0.24,12,Lecture,30,200,2.0,1,0
131,0.66,4,28.02,53,1173,0.24,11,Lecture,28,200,2.5,2,1
38,0.19,12,24.68,70,610,0.72,14,Networking,38,200,2.0,3,0
67,0.34,23,26.72,48,801,0.35,17,Empty,32,200,1.5,2,1
190,0.95,2,32.42,47,1548,0.59,11,Empty,38,200,1.5,2,1
48,0.24,3,25.76,55,657,0.45,18,Lecture,34,200,2.5,1,0
37,0.18,12,26.35,67,573,0.22,10,Lecture,37,200,2.0,2,-1
17,0.09,25,25.39,70,571,0.29,12,Empty,41,200,1.5,4,0
116,0.58,9,30.12,64,1042,0.45,15,Empty,34,200,1.5,2,1
169,0.84,10,30.93,41,1480,0.37,18,Lecture,29,200,1.5,4,1
134,0.67,1,29.11,52,1239,0.85,13,Empty,31,200,2.0,2,1
148,0.74,15,30.17,58,1272,0.44,17,Empty,40,200,2.5,2,1
174,0.87,17,33.18,65,1460,0.5,15,Networking,38,200,1.5,3,1
15,0.07,15,25.2,43,549,0.3,11,Lecture,42,200,2.0,2,0
127,0.64,2,31.15,64,1217,0.76,10,Networking,38,200,2.5,3,1
186,0.93,5,33.07,73,1499,0.87,14,Empty,29,200,2.0,1,1
173,0.86,10,31.9,65,1359,0.78,15,Lecture,40,200,1.5,4,1
128,0.64,7,29.25,68,1168,0.48,17,Lecture,28,200,1.5,1,1
138,0.69,15,29.4,48,1237,0.54,9,Empty,35,200,2.5,3,1
131,0.66,15,30.56,58,1225,0.98,17,Empty,38,200,1.5,4,1
27,0.14,18,23.52,46,636,0.91,15,Lecture,32,200,2.0,2,-1
60,0.3,14,24.73,65,738,0.49,10,Empty,29,200,1.5,3,-1
130,0.65,7,29.08,67,1258,0.64,11,Lecture,37,200,2.0,3,1
148,0.74,16,29.89,42,1226,0.97,14,Networking,30,200,1.5,3,1
23,0.12,14,24.76,68,461,0.62,14,Lecture,32,200,1.5,3,-1
48,0.24,7,26.36,73,662,0.34,17,Empty,28,200,1.5,1,1
184,0.92,15,31.96,62,1428,0.32,18,Networking,35,200,2.0,2,1
195,0.97,5,31.84,53,1573,0.92,12,Empty,29,200,1.5,2,1
83,0.41,11,28.0,57,891,0.69,12,Networking,37,200,2.0,3,1
79,0.4,19,26.68,43,809,0.93,16,Empty,34,200,1.5,4,1
71,0.35,17,27.0,43,793,0.8,11,Networking,34,200,2.5,2,1
159,0.8,21,31.87,66,1296,0.22,13,Empty,29,200,2.0,2,1
31,0.15,24,23.28,65,596,0.84,15,Networking,28,200,1.5,2,-1
52,0.26,0,26.97,55,720,0.93,17,Networking,32,200,1.5,1,0
54,0.27,3,24.93,55,754,0.42,14,Networking,32,200,2.0,2,0
142,0.71,11,29.3,62,1174,0.61,9,Lecture,31,200,2.5,2,1
12,0.06,8,22.11,47,523,0.29,17,Networking,28,200,2.0,3,-1
87,0.43,7,28.0,52,970,0.75,11,Empty,38,200,2.5,1,1
160,0.8,12,30.45,74,1368,0.53,18,Empty,30,200,2.0,4,1
73,0.36,17,27.72,45,837,0.5,17,Empty,37,200,2.5,4,1
189,0.94,19,33.69,66,1512,0.34,16,Lecture,36,200,2.5,1,1
34,0.17,13,24.52,75,594,0.81,9,Networking,35,200,2.0,3,1
128,0.64,10,29.49,60,1093,0.43,13,Empty,29,200,2.0,4,1
25,0.12,3,25.16,74,478,0.22,18,Lecture,41,200,2.5,3,1
148,0.74,12,29.73,49,1338,0.83,16,Empty,30,200,2.0,3,1
111,0.56,10,28.29,43,1141,0.89,14,Empty,39,200,2.5,3,1
99,0.49,18,27.44,74,1002,0.78,10,Lecture,37,200,1.5,2,1
195,0.97,22,34.88,67,1645,0.68,16,Networking,40,200,1.5,3,1
27,0.14,21,23.85,50,579,0.75,15,Lecture,39,200,2.5,4,-1
43,0.21,1,26.47,71,609,0.32,14,Lecture,31,200,2.0,3,1
185,0.93,16,34.61,45,1516,0.69,13,Empty,41,200,2.0,3,1
167,0.83,1,31.73,58,1389,0.21,11,Empty,42,200,1.5,2,1
110,0.55,25,27.77,57,1096,0.56,10,Networking,33,200,1.5,1,1
92,0.46,16,27.18,68,995,0.55,13,Networking,38,200,2.5,2,1
93,0.47,4,28.76,56,953,0.75,17,Empty,35,200,2.0,1,1
76,0.38,19,27.79,73,843,0.49,18,Networking,31,200,1.5,1,1
115,0.57,20,29.21,51,1026,0.64,16,Empty,34,200,1.5,1,1
177,0.89,23,32.99,65,1413,0.67,18,Lecture,32,200,2.5,3,1
90,0.45,16,27.92,61,863,0.61,17,Lecture,29,200,2.0,3,1
62,0.31,5,28.19,59,785,0.66,12,Empty,41,200,2.0,1,1
58,0.29,13,26.05,53,755,0.74,10,Networking,40,200,2.5,2,0
84,0.42,21,27.02,42,941,0.59,10,Empty,32,200,2.5,3,1
142,0.71,21,29.61,43,1242,0.89,16,Lecture,36,200,2.5,2,1
147,0.73,21,31.12,44,1362,0.29,11,Networking,38,200,1.5,4,1
66,0.33,18,26.41,41,811,0.37,11,Empty,31,200,1.5,3,0
102,0.51,9,29.65,46,1023,0.22,15,Lecture,36,200,1.5,4,1
24,0.12,7,24.95,71,618,0.87,11,Empty,42,200,2.0,2,1
31,0.15,18,24.79,75,507,0.37,16,Empty,29,200,2.0,3,1
111,0.56,16,28.62,70,1023,0.54,16,Lecture,39,200,2.0,4,1
32,0.16,8,23.37,54,522,0.84,11,Lecture,32,200,1.5,4,-1
108,0.54,19,28.79,68,972,0.58,18,Lecture,30,200,1.5,1,1
199,0.99,4,34.42,45,1562,0.31,17,Empty,36,200,2.0,2,1
185,0.93,21,32.8,55,1587,0.97,16,Lecture,33,200,2.5,2,1
141,0.7,19,31.19,51,1226,0.43,18,Networking,30,200,2.5,1,1
136,0.68,0,30.35,49,1267,0.49,15,Networking,35,200,2.5,2,1
24,0.12,0,23.1,75,602,0.21,18,Empty,33,200,2.5,3,1
67,0.34,11,25.87,65,855,0.23,14,Lecture,37,200,2.5,2,0
169,0.84,3,32.53,49,1421,0.9,18,Networking,30,200,2.5,3,1
178,0.89,4,32.79,49,1532,0.83,15,Lecture,34,200,1.5,2,1
100,0.5,18,27.96,57,920,0.85,9,Networking,28,200,2.5,3,1
89,0.45,24,27.83,57,927,0.76,11,Lecture,39,200,2.5,3,1
198,0.99,16,33.08,51,1597,0.27,10,Networking,31,200,2.5,1,1
20,0.1,16,24.55,50,502,0.77,15,Networking,32,200,2.0,3,1
187,0.94,25,32.89,42,1481,0.25,12,Empty,41,200,2.5,4,1
75,0.38,14,27.27,73,894,0.61,13,Lecture,34,200,1.5,3,1
151,0.76,23,31.18,54,1233,0.2,9,Networking,38,200,2.0,2,1
7,0.04,8,23.23,57,496,0.85,18,Lecture,39,200,1.5,4,-1
86,0.43,12,26.59,42,994,0.77,15,Lecture,31,200,1.5,3,0
35,0.17,19,26.03,49,532,0.56,15,Empty,33,200,2.0,1,1
174,0.87,12,32.02,56,1485,0.76,11,Networking,41,200,1.5,1,1
49,0.24,9,27.0,64,679,0.68,17,Lecture,34,200,1.5,3,1
21,0.1,13,23.71,47,491,0.28,9,Networking,39,200,2.5,4,-1
50,0.25,13,25.71,54,715,0.58,17,Lecture,34,200,2.0,4,-1
47,0.23,8,26.25,61,648,0.92,9,Empty,42,200,1.5,1,0
10,0.05,6,24.34,66,465,0.24,9,Lecture,30,200,2.0,3,-1
162,0.81,15,30.58,40,1326,0.21,17,Empty,38,200,1.5,1,1
187,0.94,0,32.68,48,1591,0.7,18,Lecture,32,200,1.5,2,1
74,0.37,8,26.25,75,866,0.33,14,Networking,29,200,2.0,3,1
77,0.39,15,27.79,62,912,0.48,11,Empty,33,200,1.5,3,1
194,0.97,3,33.63,52,1644,0.33,9,Networking,28,200,1.5,4,1
186,0.93,2,33.48,61,1495,0.89,9,Lecture,33,200,2.0,1,1
97,0.48,0,29.05,68,1020,0.36,10,Empty,37,200,2.5,2,1
183,0.92,5,31.81,61,1559,0.87,12,Empty,36,200,2.5,1,1
100,0.5,3,27.49,45,997,0.88,13,Networking,30,200,2.0,2,1
100,0.5,20,26.75,75,975,0.52,13,Empty,29,200,2.0,4,1
120,0.6,2,28.48,73,1064,0.33,11,Networking,30,200,1.5,3,1
25,0.12,22,26.11,48,513,0.88,14,Empty,42,200,1.5,3,1
165,0.82,9,30.97,42,1314,0.96,17,Empty,40,200,2.5,2,1
108,0.54,3,27.97,58,1027,0.37,14,Networking,35,200,2.0,4,1
161,0.81,2,29.77,48,1383,0.42,18,Empty,29,200,2.0,1,1
101,0.51,6,29.24,67,956,0.72,17,Empty,28,200,2.0,2,1
56,0.28,17,26.39,58,700,0.92,9,Lecture,31,200,2.5,1,0
162,0.81,10,30.68,55,1325,0.37,16,Empty,29,200,2.5,1,1
90,0.45,14,28.14,61,987,0.69,11,Empty,33,200,1.5,2,1
109,0.55,17,28.79,48,1047,0.23,15,Networking,37,200,2.5,2,1
123,0.61,19,29.87,44,1178,0.89,13,Networking,30,200,1.5,2,1
164,0.82,1,32.41,62,1322,0.84,10,Empty,40,200,2.0,1,1
199,0.99,8,33.42,57,1647,0.67,10,Networking,32,200,2.5,3,1
23,0.12,16,24.06,61,612,0.93,15,Lecture,40,200,2.0,3,-1
135,0.68,24,30.92,48,1208,0.83,18,Lecture,36,200,2.5,3,1
135,0.68,17,30.34,57,1178,0.23,16,Networking,37,200,1.5,3,1
54,0.27,20,27.19,41,732,0.81,11,Networking,30,200,2.0,4,1
196,0.98,1,34.15,47,1640,0.48,13,Empty,29,200,1.5,1,1
81,0.41,15,27.01,55,910,0.37,16,Networking,29,200,2.5,4,1
75,0.38,20,27.61,67,811,0.96,15,Empty,28,200,2.0,1,1
126,0.63,5,28.63,42,1078,0.69,14,Lecture,35,200,2.0,2,1
28,0.14,4,24.21,40,495,0.33,12,Empty,28,200,2.5,3,0
106,0.53,11,29.23,68,970,0.9,11,Empty,29,200,2.5,3,1
37,0.18,11,26.81,62,675,0.93,9,Lecture,35,200,2.5,3,1
30,0.15,23,23.39,60,606,0.96,14,Networking,32,200,2.5,1,-1
26,0.13,16,23.84,54,494,0.45,16,Networking,39,200,1.5,2,-1
183,0.92,12,34.64,74,1519,0.41,18,Lecture,41,200,1.5,3,1
108,0.54,11,30.07,62,1104,0.66,14,Networking,39,200,2.0,2,1
8,0.04,25,24.72,62,466,0.47,10,Lecture,29,200,2.0,2,1
26,0.13,21,24.22,63,611,0.94,13,Empty,37,200,2.5,2,0
163,0.81,1,29.94,61,1410,0.33,17,Networking,32,200,2.0,1,1
3,0.01,11,21.63,42,354,0.69,17,Lecture,28,200,2.0,3,-1
81,0.41,18,28.13,51,949,1.0,15,Lecture,41,200,2.5,3,1
87,0.43,14,28.78,69,946,0.47,15,Empty,30,200,1.5,1,1
22,0.11,16,25.33,59,520,0.48,10,Networking,30,200,1.5,4,1
143,0.71,2,29.01,59,1227,0.79,15,Networking,30,200,2.5,4,1
125,0.62,25,31.17,54,1160,0.64,14,Empty,42,200,2.5,2,1
111,0.56,18,29.49,53,1007,0.74,16,Networking,37,200,2.0,4,1
167,0.83,9,30.18,65,1481,0.81,14,Lecture,32,200,1.5,3,1
24,0.12,12,24.16,73,513,0.62,12,Empty,36,200,1.5,2,1
155,0.78,8,31.98,41,1388,0.46,11,Lecture,41,200,2.5,1,1
182,0.91,2,33.07,58,1457,0.98,15,Networking,41,200,1.5,2,1
86,0.43,14,27.03,56,913,0.62,14,Lecture,40,200,1.5,2,1
41,0.2,2,24.58,69,571,0.77,9,Lecture,34,200,1.5,3,1
81,0.41,8,26.74,51,833,0.47,11,Empty,39,200,1.5,2,0
90,0.45,16,29.28,59,903,0.69,15,Empty,37,200,2.5,4,1
102,0.51,20,29.29,48,1004,0.42,10,Lecture,41,200,2.0,4,1
24,0.12,20,24.54,71,546,0.51,10,Networking,38,200,2.0,3,1
138,0.69,13,30.62,57,1275,1.0,14,Networking,39,200,2.0,2,1
81,0.41,20,26.88,49,870,0.22,10,Empty,31,200,1.5,1,0
2,0.01,5,24.51,63,465,0.6,10,Networking,38,200,1.5,4,1
182,0.91,13,32.95,69,1498,0.55,9,Empty,41,200,2.5,4,1
29,0.14,12,26.1,72,588,0.65,9,Networking,35,200,2.5,1,1
115,0.57,18,28.71,58,1149,0.54,13,Networking,40,200,1.5,3,1
59,0.29,2,27.24,64,746,0.6,16,Empty,37,200,1.5,3,1
167,0.83,7,32.07,58,1363,0.81,14,Networking,35,200,1.5,2,1
135,0.68,12,30.31,55,1154,0.91,13,Lecture,38,200,2.0,4,1
148,0.74,22,30.51,64,1227,0.87,10,Lecture,30,200,2.5,1,1
7,0.04,8,23.35,49,363,0.24,12,Empty,31,200,2.0,4,-1
25,0.12,22,23.24,56,535,0.77,14,Empty,32,200,1.5,4,-1
81,0.41,24,26.52,73,960,0.58,16,Lecture,33,200,2.5,2,1
56,0.28,9,25.96,69,747,0.22,16,Networking,42,200,2.0,3,0
123,0.61,0,29.5,69,1177,0.85,17,Empty,39,200,2.0,1,1
17,0.09,10,25.98,49,581,0.31,9,Lecture,37,200,1.5,2,0
119,0.59,9,31.18,66,1103,0.62,18,Lecture,41,200,2.0,4,1
88,0.44,15,27.05,48,878,0.45,18,Empty,41,200,2.5,1,1
23,0.12,1,23.85,48,520,0.59,9,Lecture,40,200,2.5,3,-1
68,0.34,11,25.07,63,792,0.66,16,Networking,29,200,2.0,2,0
161,0.81,22,32.8,49,1343,0.56,15,Lecture,42,200,2.0,1,1
121,0.6,23,29.45,45,1176,0.39,15,Empty,35,200,1.5,2,1
57,0.28,4,26.52,43,806,0.85,18,Networking,41,200,2.5,4,0
107,0.54,21,30.25,45,967,0.97,15,Empty,35,200,2.5,4,1
12,0.06,23,24.85,42,394,0.99,14,Empty,42,200,2.5,3,0
180,0.9,0,31.31,70,1421,0.45,11,Empty,35,200,1.5,1,1
105,0.53,8,28.45,71,1106,0.56,16,Networking,29,200,2.5,3,1
61,0.3,19,26.64,55,830,0.41,15,Empty,34,200,2.5,3,0
24,0.12,8,23.87,51,580,0.97,9,Lecture,31,200,1.5,4,-1
63,0.32,19,25.04,71,720,0.36,10,Empty,33,200,1.5,1,1
120,0.6,24,30.13,53,1138,0.6,16,Networking,41,200,2.5,3,1
35,0.17,10,25.5,40,673,0.49,16,Networking,33,200,2.0,2,1
110,0.55,13,28.32,46,1060,0.21,16,Lecture,33,200,2.0,4,1
2,0.01,25,21.66,70,490,0.45,12,Lecture,29,200,1.5,3,-1
178,0.89,25,32.14,73,1535,0.48,14,Empty,34,200,2.0,3,1
6,0.03,17,22.0,58,508,0.94,11,Networking,32,200,2.5,3,-1
173,0.86,25,31.37,40,1464,0.72,13,Empty,31,200,1.5,4,1
77,0.39,1,28.33,53,825,0.67,12,Empty,38,200,2.5,4,1
152,0.76,0,31.99,46,1278,1.0,17,Empty,31,200,2.5,2,1
7,0.04,22,22.86,67,467,0.47,17,Networking,36,200,2.0,2,-1
192,0.96,21,31.33,59,1556,0.71,14,Networking,31,200,2.0,2,1
154,0.77,1,31.7,65,1365,0.4,17,Lecture,39,200,1.5,1,1
134,0.67,2,28.49,73,1278,0.56,15,Networking,30,200,1.5,4,1
198,0.99,7,33.13,49,1559,0.8,12,Networking,36,200,2.0,2,1
57,0.28,7,26.99,53,818,0.94,14,Lecture,29,200,2.0,4,0
58,0.29,7,27.23,47,739,0.54,14,Empty,32,200,2.0,2,1
125,0.62,18,29.64,51,1105,0.72,16,Empty,40,200,2.5,2,1
165,0.82,21,31.68,67,1416,0.32,14,Lecture,29,200,1.5,3,1
18,0.09,13,23.01,42,581,0.55,13,Empty,36,200,1.5,2,-1
29,0.14,12,23.48,70,616,0.45,11,Networking,28,200,1.5,2,-1
180,0.9,8,32.86,57,1403,0.79,12,Networking,40,200,1.5,2,1
94,0.47,4,27.86,40,1032,0.35,16,Empty,31,200,2.0,3,1
22,0.11,5,23.75,72,582,0.85,11,Networking,32,200,2.5,4,1
34,0.17,7,24.87,56,544,0.43,12,Networking,31,200,2.5,3,1
194,0.97,24,34.62,69,1635,0.46,9,Lecture,39,200,1.5,4,1
87,0.43,22,28.97,56,988,0.42,17,Empty,36,200,2.0,1,1
161,0.81,21,31.33,53,1423,0.51,18,Networking,29,200,2.5,3,1
23,0.12,14,23.78,44,554,0.94,12,Networking,38,200,2.5,3,-1
181,0.91,7,32.33,51,1509,0.56,12,Lecture,28,200,2.5,2,1
176,0.88,16,32.97,54,1458,0.53,10,Lecture,32,200,1.5,4,1
5,0.03,24,21.59,41,350,0.93,12,Empty,28,200,2.0,1,-1
67,0.34,22,26.09,68,746,0.95,10,Empty,31,200,1.5,2,-1
139,0.69,14,29.13,59,1252,0.27,9,Empty,36,200,2.0,4,1
25,0.12,15,24.39,55,490,0.65,12,Networking,33,200,2.0,4,-1
34,0.17,11,23.94,61,564,0.99,13,Networking,33,200,2.5,1,-1
150,0.75,14,30.44,48,1315,0.85,16,Networking,34,200,2.0,3,1
43,0.21,13,26.06,67,732,0.87,12,Empty,28,200,1.5,2,0
190,0.95,1,32.8,52,1601,0.39,15,Networking,28,200,2.0,1,1
19,0.1,25,23.87,51,443,0.31,17,Networking,37,200,1.5,2,-1
129,0.65,20,30.69,64,1122,0.57,17,Networking,33,200,2.0,2,1
77,0.39,4,25.64,57,782,0.29,17,Networking,32,200,2.0,4,1
121,0.6,20,27.84,62,1204,0.42,10,Empty,32,200,1.5,2,1
101,0.51,9,28.46,52,1003,0.26,18,Networking,28,200,2.0,1,1
58,0.29,20,25.35,53,701,0.99,10,Lecture,35,200,1.5,1,0
161,0.81,20,31.9,48,1417,0.27,9,Empty,34,200,2.0,3,1
29,0.14,21,23.9,63,514,1.0,10,Empty,29,200,2.0,3,-1
25,0.12,24,24.71,40,581,0.32,18,Lecture,37,200,2.0,3,1
154,0.77,13,30.98,62,1402,0.23,12,Empty,33,200,2.0,1,1
170,0.85,1,32.61,44,1430,0.91,15,Empty,37,200,1.5,1,1
33,0.17,20,24.68,40,641,0.45,11,Empty,38,200,2.5,2,0
84,0.42,24,26.62,67,860,0.85,18,Networking,31,200,2.5,4,-1
44,0.22,23,25.7,51,670,0.33,9,Lecture,28,200,1.5,1,0
139,0.69,5,32.18,64,1280,0.96,12,Networking,41,200,2.5,3,1
168,0.84,21,31.71,72,1394,0.82,9,Networking,35,200,1.5,3,1
26,0.13,9,24.51,40,614,0.81,17,Lecture,37,200,1.5,1,0
141,0.7,11,30.38,69,1299,0.54,11,Empty,31,200,1.5,4,1
199,0.99,15,32.45,52,1579,0.92,13,Empty,33,200,1.5,2,1
45,0.23,22,26.65,61,737,0.37,11,Lecture,39,200,2.5,1,0
27,0.14,7,25.05,64,511,0.71,14,Networking,37,200,1.5,3,1
199,0.99,20,33.64,62,1665,0.27,10,Networking,37,200,1.5,1,1
10,0.05,22,25.67,63,440,0.9,17,Empty,40,200,2.5,4,0
179,0.9,6,31.64,48,1444,0.27,13,Empty,39,200,1.5,1,1
7,0.04,20,23.77,63,448,0.64,15,Lecture,40,200,2.5,2,-1
92,0.46,3,26.58,74,1029,0.7,12,Lecture,28,200,1.5,1,1
137,0.69,21,30.1,69,1207,0.22,17,Lecture,37,200,2.0,3,1
27,0.14,2,25.03,49,557,0.52,9,Empty,33,200,1.5,1,-1
190,0.95,13,31.38,53,1549,0.89,18,Lecture,33,200,1.5,4,1
157,0.79,6,31.55,59,1330,0.95,17,Lecture,42,200,2.0,2,1
50,0.25,15,26.49,68,645,1.0,11,Empty,41,200,2.5,2,-1
38,0.19,9,23.97,43,585,0.47,18,Networking,28,200,1.5,2,-1
17,0.09,13,23.25,44,451,0.62,9,Networking,36,200,2.5,4,-1
4,0.02,25,24.04,72,393,0.22,10,Lecture,38,200,1.5,1,1
90,0.45,7,28.59,66,883,0.33,12,Lecture,31,200,2.5,3,1
57,0.28,22,24.68,68,778,0.78,10,Networking,33,200,1.5,1,1
66,0.33,0,26.61,68,736,0.64,14,Networking,38,200,2.0,4,0
81,0.41,17,28.26,40,836,0.4,16,Networking,38,200,2.0,2,1
173,0.86,1,33.81,57,1495,0.55,11,Empty,38,200,2.5,4,1
78,0.39,9,26.91,66,853,0.63,10,Lecture,35,200,1.5,3,0
141,0.7,9,28.54,66,1326,0.37,12,Networking,29,200,1.5,3,1
200,1.0,10,32.92,51,1645,0.89,14,Lecture,30,200,1.5,2,1
194,0.97,13,32.22,63,1557,0.49,15,Empty,28,200,1.5,3,1
182,0.91,20,33.14,40,1473,0.64,17,Empty,40,200,2.5,3,1
56,0.28,25,27.85,74,806,0.64,17,Networking,37,200,2.0,2,1
148,0.74,11,32.21,67,1220,0.65,15,Empty,34,200,2.0,3,1
122,0.61,12,30.48,49,1136,0.37,15,Lecture,36,200,2.0,3,1
164,0.82,21,30.33,67,1443,0.78,18,Lecture,35,200,2.0,2,1
121,0.6,9,28.88,63,1145,0.7,12,Networking,42,200,1.5,4,1
58,0.29,20,28.06,71,757,0.25,11,Lecture,38,200,2.0,1,1
141,0.7,18,30.96,54,1263,0.91,12,Empty,39,200,1.5,3,1
159,0.8,6,32.6,55,1368,0.61,16,Networking,37,200,1.5,4,1
40,0.2,5,25.11,45,671,0.52,11,Networking,40,200,2.5,3,0
23,0.12,19,24.63,56,576,0.87,13,Empty,42,200,2.0,3,0
157,0.79,0,32.0,55,1282,0.45,10,Lecture,34,200,2.5,3,1
98,0.49,5,28.55,43,910,0.3,14,Lecture,29,200,2.5,2,1
191,0.95,15,32.08,53,1511,0.95,9,Empty,34,200,2.0,1,1
69,0.34,13,28.61,57,874,0.35,16,Lecture,38,200,1.5,4,1
14,0.07,20,23.09,56,450,0.33,16,Networking,33,200,2.0,1,-1
44,0.22,13,24.93,44,607,0.31,10,Lecture,28,200,1.5,4,1
18,0.09,25,22.59,72,502,0.6,18,Networking,28,200,1.5,2,1
122,0.61,2,27.87,71,1153,0.68,10,Lecture,30,200,2.0,4,1
194,0.97,21,33.8,53,1629,0.68,11,Lecture,40,200,2.5,1,1
174,0.87,4,31.49,54,1462,0.51,13,Lecture,40,200,2.0,1,1
94,0.47,5,27.51,50,1005,0.41,11,Networking,33,200,2.5,2,1
4,0.02,15,23.97,48,389,0.27,13,Empty,41,200,1.5,2,-1
5,0.03,1,23.48,63,410,0.79,14,Empty,30,200,2.5,4,-1
39,0.2,15,24.33,53,575,0.27,18,Networking,38,200,2.5,3,1
197,0.98,22,33.71,67,1516,0.37,18,Networking,33,200,2.5,3,1
70,0.35,8,25.25,70,824,0.45,11,Empty,28,200,2.0,4,0
35,0.17,4,24.17,46,602,0.82,15,Networking,30,200,2.5,3,0
124,0.62,12,31.47,64,1102,0.91,11,Empty,38,200,2.5,4,1
127,0.64,20,29.77,65,1156,0.84,14,Empty,35,200,1.5,2,1
146,0.73,12,30.26,72,1207,0.27,9,Networking,36,200,2.5,2,1
147,0.73,9,32.76,42,1308,0.82,14,Networking,41,200,1.5,3,1
5,0.03,19,22.53,67,366,0.39,11,Empty,30,200,2.5,1,-1
163,0.81,22,32.4,46,1355,0.26,15,Empty,31,200,2.0,2,1
168,0.84,22,31.27,72,1403,0.57,14,Lecture,36,200,2.5,3,1
36,0.18,14,25.74,42,555,0.29,16,Empty,39,200,2.5,1,-1
192,0.96,18,33.11,57,1572,0.32,13,Lecture,30,200,2.5,4,1
154,0.77,15,29.85,55,1388,0.39,17,Lecture,31,200,1.5,1,1
164,0.82,10,30.14,75,1330,0.93,10,Networking,33,200,2.0,4,1
110,0.55,8,30.02,61,1008,0.71,16,Networking,37,200,2.0,2,1
105,0.53,20,27.83,68,956,0.33,9,Lecture,31,200,2.5,4,1
149,0.74,3,31.14,71,1277,0.93,18,Empty,42,200,1.5,4,1
6,0.03,23,24.67,70,423,0.65,15,Lecture,29,200,2.5,4,0
129,0.65,11,29.45,53,1200,0.58,16,Lecture,40,200,1.5,4,1
170,0.85,4,33.25,41,1398,0.79,18,Networking,35,200,1.5,1,1
142,0.71,11,30.82,60,1232,0.66,15,Networking,32,200,2.5,2,1
68,0.34,17,27.54,59,853,0.42,15,Networking,29,200,2.5,2,1
40,0.2,9,25.26,70,667,0.31,17,Lecture,37,200,2.0,3,0
109,0.55,11,30.67,47,1100,0.6,15,Networking,38,200,2.5,2,1
170,0.85,15,31.31,60,1480,0.61,10,Empty,28,200,2.0,2,1
167,0.83,9,31.74,51,1392,0.23,13,Lecture,35,200,2.5,2,1
104,0.52,23,29.2,68,959,0.69,12,Networking,34,200,1.5,2,1
121,0.6,25,29.1,43,1139,0.36,10,Networking,41,200,2.5,1,1
76,0.38,9,26.9,53,930,0.94,17,Networking,31,200,2.0,1,0
127,0.64,8,29.61,45,1221,0.38,17,Networking,36,200,2.0,1,1
33,0.17,25,25.07,72,528,0.31,13,Lecture,31,200,1.5,1,1
180,0.9,0,33.86,68,1558,0.7,17,Empty,40,200,2.0,1,1
147,0.73,25,29.12,55,1215,0.41,9,Empty,29,200,2.5,3,1
121,0.6,6,30.32,48,1077,0.74,13,Lecture,41,200,2.5,3,1
186,0.93,4,33.34,67,1500,0.36,11,Lecture,37,200,2.0,1,1
9,0.04,24,24.92,60,494,0.84,18,Networking,41,200,2.0,1,0
83,0.41,0,28.21,72,901,0.63,11,Empty,36,200,2.0,1,1
70,0.35,16,26.97,47,771,0.22,11,Lecture,39,200,1.5,1,0
21,0.1,24,24.37,52,551,0.3,12,Networking,31,200,2.5,3,1
91,0.46,11,27.43,55,915,0.97,15,Empty,42,200,2.0,1,1
124,0.62,8,29.9,50,1108,0.55,10,Lecture,37,200,2.5,2,1
172,0.86,18,32.19,49,1463,0.95,15,Empty,42,200,1.5,4,1
130,0.65,15,28.48,49,1112,0.33,15,Networking,32,200,2.0,1,1
198,0.99,2,34.86,48,1527,0.41,13,Networking,39,200,2.5,2,1
53,0.27,22,25.73,40,686,0.9,17,Empty,31,200,2.5,1,0
92,0.46,19,27.88,75,983,0.68,15,Lecture,28,200,2.0,3,1
14,0.07,1,23.56,68,472,0.63,17,Networking,42,200,1.5,2,-1
27,0.14,1,22.97,47,611,0.34,14,Empty,28,200,2.5,4,-1
128,0.64,16,30.21,53,1217,0.71,18,Lecture,30,200,2.5,3,1
15,0.07,4,25.05,75,492,0.22,11,Networking,29,200,2.0,1,1
100,0.5,25,30.06,60,1066,0.38,9,Empty,41,200,1.5,4,1
193,0.96,24,33.23,61,1585,0.3,14,Networking,39,200,2.5,2,1
104,0.52,23,28.2,44,964,0.55,15,Lecture,40,200,1.5,1,1
121,0.6,23,29.9,66,1118,0.88,14,Empty,41,200,2.0,2,1
19,0.1,2,24.8,67,574,0.86,9,Lecture,36,200,2.0,1,1
8,0.04,20,23.22,54,441,0.5,16,Empty,34,200,2.0,4,-1
196,0.98,6,33.23,66,1647,0.58,16,Lecture,34,200,1.5,3,1
12,0.06,1,22.49,62,428,0.96,14,Empty,28,200,2.5,2,-1
63,0.32,21,27.35,69,760,0.8,15,Empty,39,200,2.5,1,1
18,0.09,17,22.96,67,556,0.98,12,Empty,33,200,2.5,1,-1
131,0.66,16,30.96,67,1195,0.51,14,Empty,34,200,2.0,4,1
68,0.34,7,27.48,51,880,0.28,14,Empty,36,200,2.0,4,1
134,0.67,13,30.55,42,1210,0.62,18,Empty,40,200,2.0,1,1
44,0.22,4,26.07,64,696,0.69,16,Networking,29,200,2.0,3,1
32,0.16,11,25.6,59,579,0.37,11,Empty,38,200,2.5,1,-1
80,0.4,18,28.28,73,899,0.44,15,Networking,31,200,2.5,3,1
136,0.68,5,31.12,40,1285,0.37,15,Lecture,35,200,2.0,4,1
174,0.87,1,31.91,63,1445,0.46,16,Empty,38,200,1.5,4,1
12,0.06,4,24.41,71,494,0.27,9,Lecture,34,200,1.5,4,1
132,0.66,1,28.76,45,1152,0.35,12,Networking,36,200,1.5,3,1
4,0.02,11,23.49,58,497,0.42,9,Lecture,41,200,2.0,3,-1
149,0.74,7,31.68,59,1245,0.85,16,Empty,30,200,2.5,1,1
40,0.2,15,27.07,73,662,0.45,10,Networking,41,200,2.0,1,1
114,0.57,17,29.25,63,1152,0.97,15,Networking,32,200,2.5,1,1
171,0.85,18,30.81,42,1500,0.9,18,Networking,35,200,2.5,3,1
124,0.62,3,28.1,74,1085,0.87,15,Lecture,28,200,2.0,3,1
181,0.91,15,31.86,55,1560,0.49,15,Empty,35,200,2.0,3,1
196,0.98,0,32.24,45,1564,0.86,18,Empty,35,200,2.0,3,1
88,0.44,14,28.63,59,887,0.66,15,Networking,42,200,1.5,2,1
118,0.59,22,30.55,74,1168,0.4,18,Networking,40,200,2.5,4,1
180,0.9,10,34.01,72,1509,0.63,12,Lecture,41,200,1.5,4,1
41,0.2,22,24.64,69,604,0.9,11,Empty,34,200,1.5,2,0
190,0.95,8,32.12,51,1603,0.86,11,Networking,35,200,2.5,2,1
171,0.85,10,31.17,71,1377,0.7,13,Networking,29,200,2.5,3,1
170,0.85,25,32.99,45,1495,0.48,17,Lecture,34,200,2.5,3,1
127,0.64,18,30.18,73,1205,0.35,10,Lecture,33,200,1.5,3,1
161,0.81,24,32.01,44,1335,0.28,14,Networking,35,200,2.5,4,1
140,0.7,18,31.55,75,1236,0.96,14,Empty,39,200,1.5,1,1
93,0.47,20,28.63,48,1013,0.32,17,Lecture,30,200,1.5,2,1
120,0.6,20,28.34,56,1134,0.65,16,Networking,37,200,2.5,1,1
167,0.83,22,30.4,62,1384,0.71,12,Lecture,31,200,2.0,4,1
145,0.72,17,30.97,75,1227,0.22,15,Empty,28,200,2.5,3,1
200,1.0,22,33.53,46,1625,0.2,15,Networking,28,200,2.5,3,1
16,0.08,7,26.44,69,510,0.71,10,Empty,42,200,2.0,1,0
141,0.7,2,31.76,47,1322,0.93,12,Networking,33,200,1.5,4,1
161,0.81,8,31.89,73,1319,0.93,15,Lecture,31,200,2.0,1,1
85,0.42,25,27.93,56,916,0.38,11,Empty,42,200,1.5,4,1
105,0.53,16,29.49,64,1030,0.94,18,Lecture,31,200,2.0,3,1
22,0.11,9,23.17,73,606,0.53,13,Lecture,29,200,2.0,4,1
148,0.74,17,30.0,55,1338,0.56,11,Empty,40,200,1.5,1,1
11,0.06,19,24.21,63,431,0.97,17,Lecture,28,200,1.5,4,0
161,0.81,24,30.84,64,1426,0.52,15,Networking,39,200,1.5,2,1
119,0.59,0,30.79,59,1144,0.62,9,Networking,35,200,1.5,4,1
160,0.8,16,32.29,47,1382,0.92,18,Empty,28,200,2.5,4,1
199,0.99,25,32.67,53,1562,0.66,10,Empty,36,200,1.5,2,1
130,0.65,16,29.39,68,1157,0.96,13,Lecture,28,200,2.5,2,1
191,0.95,8,34.09,45,1542,0.72,16,Empty,38,200,2.5,1,1
93,0.47,7,27.85,67,916,0.24,9,Networking,33,200,2.0,4,1
121,0.6,2,29.48,44,1056,0.6,10,Empty,28,200,2.0,1,1
199,0.99,6,34.78,53,1535,0.46,17,Networking,40,200,2.5,4,1
186,0.93,17,33.57,46,1548,0.77,18,Empty,30,200,2.0,2,1
38,0.19,1,25.58,59,649,0.31,13,Empty,36,200,2.0,2,0
178,0.89,11,34.27,57,1483,0.26,16,Networking,40,200,2.5,4,1
166,0.83,9,33.03,59,1340,0.53,13,Networking,34,200,2.0,3,1
80,0.4,16,29.02,42,848,0.6,9,Lecture,41,200,2.5,1,1
151,0.76,6,31.18,49,1381,0.35,17,Networking,29,200,1.5,4,1
81,0.41,6,29.48,58,956,0.99,11,Empty,41,200,1.5,1,1
22,0.11,10,25.12,52,602,0.8,16,Empty,36,200,1.5,4,0
142,0.71,9,30.43,61,1218,0.64,10,Empty,32,200,2.0,4,1
70,0.35,5,25.1,57,837,0.59,17,Empty,28,200,1.5,1,0
121,0.6,14,30.9,54,1188,0.99,13,Networking,36,200,2.5,2,1
158,0.79,4,31.32,62,1405,0.81,12,Empty,41,200,2.5,3,1
67,0.34,23,27.51,48,797,0.64,13,Lecture,42,200,2.0,1,1
70,0.35,2,28.04,57,860,0.84,11,Networking,37,200,2.5,1,1
64,0.32,18,26.65,75,735,0.33,18,Lecture,38,200,2.5,3,1
26,0.13,6,24.51,59,571,0.89,11,Lecture,32,200,2.5,3,1
83,0.41,15,27.57,59,851,0.65,17,Empty,39,200,2.5,1,1
65,0.33,5,28.26,63,845,0.84,9,Empty,41,200,1.5,2,1
92,0.46,15,29.1,46,1008,0.89,16,Networking,42,200,2.5,4,1
1,0.01,11,22.57,65,366,0.86,13,Networking,31,200,2.5,4,-1
176,0.88,20,31.49,69,1495,0.84,10,Networking,35,200,2.0,1,1
108,0.54,4,29.47,47,1041,0.88,14,Networking,38,200,1.5,2,1
110,0.55,3,29.21,53,1057,0.71,11,Empty,39,200,2.0,3,1
44,0.22,0,25.25,51,720,0.97,11,Empty,35,200,2.0,2,1
9,0.04,11,23.84,66,396,0.4,18,Lecture,33,200,2.0,4,-1
66,0.33,9,27.59,57,782,0.89,14,Empty,39,200,1.5,2,1
142,0.71,9,29.37,67,1191,0.4,10,Lecture,33,200,2.0,2,1
178,0.89,12,32.1,72,1525,0.37,17,Empty,38,200,2.0,2,1
37,0.18,10,25.82,50,649,0.62,17,Lecture,42,200,2.5,4,0
179,0.9,7,32.03,73,1518,0.29,18,Empty,38,200,2.0,3,1
148,0.74,25,29.89,53,1320,0.33,18,Lecture,37,200,2.5,1,1
5,0.03,13,23.51,75,363,0.49,11,Lecture,32,200,1.5,2,1
200,1.0,3,34.36,73,1619,0.82,18,Networking,36,200,2.0,4,1
35,0.17,24,26.25,48,657,0.69,10,Empty,41,200,2.5,1,0
167,0.83,12,32.65,61,1386,0.96,18,Empty,40,200,2.5,4,1
132,0.66,16,31.31,70,1233,0.72,18,Networking,34,200,2.0,3,1
126,0.63,22,30.65,52,1097,0.23,14,Empty,40,200,2.0,1,1
159,0.8,25,32.31,54,1295,0.23,17,Networking,32,200,2.0,2,1
142,0.71,18,29.47,64,1238,0.74,9,Lecture,36,200,2.5,3,1
183,0.92,2,31.66,72,1538,0.62,13,Empty,28,200,2.5,4,1
97,0.48,4,26.57,71,994,0.74,11,Networking,30,200,1.5,1,1
138,0.69,3,29.43,61,1205,0.86,18,Lecture,29,200,1.5,1,1
195,0.97,14,32.56,48,1558,0.92,15,Empty,39,200,2.0,2,1
105,0.53,17,29.31,56,1037,0.78,12,Lecture,42,200,2.5,2,1
95,0.47,19,27.96,51,996,0.85,14,Networking,42,200,1.5,4,1
43,0.21,22,26.09,48,653,0.36,14,Lecture,38,200,1.5,2,0
91,0.46,10,26.28,68,951,0.93,14,Lecture,31,200,2.5,4,1
93,0.47,6,27.98,53,964,0.68,11,Lecture,38,200,2.5,4,1
11,0.06,10,24.47,43,448,0.8,16,Networking,41,200,1.5,3,0
8,0.04,11,25.18,45,497,0.41,13,Empty,35,200,2.0,1,0
80,0.4,2,27.16,75,921,0.27,15,Networking,35,200,1.5,2,1
57,0.28,2,25.9,42,719,0.9,10,Networking,33,200,2.0,4,0
18,0.09,18,25.27,57,455,0.81,10,Lecture,34,200,2.5,3,0
133,0.67,5,29.21,71,1157,0.91,16,Empty,37,200,2.5,1,1
20,0.1,14,24.22,57,440,0.48,16,Lecture,29,200,2.0,1,0
196,0.98,2,32.78,43,1584,0.47,9,Empty,37,200,1.5,4,1
28,0.14,25,23.9,42,611,0.35,15,Networking,39,200,2.5,4,-1
17,0.09,24,24.03,66,539,0.22,9,Networking,40,200,1.5,2,-1
95,0.47,1,28.52,67,1042,0.52,13,Empty,29,200,2.5,2,1
162,0.81,4,31.13,50,1448,0.54,10,Empty,28,200,1.5,2,1
114,0.57,13,28.56,51,1135,0.89,12,Networking,32,200,1.5,3,1
76,0.38,6,26.82,74,856,0.23,11,Lecture,35,200,1.5,4,1
120,0.6,20,29.33,66,1199,0.37,13,Networking,41,200,2.0,1,1
141,0.7,21,30.93,45,1309,0.79,14,Lecture,39,200,2.5,2,1
78,0.39,21,27.6,55,932,0.23,12,Networking,38,200,1.5,3,1
133,0.67,17,31.03,67,1134,0.75,10,Empty,40,200,1.5,1,1
142,0.71,7,30.27,60,1233,0.5,17,Lecture,36,200,2.0,1,1
144,0.72,16,31.78,65,1286,0.74,16,Networking,35,200,2.5,4,1
92,0.46,12,28.58,65,973,0.96,14,Empty,37,200,2.5,1,1
148,0.74,21,31.02,60,1254,0.93,16,Empty,28,200,2.0,1,1
102,0.51,18,29.37,48,1063,0.98,14,Empty,39,200,2.0,2,1
120,0.6,14,29.87,71,1108,0.27,16,Empty,35,200,2.5,2,1
13,0.07,23,24.36,57,417,0.31,14,Networking,29,200,2.5,3,1
85,0.42,11,26.81,55,902,0.7,14,Networking,28,200,2.0,3,1
127,0.64,7,28.96,40,1153,0.3,9,Lecture,28,200,2.0,1,1
115,0.57,23,28.29,58,1068,0.29,10,Networking,32,200,2.5,4,1
128,0.64,13,29.74,40,1216,0.74,11,Empty,42,200,1.5,1,1
169,0.84,3,33.18,55,1438,0.51,16,Empty,35,200,2.5,2,1
11,0.06,11,23.28,40,424,0.51,11,Empty,38,200,2.5,4,-1
148,0.74,2,29.6,48,1258,0.64,13,Networking,37,200,1.5,2,1
109,0.55,19,29.66,41,1044,0.68,17,Empty,40,200,2.5,1,1
60,0.3,12,27.36,63,778,0.32,16,Lecture,35,200,1.5,3,1
8,0.04,2,22.97,52,528,0.45,15,Lecture,37,200,1.5,3,-1
53,0.27,16,27.73,41,797,0.9,9,Lecture,41,200,2.5,1,1
110,0.55,14,30.92,53,986,0.43,10,Networking,41,200,2.5,2,1
173,0.86,15,33.68,52,1489,0.27,16,Lecture,37,200,2.5,4,1
195,0.97,3,33.07,47,1602,0.92,18,Lecture,34,200,1.5,1,1
187,0.94,9,32.34,51,1523,0.27,13,Lecture,32,200,1.5,4,1
27,0.14,2,23.81,71,615,0.23,16,Lecture,36,200,1.5,1,1
13,0.07,13,23.46,60,488,0.25,12,Networking,39,200,2.0,2,-1
34,0.17,19,26.81,40,681,0.51,12,Lecture,37,200,2.5,4,0
42,0.21,0,24.4,62,657,0.8,9,Networking,29,200,2.5,2,1
5,0.03,15,23.79,70,491,0.35,15,Empty,40,200,1.5,2,-1
26,0.13,19,25.95,57,581,0.41,9,Lecture,38,200,1.5,2,0
200,1.0,17,33.9,55,1626,0.36,13,Lecture,32,200,2.5,3,1
67,0.34,0,25.79,64,873,0.51,11,Empty,29,200,1.5,2,-1
124,0.62,10,30.7,57,1141,0.95,13,Networking,39,200,2.0,4,1
91,0.46,20,28.38,51,867,0.35,15,Lecture,39,200,2.5,3,1
125,0.62,12,30.66,69,1149,0.47,17,Empty,39,200,2.0,3,1
44,0.22,23,25.79,74,650,0.44,10,Empty,37,200,2.5,3,1
5,0.03,16,23.82,56,423,0.41,17,Empty,41,200,1.5,1,-1
151,0.76,11,31.27,44,1284,0.43,13,Networking,33,200,1.5,3,1
186,0.93,25,33.11,62,1478,0.35,13,Empty,35,200,1.5,1,1
80,0.4,25,27.06,46,887,0.23,9,Networking,35,200,2.5,4,1
55,0.28,12,25.85,56,737,0.26,9,Networking,28,200,2.5,1,0
149,0.74,3,32.43,47,1338,0.78,14,Empty,41,200,2.5,2,1
43,0.21,9,25.09,69,641,0.2,14,Empty,38,200,1.5,3,0
114,0.57,24,29.8,55,1108,0.92,10,Lecture,31,200,1.5,3,1
153,0.77,25,29.86,64,1265,0.95,16,Networking,29,200,1.5,3,1
15,0.07,3,25.26,40,520,0.37,13,Lecture,31,200,2.0,4,-1
32,0.16,10,24.37,49,648,0.86,18,Empty,40,200,2.0,1,0
140,0.7,5,29.02,40,1204,0.77,15,Lecture,28,200,2.0,3,1
37,0.18,12,25.67,44,634,0.37,18,Lecture,32,200,1.5,3,0
9,0.04,3,23.5,55,384,0.9,12,Networking,28,200,1.5,1,-1
141,0.7,13,29.44,74,1201,0.32,9,Empty,35,200,1.5,4,1
157,0.79,11,31.44,46,1272,0.61,17,Lecture,42,200,2.5,3,1
116,0.58,23,29.22,61,1076,0.9,18,Empty,33,200,2.0,4,1
178,0.89,8,31.75,45,1548,0.45,11,Empty,42,200,2.5,2,1
1,0.01,1,25.19,43,479,0.57,9,Empty,37,200,1.5,4,1
171,0.85,0,32.85,71,1446,0.96,17,Empty,35,200,2.0,1,1
133,0.67,15,29.02,40,1128,0.79,11,Lecture,32,200,1.5,3,1
77,0.39,14,26.69,52,782,0.33,11,Lecture,39,200,1.5,1,-1
55,0.28,16,27.59,68,696,0.62,13,Networking,42,200,2.5,3,1
7,0.04,8,23.58,53,475,0.47,11,Networking,36,200,1.5,2,-1
25,0.12,2,25.92,49,475,0.24,13,Lecture,42,200,1.5,1,0
65,0.33,0,26.81,53,860,0.54,12,Networking,28,200,2.0,1,0
83,0.41,12,25.65,45,866,0.93,12,Lecture,28,200,1.5,1,0
152,0.76,21,31.33,53,1250,0.94,15,Empty,36,200,2.0,4,1
74,0.37,5,26.36,75,791,1.0,18,Networking,32,200,2.0,4,1
191,0.95,24,32.12,65,1626,0.87,17,Lecture,29,200,1.5,2,1
18,0.09,20,25.44,56,515,0.77,9,Empty,35,200,2.5,4,-1
138,0.69,9,29.96,72,1165,0.29,17,Empty,37,200,2.0,1,1
129,0.65,6,31.02,55,1119,0.75,13,Empty,38,200,2.0,1,1
152,0.76,2,32.83,44,1362,0.31,13,Empty,39,200,1.5,1,1
19,0.1,17,23.88,51,449,0.65,18,Empty,28,200,2.0,1,-1
178,0.89,3,34.0,56,1542,0.5,13,Lecture,38,200,2.0,4,1
68,0.34,23,27.03,61,844,0.51,18,Networking,28,200,2.5,3,1
194,0.97,19,32.94,71,1487,0.39,11,Empty,32,200,2.5,1,1
152,0.76,19,31.25,61,1322,0.73,16,Empty,31,200,2.5,2,1
140,0.7,19,30.01,41,1275,0.55,13,Empty,28,200,1.5,3,1
22,0.11,25,24.97,57,468,0.37,11,Empty,41,200,1.5,3,-1
105,0.53,24,28.09,58,1104,0.7,14,Lecture,35,200,1.5,1,1
136,0.68,17,29.03,61,1290,0.63,9,Lecture,28,200,2.5,1,1
27,0.14,9,24.32,41,558,0.25,14,Lecture,30,200,2.5,2,0
18,0.09,14,23.41,67,531,0.74,17,Lecture,39,200,2.5,1,-1
186,0.93,15,32.81,57,1454,0.61,9,Networking,38,200,1.5,3,1
26,0.13,3,24.9,44,598,0.99,10,Empty,30,200,2.0,3,0
172,0.86,24,32.97,57,1467,0.41,16,Empty,33,200,1.5,1,1
138,0.69,9,29.4,64,1200,0.42,17,Lecture,29,200,2.5,2,1
146,0.73,5,31.02,44,1253,0.69,14,Networking,35,200,1.5,4,1
84,0.42,9,28.54,54,847,0.36,15,Networking,41,200,1.5,1,1
31,0.15,14,25.47,41,652,0.83,18,Empty,28,200,1.5,3,0
141,0.7,22,30.26,57,1320,0.79,18,Empty,40,200,1.5,1,1
67,0.34,16,28.33,58,873,0.3,15,Empty,40,200,1.5,3,1
40,0.2,25,25.52,63,689,0.23,13,Empty,32,200,1.5,1,0
33,0.17,16,25.34,69,644,0.69,9,Networking,29,200,1.5,2,1
57,0.28,0,25.03,67,681,0.44,17,Lecture,34,200,2.5,1,0
37,0.18,14,27.09,46,686,0.99,14,Networking,42,200,2.0,4,1
134,0.67,12,32.1,66,1127,0.69,12,Empty,39,200,2.0,2,1
148,0.74,1,31.96,61,1282,0.97,18,Lecture,41,200,1.5,2,1
118,0.59,11,30.48,52,1066,0.95,17,Empty,42,200,1.5,4,1
3,0.01,17,22.19,47,415,0.59,9,Lecture,34,200,2.0,1,-1
148,0.74,23,29.57,71,1251,0.61,15,Empty,34,200,1.5,2,1
90,0.45,6,29.09,53,918,0.77,10,Lecture,32,200,2.5,1,1
54,0.27,7,25.6,56,760,0.62,10,Networking,36,200,1.5,4,-1
97,0.48,19,29.08,51,988,0.97,16,Lecture,33,200,1.5,3,1
116,0.58,24,30.01,53,1045,0.62,10,Empty,40,200,1.5,4,1
112,0.56,23,27.72,52,994,0.87,17,Lecture,29,200,2.0,2,1
89,0.45,14,26.78,70,975,0.67,16,Empty,30,200,1.5,2,1
87,0.43,18,27.3,52,842,0.48,14,Lecture,32,200,2.0,2,1
64,0.32,12,26.39,67,814,0.5,13,Empty,30,200,2.0,3,0
179,0.9,10,32.76,45,1521,0.7,14,Networking,36,200,2.0,3,1
110,0.55,11,29.46,69,1097,0.26,16,Networking,33,200,2.0,1,1
198,0.99,17,31.57,75,1621,0.74,16,Networking,29,200,1.5,4,1
46,0.23,9,24.74,60,631,0.87,17,Networking,39,200,2.0,1,-1
136,0.68,20,29.22,65,1255,0.35,17,Lecture,36,200,2.5,4,1
131,0.66,18,30.17,66,1111,0.36,10,Empty,39,200,1.5,2,1
100,0.5,19,28.95,46,1055,0.59,15,Lecture,33,200,2.0,2,1
14,0.07,0,23.88,65,529,0.55,10,Networking,31,200,2.5,4,-1
154,0.77,12,32.76,57,1391,0.4,11,Networking,40,200,1.5,4,1
124,0.62,13,28.93,56,1149,0.91,15,Networking,39,200,2.5,2,1
30,0.15,12,26.33,67,597,0.65,11,Networking,38,200,1.5,4,-1
68,0.34,8,25.92,62,857,0.36,13,Empty,37,200,2.5,2,-1
21,0.1,19,25.77,60,598,0.5,18,Empty,38,200,1.5,1,0
82,0.41,0,26.81,45,840,0.59,13,Lecture,28,200,2.5,2,0
10,0.05,4,23.92,42,482,0.89,12,Empty,42,200,2.0,3,-1
157,0.79,2,30.54,52,1371,0.81,13,Lecture,30,200,1.5,3,1
52,0.26,21,25.25,47,680,0.53,14,Networking,36,200,2.0,1,-1
75,0.38,16,28.17,57,861,0.44,16,Lecture,38,200,1.5,1,1
77,0.39,20,29.03,49,899,0.32,13,Empty,40,200,2.5,2,1
84,0.42,12,26.23,41,911,0.99,18,Networking,29,200,2.0,3,1
199,0.99,1,32.99,46,1612,0.32,12,Empty,32,200,2.0,3,1
113,0.56,21,29.25,68,1133,0.21,14,Networking,36,200,2.5,4,1
190,0.95,7,31.86,52,1466,0.8,15,Empty,35,200,1.5,4,1
200,1.0,15,32.57,64,1597,0.71,13,Empty,29,200,2.0,2,1
93,0.47,0,27.94,67,910,0.51,15,Networking,37,200,2.0,4,1
183,0.92,10,32.64,69,1465,0.91,13,Networking,35,200,2.5,4,1
172,0.86,9,31.99,71,1398,0.52,13,Networking,36,200,2.5,4,1
48,0.24,20,26.76,49,609,0.24,13,Empty,39,200,2.5,4,-1
41,0.2,24,25.75,51,660,0.61,17,Lecture,40,200,1.5,1,-1
167,0.83,11,32.38,52,1436,0.26,16,Empty,38,200,1.5,2,1
197,0.98,21,31.86,59,1537,0.49,14,Networking,33,200,2.0,3,1
128,0.64,17,31.15,41,1170,0.98,12,Lecture,34,200,1.5,4,1
119,0.59,22,30.0,71,1178,0.81,18,Empty,41,200,2.0,2,1
199,0.99,11,33.07,74,1564,0.41,10,Empty,31,200,2.5,1,1
1,0.01,14,23.0,66,485,0.57,15,Empty,38,200,2.0,2,-1
150,0.75,2,30.49,72,1223,0.26,16,Networking,29,200,2.5,4,1
79,0.4,6,29.31,64,934,0.49,14,Empty,42,200,2.0,1,1
194,0.97,2,33.9,67,1641,0.36,13,Empty,31,200,1.5,4,1
93,0.47,22,29.98,52,983,0.64,12,Empty,42,200,2.5,3,1
114,0.57,6,29.89,70,1106,0.87,15,Lecture,40,200,1.5,1,1
25,0.12,7,26.41,40,515,0.24,16,Empty,40,200,2.0,4,-1
194,0.97,19,32.44,44,1605,0.43,14,Networking,28,200,1.5,3,1
185,0.93,5,32.96,58,1443,1.0,13,Lecture,35,200,2.5,3,1
90,0.45,16,29.58,54,928,0.97,17,Networking,36,200,1.5,1,1
21,0.1,5,25.96,71,577,0.7,13,Lecture,36,200,2.0,1,1
196,0.98,20,32.81,55,1652,0.59,14,Empty,39,200,1.5,1,1
120,0.6,9,28.85,45,1141,0.94,12,Networking,36,200,1.5,1,1
36,0.18,22,24.58,75,642,0.39,9,Networking,40,200,1.5,1,1
199,0.99,7,32.87,63,1579,0.69,9,Networking,35,200,2.0,2,1
21,0.1,13,24.04,68,493,0.22,15,Lecture,36,200,2.0,2,0
57,0.28,23,25.44,64,770,0.64,17,Networking,29,200,2.5,4,0
34,0.17,23,25.03,58,673,0.24,14,Lecture,29,200,2.5,2,1
155,0.78,21,31.76,72,1285,0.98,10,Networking,29,200,2.0,3,1
93,0.47,21,28.65,69,907,0.98,15,Lecture,32,200,1.5,1,1
28,0.14,11,24.32,47,628,0.46,11,Lecture,41,200,2.0,4,0
55,0.28,14,26.47,43,740,0.45,17,Lecture,33,200,2.5,3,-1
182,0.91,17,33.52,48,1464,0.82,10,Networking,41,200,2.5,1,1
166,0.83,17,30.95,57,1320,0.58,10,Empty,34,200,1.5,3,1
94,0.47,6,26.71,72,938,0.54,11,Lecture,29,200,2.0,3,1
95,0.47,16,29.08,42,1000,0.95,10,Networking,39,200,2.5,3,1
174,0.87,20,33.1,40,1515,0.53,16,Empty,35,200,2.5,2,1
34,0.17,4,24.43,44,663,0.47,12,Lecture,36,200,2.0,2,1
13,0.07,16,23.17,56,483,0.95,16,Networking,28,200,1.5,2,-1
25,0.12,13,25.5,63,614,0.45,10,Lecture,30,200,2.5,1,0
76,0.38,20,28.05,43,859,0.34,9,Networking,29,200,2.0,4,1
66,0.33,9,28.01,57,822,0.51,13,Networking,34,200,2.0,2,1
111,0.56,0,28.91,64,993,0.26,16,Empty,41,200,1.5,2,1
172,0.86,15,32.05,54,1399,0.5,17,Empty,31,200,1.5,4,1
156,0.78,22,31.83,73,1384,0.59,14,Lecture,40,200,2.5,3,1
182,0.91,3,33.25,40,1432,0.44,14,Lecture,28,200,2.5,2,1
162,0.81,23,30.89,66,1344,0.78,13,Lecture,42,200,2.0,2,1
188,0.94,14,32.26,54,1605,0.58,11,Lecture,36,200,2.0,1,1
77,0.39,5,28.69,69,892,0.97,15,Networking,41,200,2.5,3,1
114,0.57,12,28.89,52,1109,0.42,18,Networking,28,200,1.5,3,1
51,0.26,21,26.14,75,665,0.5,17,Networking,40,200,2.5,2,1
60,0.3,6,27.39,70,812,0.91,15,Networking,31,200,2.0,3,1
152,0.76,4,31.27,46,1289,0.85,14,Networking,30,200,2.5,2,1
196,0.98,14,33.21,67,1539,0.99,13,Lecture,32,200,1.5,4,1
38,0.19,7,27.08,56,698,0.89,9,Networking,41,200,2.0,4,1
180,0.9,24,31.7,74,1480,0.87,15,Networking,39,200,2.5,2,1
12,0.06,23,23.39,73,466,0.92,14,Empty,29,200,1.5,1,1
9,0.04,22,25.28,53,388,0.21,17,Lecture,39,200,1.5,1,1
116,0.58,25,29.25,55,1120,0.93,13,Networking,30,200,1.5,3,1
62,0.31,25,27.86,51,813,0.38,17,Lecture,38,200,1.5,1,1
112,0.56,23,28.76,42,1090,0.48,9,Networking,29,200,2.0,1,1
46,0.23,4,27.3,52,603,0.42,14,Networking,42,200,2.0,1,1
28,0.14,6,26.02,48,557,0.53,9,Empty,38,200,2.0,1,1
2,0.01,1,23.98,40,353,0.95,18,Empty,29,200,2.0,4,-1
112,0.56,22,27.96,58,998,0.36,10,Networking,35,200,1.5,2,1
42,0.21,10,23.73,45,575,0.92,11,Lecture,29,200,2.0,3,-1
118,0.59,9,30.04,49,1033,0.3,17,Networking,34,200,1.5,4,1
23,0.12,23,24.57,66,617,0.69,11,Lecture,41,200,1.5,4,0
99,0.49,24,27.63,50,919,0.59,18,Lecture,30,200,2.0,4,1
9,0.04,24,25.38,75,376,0.86,9,Lecture,42,200,2.5,1,1
188,0.94,2,31.12,69,1539,0.35,15,Lecture,30,200,2.5,1,1
74,0.37,9,28.62,47,873,0.8,17,Empty,37,200,2.5,3,1
120,0.6,16,29.98,65,1055,0.71,16,Lecture,35,200,2.0,3,1
145,0.72,0,31.74,68,1335,0.65,15,Lecture,38,200,1.5,4,1
32,0.16,3,24.55,54,558,0.26,14,Networking,41,200,1.5,1,-1
39,0.2,18,25.97,68,709,0.6,12,Networking,29,200,1.5,2,-1
107,0.54,8,26.85,69,1117,0.43,9,Empty,29,200,2.0,1,1
89,0.45,6,27.43,54,942,0.99,18,Lecture,32,200,2.0,2,1
196,0.98,7,34.3,74,1588,0.48,16,Networking,40,200,2.5,1,1
108,0.54,16,30.1,57,1073,0.55,9,Networking,33,200,2.5,2,1
30,0.15,8,23.26,65,591,0.62,16,Empty,28,200,1.5,2,-1
82,0.41,13,27.27,44,882,0.23,17,Lecture,41,200,2.0,2,1
141,0.7,2,30.19,45,1266,0.86,15,Networking,37,200,2.5,2,1
31,0.15,13,25.88,46,598,0.47,18,Networking,42,200,1.5,4,0
104,0.52,13,28.65,66,1037,0.33,13,Empty,30,200,2.5,3,1
67,0.34,5,26.52,71,770,0.86,14,Networking,29,200,2.5,1,1
200,1.0,24,33.12,49,1651,0.7,13,Lecture,32,200,1.5,4,1
82,0.41,10,28.69,58,965,0.93,11,Networking,38,200,2.5,1,1
2,0.01,9,25.74,74,401,0.96,14,Networking,42,200,2.0,3,1
65,0.33,15,26.42,51,764,0.28,14,Empty,33,200,2.0,1,0
26,0.13,13,26.4,73,629,0.85,13,Empty,42,200,2.0,1,1
106,0.53,0,28.97,42,1006,0.8,13,Lecture,42,200,1.5,2,1
70,0.35,7,27.85,66,789,0.64,14,Lecture,38,200,2.5,3,1
75,0.38,23,27.23,59,843,0.96,9,Lecture,33,200,2.5,4,1
71,0.35,9,27.67,53,804,0.73,15,Networking,35,200,2.5,4,1
30,0.15,2,25.62,70,612,0.61,10,Networking,36,200,2.0,2,-1
2,0.01,4,23.43,50,399,0.97,13,Lecture,39,200,2.5,2,-1
57,0.28,8,26.36,66,696,0.88,12,Empty,40,200,2.5,4,0
41,0.2,5,26.39,67,618,0.52,12,Empty,40,200,2.5,4,0
16,0.08,0,24.98,68,495,0.23,14,Lecture,41,200,2.5,1,-1
151,0.76,24,28.87,64,1236,0.38,16,Networking,28,200,2.0,4,1
9,0.04,4,23.13,58,513,0.48,12,Networking,38,200,2.0,1,-1
164,0.82,10,30.51,63,1306,0.78,13,Empty,36,200,2.5,3,1
1,0.01,16,24.92,72,351,0.51,16,Networking,42,200,2.0,1,1
7,0.04,4,24.38,49,386,0.63,17,Empty,38,200,2.0,1,0
170,0.85,18,30.61,63,1475,0.49,15,Empty,30,200,1.5,2,1
89,0.45,2,27.73,45,875,0.4,17,Networking,31,200,2.0,1,1
187,0.94,11,32.9,64,1500,0.9,10,Networking,31,200,2.5,3,1
45,0.23,15,25.53,40,732,0.39,17,Lecture,36,200,2.0,1,1
157,0.79,2,31.37,74,1406,0.86,13,Lecture,38,200,1.5,1,1
182,0.91,20,33.38,71,1557,0.94,11,Empty,36,200,2.5,3,1
197,0.98,17,32.81,67,1508,0.59,18,Networking,36,200,2.0,4,1
73,0.36,9,27.85,63,821,0.8,10,Empty,40,200,2.5,1,1
185,0.93,25,34.18,58,1480,0.32,11,Empty,41,200,1.5,4,1
27,0.14,16,24.2,55,561,0.93,13,Empty,36,200,1.5,4,0
130,0.65,11,29.4,58,1116,0.9,9,Lecture,33,200,2.0,1,1
197,0.98,12,33.2,73,1512,0.95,13,Lecture,40,200,2.5,1,1
28,0.14,19,25.96,44,637,0.6,15,Lecture,37,200,2.0,1,1
135,0.68,7,30.1,60,1227,0.54,12,Networking,41,200,1.5,4,1
72,0.36,3,25.89,75,910,0.48,18,Lecture,37,200,1.5,1,1
3,0.01,23,24.24,48,480,0.69,10,Lecture,33,200,1.5,1,-1
188,0.94,14,33.52,69,1538,0.57,11,Empty,39,200,2.0,4,1
58,0.29,12,26.47,45,769,0.23,18,Empty,35,200,2.5,2,1
158,0.79,14,32.15,53,1321,0.38,12,Networking,37,200,2.0,4,1
99,0.49,14,27.92,68,1041,0.81,10,Networking,30,200,2.5,2,1
60,0.3,6,27.85,63,730,0.88,13,Lecture,36,200,1.5,3,1
85,0.42,16,27.18,65,923,0.6,9,Networking,37,200,1.5,2,1
158,0.79,20,30.97,66,1319,0.47,15,Empty,38,200,2.5,1,1
87,0.43,25,27.72,44,961,0.37,17,Networking,41,200,2.0,4,1
42,0.21,7,24.19,72,673,0.67,11,Lecture,35,200,2.5,4,1
66,0.33,1,27.69,67,785,0.99,9,Empty,36,200,2.5,1,1
157,0.79,18,31.22,60,1297,0.75,9,Networking,29,200,2.0,1,1
172,0.86,9,32.09,66,1479,0.4,14,Networking,28,200,1.5,4,1
28,0.14,20,23.96,57,561,0.55,9,Empty,28,200,2.5,4,-1
42,0.21,24,27.35,64,642,0.26,14,Empty,42,200,2.0,3,1
114,0.57,25,28.64,62,1154,0.96,13,Lecture,39,200,2.5,1,1
12,0.06,10,25.42,40,394,0.72,14,Empty,35,200,1.5,2,0
68,0.34,6,27.26,50,738,0.41,11,Lecture,35,200,1.5,1,1
25,0.12,25,25.51,64,470,0.82,11,Lecture,39,200,2.5,1,1
129,0.65,15,31.09,49,1164,0.32,9,Empty,33,200,2.0,3,1
158,0.79,8,29.75,57,1399,0.92,18,Networking,31,200,2.5,4,1
12,0.06,1,22.61,50,420,0.73,17,Lecture,29,200,1.5,1,-1
44,0.22,12,26.56,61,690,0.92,17,Empty,33,200,2.0,4,0
59,0.29,12,26.39,63,694,0.86,11,Networking,42,200,1.5,3,-1
32,0.16,6,25.26,53,664,0.27,12,Empty,35,200,1.5,4,0
200,1.0,2,35.2,75,1544,0.26,10,Empty,39,200,2.5,1,1
115,0.57,16,28.8,61,1106,0.68,12,Lecture,37,200,2.5,3,1
97,0.48,4,28.64,42,927,0.44,15,Lecture,42,200,1.5,1,1
96,0.48,23,28.72,73,968,0.23,17,Lecture,31,200,1.5,1,1
1,0.01,25,23.22,45,419,0.49,18,Networking,28,200,2.0,3,-1
81,0.41,6,27.86,48,935,0.89,16,Networking,32,200,2.0,4,1
39,0.2,7,26.45,53,561,0.78,18,Empty,37,200,2.0,1,0
175,0.88,19,32.74,55,1527,0.69,11,Lecture,42,200,2.0,3,1
172,0.86,4,31.08,56,1377,0.77,17,Networking,33,200,2.5,3,1
88,0.44,11,26.2,74,857,0.68,9,Lecture,31,200,1.5,4,1
107,0.54,12,29.35,61,1044,0.49,9,Networking,32,200,2.5,1,1
58,0.29,8,26.87,58,714,0.96,17,Empty,36,200,2.0,2,1
70,0.35,12,28.05,57,819,0.5,9,Networking,31,200,2.0,2,1
155,0.78,20,30.45,66,1261,0.98,10,Networking,41,200,2.5,4,1
42,0.21,22,25.91,40,576,0.44,17,Networking,28,200,2.0,4,0
18,0.09,2,25.37,47,476,0.79,14,Lecture,42,200,2.0,2,1
48,0.24,25,27.25,46,620,0.37,16,Lecture,35,200,2.0,4,1
144,0.72,5,32.03,71,1331,0.49,13,Networking,34,200,2.0,2,1
51,0.26,8,24.57,48,701,0.83,14,Lecture,34,200,1.5,1,0
61,0.3,10,28.41,75,760,0.77,12,Networking,40,200,2.5,1,1
30,0.15,11,23.94,51,549,0.32,18,Empty,39,200,1.5,1,-1
166,0.83,5,32.46,60,1417,0.72,14,Empty,36,200,1.5,1,1
116,0.58,8,28.43,67,1063,0.26,11,Networking,29,200,2.5,4,1
126,0.63,11,29.71,69,1183,0.33,12,Empty,35,200,1.5,4,1
143,0.71,17,28.46,74,1213,0.43,13,Lecture,28,200,2.0,2,1
1,0.01,7,23.65,53,441,0.83,12,Empty,34,200,2.0,2,-1
130,0.65,20,29.31,60,1206,0.9,18,Lecture,40,200,2.0,1,1
171,0.85,11,32.02,43,1472,0.63,11,Lecture,39,200,1.5,3,1
71,0.35,2,27.15,69,800,0.69,13,Lecture,39,200,1.5,4,1
158,0.79,7,31.05,61,1305,0.88,11,Lecture,30,200,2.0,1,1
196,0.98,0,34.59,47,1524,0.53,15,Empty,42,200,1.5,3,1
70,0.35,1,26.75,54,848,0.87,16,Empty,31,200,2.5,3,-1
23,0.12,17,25.71,73,598,0.9,10,Networking,36,200,2.0,1,1
166,0.83,15,30.08,47,1351,0.41,10,Networking,28,200,1.5,4,1
129,0.65,13,29.73,46,1122,0.54,17,Lecture,28,200,2.5,4,1
11,0.06,22,22.93,59,466,0.99,9,Empty,31,200,2.0,2,-1
125,0.62,22,31.92,70,1093,0.45,12,Lecture,42,200,2.5,4,1
174,0.87,25,30.64,57,1452,0.51,16,Networking,33,200,2.5,4,1
57,0.28,11,27.02,56,810,0.4,18,Empty,36,200,1.5,2,1
26,0.13,19,24.12,44,493,0.32,17,Networking,28,200,1.5,2,1
157,0.79,25,32.81,60,1344,0.76,16,Lecture,40,200,2.5,3,1
11,0.06,19,25.02,41,411,0.67,16,Networking,35,200,1.5,4,1
156,0.78,9,30.42,42,1311,0.98,12,Lecture,31,200,2.5,1,1
30,0.15,18,25.04,73,568,0.9,16,Networking,29,200,1.5,1,1
196,0.98,0,33.02,74,1546,0.67,18,Lecture,31,200,2.0,3,1
194,0.97,21,33.93,44,1516,0.23,16,Lecture,36,200,1.5,1,1
81,0.41,5,26.8,69,926,0.95,12,Empty,41,200,2.5,3,0
127,0.64,11,30.21,52,1161,0.46,15,Empty,29,200,2.0,4,1
38,0.19,18,26.84,57,641,0.88,10,Empty,36,200,2.5,2,1
137,0.69,11,28.74,59,1228,0.59,9,Empty,30,200,2.0,2,1
38,0.19,18,26.02,48,578,0.33,10,Networking,40,200,2.5,3,-1
60,0.3,18,25.72,43,714,0.8,12,Empty,31,200,2.5,4,1
113,0.56,19,29.21,57,1045,0.96,9,Networking,36,200,2.5,3,1
112,0.56,14,28.96,56,1021,0.39,9,Empty,35,200,1.5,3,1
124,0.62,21,28.0,63,1204,0.8,13,Lecture,29,200,2.0,4,1
109,0.55,13,28.04,56,1035,0.28,16,Networking,37,200,2.0,4,1
65,0.33,0,26.91,62,800,0.91,10,Lecture,38,200,1.5,3,0
47,0.23,9,26.53,69,760,0.96,12,Empty,37,200,2.0,1,0
199,0.99,19,34.97,49,1574,0.5,17,Networking,42,200,2.5,1,1
87,0.43,9,26.63,63,917,0.87,10,Empty,28,200,1.5,3,0
66,0.33,23,26.58,62,841,0.84,15,Networking,41,200,2.0,4,-1
73,0.36,13,27.15,47,805,0.4,10,Lecture,29,200,1.5,2,1
40,0.2,3,25.47,69,602,0.28,18,Networking,34,200,1.5,2,1
84,0.42,6,26.29,44,932,0.21,16,Empty,35,200,2.0,2,0
154,0.77,4,30.05,60,1337,0.94,13,Empty,28,200,2.5,2,1
82,0.41,7,25.92,42,857,0.37,12,Empty,31,200,1.5,2,0
75,0.38,7,27.59,57,883,0.23,9,Empty,40,200,2.5,2,1
165,0.82,0,31.73,49,1399,0.41,15,Empty,35,200,1.5,4,1
59,0.29,6,26.51,61,753,0.85,14,Lecture,36,200,2.0,4,0
136,0.68,11,31.52,52,1146,0.88,12,Lecture,40,200,1.5,2,1
155,0.78,12,31.57,47,1336,0.58,16,Lecture,28,200,1.5,4,1
177,0.89,12,33.45,42,1488,0.27,11,Networking,32,200,2.5,3,1
119,0.59,10,31.01,41,1134,0.7,18,Networking,37,200,1.5,4,1
149,0.74,8,31.28,40,1368,0.96,11,Lecture,29,200,2.0,1,1
104,0.52,17,28.18,42,1091,0.6,9,Networking,28,200,1.5,3,1
85,0.42,21,28.38,49,842,0.96,17,Empty,35,200,2.0,3,1
76,0.38,14,28.37,50,793,0.51,10,Lecture,38,200,2.0,3,1
200,1.0,14,33.9,50,1654,0.33,14,Networking,28,200,2.5,3,1
35,0.17,0,25.36,45,643,0.74,14,Lecture,37,200,2.0,4,0
119,0.59,11,30.25,71,1180,0.98,9,Networking,36,200,2.0,1,1
179,0.9,10,32.68,64,1405,0.5,9,Lecture,39,200,1.5,1,1
28,0.14,9,22.87,60,598,0.88,10,Empty,29,200,2.0,3,-1
90,0.45,20,28.24,49,884,0.52,11,Networking,39,200,1.5,3,1
197,0.98,17,33.08,43,1649,0.42,9,Networking,39,200,2.0,2,1
168,0.84,2,32.9,53,1385,0.39,10,Empty,41,200,2.5,2,1
128,0.64,25,30.81,61,1204,0.57,9,Lecture,39,200,1.5,2,1
87,0.43,11,27.62,43,863,0.9,18,Lecture,31,200,2.5,2,1
45,0.23,6,23.87,75,666,0.42,9,Lecture,29,200,1.5,2,1
99,0.49,4,26.6,47,945,0.36,9,Networking,30,200,2.5,4,0
97,0.48,12,27.73,75,919,0.44,14,Lecture,38,200,1.5,1,1
114,0.57,19,29.53,71,1102,0.37,10,Empty,29,200,2.5,2,1
95,0.47,20,27.33,74,940,0.87,17,Empty,37,200,2.5,4,1
69,0.34,13,26.29,74,781,0.27,12,Networking,42,200,2.5,1,1
78,0.39,25,27.97,68,845,0.47,14,Lecture,34,200,2.5,3,1
128,0.64,0,29.51,62,1163,0.33,10,Networking,40,200,2.5,1,1
96,0.48,5,29.06,73,1039,0.75,18,Networking,36,200,1.5,4,1
136,0.68,23,30.19,41,1294,0.62,15,Empty,38,200,1.5,3,1
18,0.09,2,25.49,58,512,0.53,16,Networking,37,200,2.5,2,1
83,0.41,7,28.13,67,871,0.65,14,Lecture,28,200,1.5,3,1
193,0.96,5,33.6,70,1564,0.33,15,Networking,39,200,2.0,4,1
150,0.75,5,31.31,48,1318,0.71,11,Lecture,35,200,1.5,1,1
127,0.64,18,29.03,59,1228,0.76,12,Lecture,30,200,2.0,2,1
90,0.45,19,29.81,56,996,0.55,9,Empty,40,200,2.0,3,1
200,1.0,25,33.93,61,1602,0.94,12,Networking,39,200,2.5,2,1
198,0.99,13,35.36,53,1537,0.45,9,Lecture,42,200,2.0,2,1
113,0.56,19,28.81,64,1017,0.44,10,Empty,32,200,2.0,1,1
149,0.74,20,29.65,58,1262,0.48,10,Lecture,30,200,2.0,2,1
18,0.09,13,23.63,56,549,0.86,17,Empty,32,200,2.0,4,-1
9,0.04,13,25.01,67,411,0.96,16,Networking,38,200,1.5,2,-1
1,0.01,1,25.13,55,417,0.7,15,Lecture,41,200,2.5,1,0
131,0.66,20,30.43,54,1224,0.8,11,Empty,42,200,2.5,2,1
189,0.94,0,32.04,55,1598,0.33,9,Lecture,28,200,2.0,3,1
174,0.87,15,30.68,71,1480,0.32,17,Lecture,30,200,1.5,1,1
191,0.95,12,32.47,56,1610,0.34,14,Empty,34,200,2.0,2,1
5,0.03,22,24.63,52,456,0.29,9,Networking,42,200,1.5,3,0
126,0.63,6,28.65,41,1118,0.93,14,Empty,36,200,1.5,4,1
65,0.33,25,28.47,60,778,0.66,11,Networking,38,200,2.0,2,1
114,0.57,0,28.51,72,1111,0.5,11,Empty,31,200,1.5,2,1
198,0.99,1,33.21,40,1596,0.84,10,Lecture,31,200,1.5,3,1
183,0.92,18,33.07,57,1488,0.28,12,Networking,28,200,1.5,1,1
129,0.65,23,30.89,40,1224,0.96,14,Empty,31,200,2.5,2,1
91,0.46,14,27.61,49,933,0.92,12,Empty,35,200,1.5,3,1
17,0.09,16,23.71,57,568,0.87,14,Lecture,37,200,2.5,2,-1
130,0.65,4,29.65,74,1175,0.3,10,Networking,28,200,1.5,1,1
43,0.21,5,24.72,68,603,0.25,18,Lecture,35,200,1.5,1,1
141,0.7,8,30.32,41,1205,0.69,12,Networking,31,200,2.5,1,1
174,0.87,14,32.91,57,1383,0.62,14,Lecture,38,200,1.5,2,1
187,0.94,12,33.33,75,1567,0.49,14,Empty,40,200,2.5,2,1
8,0.04,8,23.12,43,429,0.34,11,Networking,41,200,2.0,2,-1
87,0.43,10,28.59,56,891,0.57,15,Networking,32,200,1.5,1,1
121,0.6,14,30.21,71,1160,0.75,9,Networking,42,200,1.5,4,1
0,0.0,20,22.96,43,340,0.91,12,Lecture,36,200,2.5,4,-1
74,0.37,9,27.97,75,774,0.59,11,Empty,38,200,1.5,3,1
123,0.61,10,28.9,64,1149,0.27,13,Lecture,35,200,2.0,4,1
200,1.0,10,34.71,59,1660,0.93,16,Networking,38,200,2.5,1,1
57,0.28,8,25.54,59,746,0.81,15,Empty,41,200,2.0,3,0
126,0.63,16,30.59,54,1132,0.89,9,Networking,35,200,2.5,4,1
78,0.39,9,25.66,69,835,0.69,15,Networking,32,200,1.5,4,0
106,0.53,7,29.78,49,1104,0.77,14,Empty,32,200,2.0,4,1
115,0.57,9,29.99,64,1116,0.31,14,Networking,31,200,2.0,2,1
146,0.73,24,30.69,71,1217,0.66,10,Lecture,39,200,2.0,4,1
81,0.41,15,25.71,60,810,0.21,9,Empty,29,200,1.5,3,0
164,0.82,18,31.98,62,1357,0.4,10,Empty,34,200,2.5,3,1
40,0.2,16,24.25,70,643,0.5,13,Empty,33,200,2.5,2,-1
20,0.1,1,22.69,61,491,0.47,10,Networking,29,200,1.5,1,-1
16,0.08,14,23.43,46,551,0.82,15,Empty,41,200,2.5,3,-1
149,0.74,16,32.73,74,1218,0.58,15,Empty,41,200,1.5,3,1
100,0.5,1,28.18,56,995,0.81,17,Lecture,30,200,2.5,3,1
49,0.24,12,24.86,44,639,0.41,17,Networking,36,200,1.5,1,0
70,0.35,5,26.11,68,892,0.46,10,Empty,28,200,2.0,2,-1
61,0.3,12,27.27,42,744,0.83,13,Networking,33,200,2.5,2,1
129,0.65,21,30.77,75,1189,0.26,12,Lecture,32,200,2.0,3,1
142,0.71,8,30.47,43,1298,0.26,18,Lecture,34,200,1.5,3,1
99,0.49,8,28.12,72,1039,0.37,18,Lecture,35,200,2.5,2,1
104,0.52,2,27.47,55,1016,0.89,15,Networking,29,200,2.5,3,1
141,0.7,15,29.01,49,1233,0.99,10,Empty,28,200,2.0,1,1
46,0.23,10,25.15,59,752,0.96,14,Networking,39,200,2.5,3,-1
146,0.73,1,31.74,50,1289,0.38,10,Networking,32,200,2.0,2,1
171,0.85,1,31.36,47,1477,1.0,13,Lecture,42,200,2.5,2,1
46,0.23,13,26.63,49,716,0.63,16,Empty,39,200,1.5,4,0
187,0.94,25,31.58,48,1578,0.94,18,Networking,35,200,2.0,3,1
180,0.9,16,30.92,58,1553,0.97,12,Empty,29,200,2.0,4,1
174,0.87,8,30.35,45,1522,0.89,10,Lecture,28,200,2.5,3,1
135,0.68,11,29.93,65,1284,0.22,16,Networking,35,200,2.5,3,1
44,0.22,5,24.88,72,702,0.74,18,Lecture,28,200,1.5,4,1
102,0.51,8,27.46,72,1000,0.32,15,Empty,29,200,2.5,2,1
93,0.47,13,26.66,64,961,0.41,16,Lecture,32,200,1.5,1,-1
131,0.66,10,31.07,48,1166,0.46,13,Networking,37,200,2.0,2,1
193,0.96,0,32.99,54,1554,0.31,14,Networking,29,200,1.5,4,1
123,0.61,23,30.02,71,1152,0.82,11,Empty,29,200,2.5,3,1
173,0.86,6,31.71,40,1472,0.22,10,Networking,28,200,2.0,1,1
166,0.83,10,31.8,40,1351,0.39,10,Networking,34,200,2.0,2,1
1,0.01,2,24.2,47,421,0.67,18,Networking,32,200,2.5,3,1
94,0.47,16,27.35,57,1002,0.65,9,Networking,41,200,2.5,4,1
158,0.79,2,30.88,43,1360,0.36,14,Empty,39,200,1.5,4,1
193,0.96,11,32.14,42,1555,0.23,10,Lecture,39,200,1.5,4,1
36,0.18,0,24.75,46,689,0.82,10,Lecture,41,200,2.5,2,1
195,0.97,10,33.85,55,1540,0.55,12,Networking,41,200,1.5,1,1
41,0.2,11,24.43,53,700,0.63,13,Lecture,36,200,2.5,3,0
0,0.0,12,23.04,54,378,0.81,9,Networking,28,200,1.5,3,-1
173,0.86,25,31.24,53,1386,0.89,18,Networking,39,200,1.5,2,1
20,0.1,1,23.83,75,494,0.81,11,Empty,39,200,2.0,1,1
189,0.94,24,32.53,70,1575,0.8,18,Networking,33,200,2.5,1,1
9,0.04,23,25.06,49,478,0.59,16,Networking,38,200,1.5,1,0
138,0.69,6,30.78,73,1304,0.92,14,Lecture,33,200,2.5,3,1
24,0.12,19,23.49,55,586,0.85,11,Lecture,34,200,1.5,2,-1
48,0.24,18,25.72,60,647,0.64,12,Lecture,29,200,1.5,2,1
177,0.89,5,30.42,44,1503,0.56,14,Networking,28,200,2.5,2,1
137,0.69,1,29.62,57,1272,0.97,10,Empty,32,200,2.0,3,1
22,0.11,3,25.81,50,493,0.81,13,Empty,36,200,1.5,1,-1
181,0.91,9,32.92,71,1561,0.91,10,Lecture,40,200,2.5,2,1
24,0.12,1,24.74,41,579,0.5,13,Lecture,34,200,1.5,4,-1
71,0.35,6,26.94,68,893,0.72,9,Networking,42,200,2.5,1,0
60,0.3,18,26.98,41,770,0.67,13,Empty,35,200,1.5,2,0
122,0.61,16,28.57,42,1111,0.66,13,Lecture,31,200,2.0,1,1
87,0.43,23,27.7,60,940,0.81,9,Empty,33,200,1.5,4,1
122,0.61,16,29.55,42,1139,0.23,10,Lecture,34,200,2.0,2,1
62,0.31,24,27.07,41,702,0.97,15,Lecture,41,200,2.5,1,1
150,0.75,14,32.63,41,1299,0.41,10,Lecture,39,200,1.5,1,1
148,0.74,13,30.26,40,1211,0.96,17,Lecture,28,200,1.5,3,1
104,0.52,12,30.58,64,950,0.47,12,Networking,42,200,2.5,4,1
167,0.83,15,30.38,43,1442,0.53,11,Networking,30,200,2.5,3,1
65,0.33,20,28.2,42,825,0.99,18,Lecture,38,200,1.5,2,1
150,0.75,7,30.6,62,1301,0.49,14,Empty,28,200,1.5,2,1
97,0.48,19,26.22,66,1009,0.76,15,Networking,28,200,2.0,2,1
5,0.03,18,24.16,58,472,0.34,18,Empty,42,200,2.5,1,0
147,0.73,24,31.07,63,1330,0.66,9,Lecture,34,200,2.0,3,1
57,0.28,1,27.16,62,754,0.9,13,Empty,31,200,1.5,2,1
175,0.88,2,31.58,62,1386,0.78,16,Lecture,36,200,2.5,2,1
191,0.95,10,32.78,74,1486,0.24,16,Networking,31,200,2.5,1,1
192,0.96,12,31.34,51,1572,0.36,13,Lecture,28,200,2.0,3,1
118,0.59,8,29.36,60,1180,0.95,18,Lecture,36,200,2.5,3,1
147,0.73,2,31.54,65,1338,0.73,14,Empty,41,200,1.5,4,1
182,0.91,12,32.53,66,1478,0.64,11,Networking,36,200,2.5,2,1
147,0.73,0,31.44,75,1249,0.3,17,Networking,34,200,2.0,3,1
74,0.37,5,26.13,51,877,0.32,15,Lecture,36,200,1.5,3,0
99,0.49,4,27.65,41,984,0.47,10,Empty,32,200,1.5,3,1
52,0.26,19,26.28,67,683,0.87,15,Empty,28,200,1.5,1,0
26,0.13,9,26.89,42,568,0.6,12,Networking,41,200,2.5,4,-1
155,0.78,22,29.74,56,1297,0.81,9,Networking,34,200,2.0,2,1
145,0.72,0,30.08,62,1288,0.73,15,Networking,37,200,2.0,3,1
193,0.96,15,32.54,40,1633,0.69,10,Empty,41,200,2.0,2,1
198,0.99,20,33.73,42,1586,0.74,13,Lecture,31,200,2.0,3,1
180,0.9,18,32.18,62,1477,0.53,14,Networking,36,200,1.5,3,1
188,0.94,17,32.45,55,1604,0.87,10,Networking,30,200,1.5,4,1
80,0.4,18,27.59,63,926,0.89,12,Empty,28,200,1.5,4,1
52,0.26,24,26.7,51,643,0.6,15,Networking,30,200,1.5,1,0
138,0.69,4,29.26,73,1241,0.21,16,Networking,37,200,1.5,3,1
152,0.76,13,32.29,67,1239,0.68,11,Empty,42,200,1.5,1,1
72,0.36,13,27.43,45,823,0.59,11,Networking,33,200,1.5,3,1
189,0.94,11,34.72,47,1554,0.95,12,Lecture,38,200,1.5,3,1
7,0.04,11,24.33,59,420,0.22,14,Empty,40,200,2.0,1,0
16,0.08,25,25.27,61,442,0.3,9,Lecture,36,200,1.5,1,0
37,0.18,23,24.55,70,670,0.68,15,Networking,39,200,2.5,3,0
119,0.59,6,30.32,71,1116,0.65,13,Empty,37,200,2.0,2,1
126,0.63,4,30.39,70,1116,0.89,16,Networking,31,200,1.5,4,1
86,0.43,24,28.14,75,992,0.74,10,Networking,31,200,2.0,3,1
43,0.21,19,24.82,68,636,0.27,17,Lecture,28,200,2.0,4,1
101,0.51,16,28.54,71,1000,0.94,14,Networking,33,200,2.5,4,1
12,0.06,5,23.73,75,494,0.4,13,Lecture,37,200,1.5,2,1
184,0.92,17,31.76,46,1528,0.88,10,Lecture,37,200,2.5,1,1
6,0.03,23,23.34,50,484,0.56,13,Networking,30,200,2.0,2,-1
91,0.46,12,27.45,60,912,0.3,9,Networking,38,200,2.5,4,1
166,0.83,7,33.1,60,1336,0.59,9,Lecture,42,200,1.5,4,1
103,0.52,1,28.92,73,1009,0.92,16,Networking,29,200,2.5,2,1
16,0.08,20,23.74,45,549,1.0,11,Empty,40,200,2.0,1,-1
191,0.95,13,31.74,52,1506,0.49,12,Networking,30,200,1.5,4,1
23,0.12,9,24.69,58,486,0.64,17,Lecture,32,200,1.5,3,-1
114,0.57,25,28.66,49,1159,0.24,11,Empty,41,200,2.5,3,1
190,0.95,18,33.66,55,1510,0.51,14,Lecture,34,200,2.0,1,1
20,0.1,12,24.79,60,543,0.43,15,Empty,39,200,2.5,1,1
18,0.09,17,22.88,73,559,0.47,10,Empty,34,200,2.0,2,1
109,0.55,0,30.08,60,990,0.66,9,Empty,34,200,2.5,4,1
26,0.13,1,24.68,73,593,0.7,13,Lecture,28,200,2.0,3,1
161,0.81,9,32.37,66,1444,0.65,16,Networking,33,200,2.0,4,1
51,0.26,2,26.7,55,638,0.58,14,Lecture,29,200,2.0,4,0
13,0.07,5,24.18,52,426,0.97,16,Empty,30,200,2.5,4,0
197,0.98,8,33.49,60,1585,0.73,13,Empty,42,200,2.5,4,1
173,0.86,24,32.56,46,1448,0.93,9,Empty,42,200,1.5,1,1
34,0.17,9,23.64,59,656,0.65,18,Lecture,33,200,2.0,1,-1
187,0.94,6,33.22,65,1460,0.62,9,Networking,28,200,2.0,4,1
2,0.01,1,23.45,75,468,0.31,9,Networking,42,200,2.5,1,1
27,0.14,4,23.85,62,599,0.65,15,Networking,34,200,2.0,1,-1
178,0.89,11,31.9,41,1440,0.8,9,Networking,34,200,2.5,4,1
57,0.28,4,25.9,57,715,0.66,14,Lecture,28,200,2.0,4,0
0,0.0,12,22.0,42,474,0.36,15,Lecture,29,200,2.5,4,-1
80,0.4,11,26.8,59,914,0.49,16,Lecture,33,200,2.0,3,0
147,0.73,16,30.71,51,1220,0.52,15,Networking,42,200,1.5,1,1
155,0.78,12,30.46,65,1259,0.47,10,Lecture,38,200,2.5,2,1
70,0.35,22,25.46,63,829,0.35,16,Empty,30,200,2.5,3,1
182,0.91,13,31.71,41,1479,0.94,11,Lecture,37,200,2.0,1,1
30,0.15,4,24.98,49,524,0.91,9,Empty,38,200,1.5,2,0
175,0.88,6,32.44,66,1385,0.71,14,Empty,39,200,1.5,3,1
75,0.38,13,26.48,68,828,0.54,16,Lecture,39,200,1.5,2,-1
149,0.74,7,30.41,46,1280,0.28,15,Networking,41,200,2.0,4,1
99,0.49,19,27.54,44,953,0.42,18,Lecture,37,200,1.5,3,1
200,1.0,6,34.14,60,1600,0.21,16,Networking,36,200,2.5,4,1
73,0.36,7,27.94,45,812,0.87,11,Lecture,30,200,1.5,1,1
11,0.06,11,23.76,65,451,0.46,10,Networking,42,200,2.5,2,-1
5,0.03,10,23.65,74,500,0.48,18,Networking,34,200,1.5,2,1
37,0.18,25,26.51,54,559,0.98,14,Lecture,36,200,2.5,2,0
148,0.74,0,31.16,47,1250,0.94,10,Empty,33,200,1.5,4,1
62,0.31,24,27.22,75,837,0.67,10,Networking,39,200,2.5,1,1
38,0.19,7,27.37,68,639,0.81,16,Lecture,42,200,1.5,3,1
129,0.65,13,28.48,65,1158,0.89,12,Empty,30,200,2.0,1,1
71,0.35,20,27.58,48,815,0.78,10,Networking,33,200,1.5,2,1
122,0.61,21,28.55,47,1157,0.3,10,Lecture,32,200,2.0,4,1
19,0.1,8,25.09,71,527,0.64,18,Networking,37,200,2.5,2,1
153,0.77,10,31.17,45,1354,0.68,12,Networking,41,200,2.0,1,1
113,0.56,3,27.57,40,1134,0.99,10,Lecture,34,200,2.0,4,1
178,0.89,22,32.7,48,1473,0.84,9,Lecture,33,200,2.5,3,1
85,0.42,24,28.1,54,909,0.94,13,Empty,34,200,2.5,4,1
8,0.04,13,24.78,51,492,0.68,16,Networking,37,200,1.5,2,0
96,0.48,3,26.5,55,948,0.96,16,Networking,29,200,2.0,2,1
60,0.3,16,27.58,46,815,0.44,10,Empty,35,200,1.5,2,1
18,0.09,23,25.06,51,548,0.74,13,Networking,42,200,1.5,1,0
4,0.02,4,23.12,75,431,0.6,10,Networking,34,200,2.5,3,1
103,0.52,12,27.59,49,1009,0.62,12,Networking,28,200,2.0,2,1
105,0.53,24,30.66,68,1063,0.52,14,Empty,42,200,2.0,3,1
181,0.91,15,31.26,75,1439,0.85,15,Networking,35,200,1.5,1,1
9,0.04,6,23.19,74,425,0.86,16,Lecture,40,200,2.0,4,1
192,0.96,8,32.89,49,1513,0.99,11,Networking,41,200,1.5,1,1
56,0.28,2,27.97,40,760,0.67,11,Networking,41,200,1.5,4,1
151,0.76,7,29.36,47,1325,0.55,13,Lecture,29,200,1.5,2,1
148,0.74,16,31.7,68,1337,0.81,14,Lecture,32,200,1.5,2,1
3,0.01,10,23.45,41,441,0.71,14,Lecture,42,200,1.5,4,-1
134,0.67,9,30.12,63,1259,0.3,10,Lecture,32,200,2.5,2,1
139,0.69,3,30.67,75,1196,0.61,10,Lecture,34,200,2.5,1,1
43,0.21,21,26.92,75,580,0.76,10,Empty,33,200,1.5,3,1
181,0.91,20,31.36,58,1474,0.67,10,Lecture,31,200,2.5,4,1
21,0.1,2,24.01,48,458,0.99,15,Lecture,28,200,2.0,2,0
145,0.72,25,29.5,42,1251,0.25,11,Empty,28,200,1.5,4,1
65,0.33,13,28.31,71,779,0.25,10,Networking,38,200,2.5,2,1
13,0.07,0,22.87,50,481,1.0,13,Networking,32,200,2.5,1,-1
28,0.14,2,25.03,47,599,0.81,9,Empty,38,200,2.0,3,0
170,0.85,24,33.82,63,1369,0.83,17,Lecture,42,200,2.0,2,1
122,0.61,7,28.55,66,1208,0.4,12,Lecture,36,200,2.0,1,1
133,0.67,19,28.15,61,1229,0.92,12,Lecture,29,200,2.5,2,1
119,0.59,3,29.91,49,1102,0.33,10,Empty,40,200,2.5,2,1
194,0.97,11,31.5,48,1565,0.88,11,Networking,31,200,2.0,3,1
12,0.06,21,25.52,66,406,0.87,14,Empty,38,200,2.0,4,1
125,0.62,14,30.94,40,1084,0.43,15,Networking,35,200,1.5,1,1
167,0.83,23,31.8,47,1328,0.34,9,Lecture,40,200,2.5,3,1
78,0.39,0,26.44,50,830,0.79,9,Lecture,38,200,2.5,1,0
33,0.17,17,23.63,57,587,0.53,15,Lecture,30,200,1.5,1,-1
131,0.66,0,29.81,75,1213,0.37,18,Lecture,32,200,2.5,1,1
168,0.84,18,32.4,49,1424,0.33,9,Lecture,38,200,2.5,3,1
88,0.44,25,27.4,58,995,0.63,15,Networking,29,200,1.5,3,1
156,0.78,3,32.68,54,1310,0.25,17,Lecture,40,200,1.5,4,1
84,0.42,7,27.17,58,977,0.39,15,Networking,40,200,2.0,4,1
125,0.62,21,28.29,75,1071,0.45,12,Networking,33,200,2.5,1,1
80,0.4,0,27.64,71,869,0.44,10,Lecture,29,200,2.5,2,1
179,0.9,2,33.43,59,1511,0.59,15,Networking,39,200,1.5,3,1
129,0.65,17,28.5,56,1216,0.63,11,Networking,29,200,2.5,2,1
49,0.24,24,25.44,70,618,0.33,17,Networking,30,200,2.0,4,0
183,0.92,18,31.87,72,1546,0.68,18,Empty,31,200,2.5,1,1
164,0.82,11,31.54,54,1412,0.26,11,Empty,30,200,1.5,4,1
129,0.65,10,30.72,66,1113,0.63,10,Lecture,37,200,2.0,2,1
125,0.62,12,30.5,43,1167,0.76,16,Empty,37,200,1.5,2,1
141,0.7,25,31.84,73,1207,0.64,16,Networking,37,200,2.5,4,1
135,0.68,23,31.48,60,1243,0.31,11,Lecture,40,200,1.5,4,1
90,0.45,20,26.11,51,900,0.94,11,Lecture,29,200,1.5,3,0
133,0.67,16,30.84,48,1188,0.9,11,Empty,36,200,2.0,3,1
2,0.01,18,24.78,48,487,0.96,13,Lecture,36,200,1.5,3,0
46,0.23,14,26.21,56,605,0.72,16,Lecture,31,200,1.5,3,0
49,0.24,6,24.6,53,666,0.3,9,Empty,28,200,1.5,4,0
35,0.17,12,23.64,60,612,0.45,9,Empty,28,200,2.0,3,-1
191,0.95,22,33.93,57,1481,0.46,15,Networking,34,200,1.5,3,1
83,0.41,9,28.77,73,900,0.59,14,Empty,38,200,2.5,4,1
143,0.71,9,30.16,52,1245,0.38,10,Networking,39,200,2.5,4,1
64,0.32,24,27.81,75,793,1.0,11,Networking,42,200,2.5,4,1
149,0.74,17,31.82,75,1300,0.5,11,Networking,36,200,2.5,4,1
119,0.59,0,29.48,67,1052,0.31,9,Lecture,35,200,2.5,3,1
112,0.56,17,28.95,69,1065,0.38,16,Lecture,29,200,2.5,1,1
97,0.48,22,27.75,69,990,0.96,9,Networking,32,200,1.5,2,1
8,0.04,25,24.49,60,407,0.81,15,Lecture,40,200,2.5,2,0
92,0.46,3,27.58,70,1020,0.45,12,Empty,31,200,2.5,3,1
164,0.82,24,32.98,74,1398,0.91,10,Networking,40,200,2.5,1,1
63,0.32,21,26.9,47,853,0.31,12,Empty,29,200,2.5,2,0
55,0.28,13,26.55,65,767,0.69,15,Networking,41,200,2.0,2,0
99,0.49,16,27.97,75,1074,0.54,16,Networking,33,200,1.5,2,1
77,0.39,12,26.59,65,901,0.22,15,Empty,28,200,2.5,1,0
94,0.47,20,27.13,65,922,0.48,13,Lecture,29,200,2.5,2,1
196,0.98,18,32.86,73,1599,0.79,12,Empty,36,200,2.0,2,1
108,0.54,5,27.19,58,1048,0.41,11,Empty,31,200,2.0,1,1
117,0.58,1,30.99,54,1170,0.62,10,Networking,42,200,2.0,1,1
39,0.2,2,26.13,51,589,0.79,14,Lecture,39,200,1.5,1,-1
129,0.65,11,29.65,40,1214,0.24,12,Networking,35,200,1.5,2,1
121,0.6,16,28.96,47,1134,0.93,17,Networking,30,200,2.5,4,1
121,0.6,6,30.06,55,1143,0.4,14,Networking,41,200,1.5,3,1
22,0.11,7,24.28,45,459,0.85,11,Networking,28,200,2.5,4,1
172,0.86,13,31.37,74,1436,0.44,11,Lecture,40,200,2.5,1,1
18,0.09,2,24.73,57,526,0.4,17,Empty,33,200,1.5,2,-1
101,0.51,13,29.68,49,1044,0.48,18,Empty,32,200,1.5,3,1
87,0.43,8,27.56,63,923,0.85,9,Lecture,39,200,1.5,4,1
142,0.71,17,31.44,46,1230,0.71,18,Lecture,30,200,1.5,3,1
196,0.98,12,35.0,74,1501,0.4,14,Networking,42,200,2.5,2,1
123,0.61,6,30.15,63,1075,0.77,11,Lecture,40,200,2.5,3,1
177,0.89,10,30.81,68,1399,0.8,15,Empty,31,200,1.5,1,1
117,0.58,16,29.86,59,1088,0.94,17,Networking,42,200,1.5,4,1
7,0.04,1,24.0,52,486,0.44,18,Empty,31,200,2.0,3,-1
18,0.09,5,25.15,43,476,0.84,12,Empty,39,200,2.5,1,-1
152,0.76,11,30.38,59,1318,0.97,12,Networking,41,200,2.5,4,1
56,0.28,25,27.96,69,754,0.32,16,Networking,37,200,2.5,3,1
63,0.32,13,26.14,60,776,0.98,15,Empty,39,200,1.5,4,0
103,0.52,4,29.17,54,980,0.44,12,Lecture,36,200,2.0,3,1
62,0.31,14,26.95,40,741,0.22,18,Networking,28,200,1.5,4,-1
28,0.14,21,25.4,55,555,0.29,13,Networking,38,200,2.0,4,0
182,0.91,1,31.6,72,1524,0.47,15,Empty,33,200,1.5,4,1
28,0.14,6,23.15,58,640,0.29,10,Networking,32,200,2.0,3,-1
61,0.3,21,26.87,74,741,0.23,14,Empty,28,200,2.5,1,1
131,0.66,15,31.95,54,1194,0.34,14,Empty,42,200,2.0,2,1
177,0.89,17,31.98,64,1437,0.29,12,Empty,35,200,2.0,4,1
9,0.04,12,24.62,55,421,0.24,17,Empty,36,200,1.5,3,-1
23,0.12,8,25.66,40,537,0.72,13,Empty,39,200,1.5,1,0
117,0.58,7,29.53,46,1177,1.0,18,Networking,38,200,2.0,1,1
59,0.29,20,26.89,55,824,0.74,14,Lecture,35,200,2.5,4,0
177,0.89,18,30.38,42,1491,0.35,9,Lecture,28,200,2.5,1,1
193,0.96,0,33.9,41,1534,0.48,10,Lecture,32,200,1.5,2,1
76,0.38,9,26.44,48,798,0.91,17,Empty,36,200,2.5,1,-1
162,0.81,12,32.01,55,1335,0.22,18,Empty,40,200,2.5,3,1
153,0.77,18,29.47,48,1328,0.27,9,Empty,31,200,1.5,1,1
145,0.72,23,32.4,47,1281,0.37,9,Networking,42,200,2.0,1,1
106,0.53,25,27.99,75,1090,0.48,12,Empty,35,200,2.0,4,1
131,0.66,13,28.62,65,1166,0.36,16,Lecture,28,200,1.5,1,1
170,0.85,7,31.12,40,1473,0.35,12,Empty,36,200,2.5,2,1
94,0.47,11,27.26,67,1009,0.64,16,Networking,33,200,2.5,1,1
103,0.52,6,28.45,51,974,0.74,11,Lecture,37,200,2.5,4,1
139,0.69,0,29.82,44,1251,0.28,15,Empty,38,200,1.5,3,1
177,0.89,15,31.98,53,1390,0.33,14,Empty,35,200,2.5,1,1
13,0.07,14,24.57,70,430,0.74,17,Lecture,41,200,2.5,2,0
117,0.58,24,29.42,75,1109,0.71,16,Networking,31,200,1.5,3,1
184,0.92,19,32.23,65,1583,0.98,16,Empty,39,200,2.0,1,1
66,0.33,25,24.89,45,753,0.89,13,Lecture,29,200,2.0,1,1
130,0.65,21,31.1,62,1193,0.51,12,Lecture,37,200,2.5,2,1
138,0.69,23,29.52,67,1235,0.26,18,Lecture,39,200,1.5,4,1
169,0.84,16,31.54,65,1451,0.55,16,Networking,30,200,2.5,1,1
66,0.33,18,24.9,42,752,0.65,16,Lecture,29,200,2.0,3,-1
60,0.3,11,25.48,60,837,0.75,12,Networking,36,200,1.5,4,-1
72,0.36,16,26.51,58,754,0.84,10,Networking,31,200,2.0,2,0
110,0.55,8,29.5,42,991,0.88,13,Empty,37,200,2.5,4,1
24,0.12,7,25.2,50,568,0.41,9,Networking,41,200,2.5,4,0
27,0.14,21,24.3,72,546,0.33,13,Lecture,33,200,2.0,4,1
54,0.27,11,28.04,60,729,0.67,9,Empty,40,200,2.5,3,1
54,0.27,13,27.0,44,676,0.69,15,Empty,32,200,1.5,2,0
11,0.06,18,23.97,62,386,0.52,18,Networking,38,200,2.5,3,-1
11,0.06,4,25.95,60,424,0.7,18,Lecture,39,200,2.0,3,-1
30,0.15,22,25.59,42,611,0.72,12,Lecture,40,200,2.5,4,0
120,0.6,16,28.0,52,1138,0.72,15,Lecture,34,200,1.5,2,1
161,0.81,9,32.65,42,1385,0.45,16,Lecture,35,200,2.0,4,1
167,0.83,21,30.44,41,1415,0.49,11,Lecture,29,200,2.5,2,1
110,0.55,18,31.05,67,1035,0.98,15,Empty,41,200,1.5,3,1
72,0.36,21,27.85,60,839,0.37,9,Networking,36,200,1.5,4,1
69,0.34,18,26.09,46,739,0.66,16,Networking,40,200,2.5,3,-1
56,0.28,25,26.48,48,749,0.99,11,Lecture,28,200,2.0,4,-1
44,0.22,15,25.84,46,728,0.64,10,Lecture,34,200,1.5,2,0
13,0.07,9,24.5,58,479,0.59,18,Lecture,38,200,1.5,3,1
0,0.0,0,23.32,66,426,0.5,16,Lecture,33,200,1.5,2,-1
29,0.14,12,23.07,49,641,0.94,17,Empty,28,200,1.5,3,-1
22,0.11,17,24.85,60,560,0.48,13,Lecture,30,200,1.5,2,1
85,0.42,24,26.96,70,879,0.34,13,Lecture,41,200,2.0,1,0
9,0.04,0,24.79,71,462,0.82,9,Networking,34,200,2.0,4,1
46,0.23,12,26.3,53,616,0.45,18,Lecture,32,200,2.0,1,0
45,0.23,18,23.72,54,655,0.65,18,Lecture,28,200,2.5,3,-1
9,0.04,13,25.04,40,449,0.59,12,Networking,31,200,2.0,1,-1
187,0.94,25,33.49,67,1460,0.42,12,Lecture,40,200,2.5,1,1
135,0.68,18,30.07,67,1277,0.88,9,Empty,29,200,2.0,1,1
126,0.63,9,30.83,47,1102,0.9,13,Empty,39,200,2.0,4,1
117,0.58,0,28.01,74,1115,0.27,9,Empty,30,200,1.5,3,1
90,0.45,3,27.14,51,875,0.56,13,Lecture,32,200,2.0,4,1
7,0.04,20,24.79,54,389,0.23,13,Lecture,37,200,2.5,1,1
162,0.81,10,31.05,53,1419,0.62,10,Empty,30,200,1.5,1,1
48,0.24,20,25.18,57,700,0.89,9,Empty,28,200,2.0,2,0
11,0.06,4,26.02,55,521,0.77,14,Networking,42,200,2.5,2,0
27,0.14,22,24.53,42,546,0.98,18,Lecture,37,200,1.5,4,1
124,0.62,23,30.98,70,1209,0.85,17,Networking,37,200,2.5,3,1
113,0.56,1,29.33,43,1096,0.84,18,Lecture,41,200,2.5,4,1
18,0.09,12,25.04,56,583,0.91,14,Lecture,42,200,2.0,2,-1
145,0.72,16,31.2,63,1249,0.81,17,Lecture,30,200,2.5,4,1
19,0.1,20,23.07,51,489,0.88,14,Lecture,33,200,2.0,3,-1
162,0.81,21,30.22,42,1300,0.29,17,Networking,29,200,1.5,2,1
101,0.51,6,27.63,73,941,0.54,15,Empty,33,200,2.0,4,1
10,0.05,5,22.93,42,439,0.66,18,Networking,33,200,2.0,4,-1
36,0.18,9,23.98,74,667,0.87,14,Empty,32,200,1.5,4,1
73,0.36,10,27.74,61,779,0.33,13,Empty,30,200,1.5,4,1
45,0.23,0,25.25,54,692,0.61,18,Empty,32,200,1.5,2,1
168,0.84,25,32.17,51,1411,0.95,12,Empty,34,200,1.5,1,1
119,0.59,9,28.99,54,1125,0.4,13,Lecture,32,200,2.0,1,1
94,0.47,12,27.28,70,1043,0.54,17,Lecture,35,200,2.0,3,1
157,0.79,20,31.81,54,1290,0.21,16,Networking,40,200,2.0,1,1
23,0.12,11,25.25,43,599,0.44,17,Empty,32,200,1.5,4,1
36,0.18,12,23.56,43,656,0.56,15,Empty,28,200,1.5,3,-1
22,0.11,7,24.48,74,545,0.85,11,Empty,34,200,2.5,2,1
48,0.24,7,24.95,72,685,0.46,12,Lecture,38,200,1.5,3,1
153,0.77,1,30.32,59,1386,0.35,18,Empty,41,200,2.5,1,1
154,0.77,20,29.75,45,1245,0.99,18,Lecture,35,200,2.5,4,1
89,0.45,21,28.94,66,999,0.65,15,Networking,35,200,1.5,3,1
189,0.94,8,31.0,59,1467,0.99,13,Lecture,30,200,2.5,1,1
190,0.95,7,32.0,60,1589,0.4,13,Empty,36,200,1.5,4,1
141,0.7,14,30.85,65,1283,0.92,15,Empty,35,200,2.0,3,1
196,0.98,11,33.16,50,1593,0.34,14,Empty,28,200,2.5,1,1
12,0.06,10,24.6,72,422,0.29,11,Lecture,37,200,2.0,2,1
18,0.09,13,23.79,67,460,0.39,16,Networking,40,200,2.0,1,-1
32,0.16,11,26.4,45,589,0.67,17,Lecture,40,200,1.5,3,0
76,0.38,21,28.79,65,881,0.51,9,Networking,36,200,1.5,3,1
94,0.47,12,28.16,50,919,0.9,17,Lecture,35,200,1.5,2,1
33,0.17,25,26.18,47,616,0.53,14,Lecture,38,200,1.5,3,-1
147,0.73,13,31.39,56,1319,0.69,14,Empty,37,200,2.5,4,1
139,0.69,16,30.53,73,1281,0.92,14,Networking,42,200,1.5,3,1
28,0.14,1,26.2,40,616,0.53,11,Networking,38,200,2.0,3,0
27,0.14,18,23.97,64,628,0.44,11,Lecture,29,200,2.0,1,-1
184,0.92,16,32.38,62,1476,0.97,12,Empty,30,200,1.5,4,1
39,0.2,24,24.47,64,580,0.26,9,Lecture,32,200,2.0,4,0
34,0.17,14,24.28,48,658,0.53,13,Empty,37,200,1.5,1,1
86,0.43,14,27.85,66,949,0.21,17,Networking,34,200,2.0,2,1
137,0.69,12,29.59,46,1149,0.27,16,Empty,37,200,2.0,2,1
144,0.72,14,30.73,68,1227,0.37,16,Empty,37,200,2.5,3,1
171,0.85,9,33.48,51,1501,0.9,9,Lecture,40,200,2.0,1,1
22,0.11,1,23.45,70,508,0.61,18,Networking,28,200,2.0,3,-1
190,0.95,20,33.65,61,1547,0.6,11,Lecture,32,200,1.5,1,1
167,0.83,15,31.14,52,1389,0.41,12,Empty,29,200,1.5,2,1
80,0.4,21,27.14,69,874,0.28,10,Lecture,39,200,2.0,3,1
168,0.84,1,32.28,64,1433,0.23,13,Empty,37,200,1.5,1,1
149,0.74,2,31.35,74,1281,0.36,18,Lecture,38,200,2.5,4,1
113,0.56,24,29.84,45,1004,0.5,13,Networking,29,200,2.0,4,1
173,0.86,8,32.18,53,1476,0.94,15,Lecture,40,200,1.5,1,1
14,0.07,12,25.14,75,446,0.53,18,Networking,31,200,1.5,3,1
46,0.23,3,24.14,57,669,0.28,9,Networking,29,200,1.5,1,0
117,0.58,20,28.39,75,1180,0.27,17,Networking,39,200,2.5,3,1
90,0.45,18,26.72,57,960,0.34,18,Networking,29,200,2.0,2,0
54,0.27,18,25.17,57,746,0.66,17,Empty,31,200,1.5,4,0
137,0.69,11,30.97,62,1300,0.93,14,Networking,28,200,1.5,1,1
124,0.62,15,29.29,72,1181,0.77,9,Empty,42,200,2.5,1,1
128,0.64,0,29.52,45,1207,0.93,12,Networking,29,200,1.5,1,1
165,0.82,15,33.34,69,1382,0.91,12,Empty,37,200,2.5,1,1
168,0.84,22,30.92,61,1345,0.89,9,Networking,28,200,1.5,3,1
11,0.06,10,25.05,64,396,0.75,13,Lecture,31,200,1.5,4,0
75,0.38,4,28.17,53,850,0.66,14,Empty,42,200,2.0,3,1
78,0.39,15,28.26,50,922,0.46,11,Networking,35,200,2.5,2,1
104,0.52,7,26.88,50,1015,0.44,15,Networking,31,200,2.5,4,1
200,1.0,7,33.78,43,1589,0.61,14,Empty,35,200,1.5,3,1
156,0.78,25,32.24,75,1394,0.75,12,Networking,31,200,2.0,1,1
68,0.34,10,26.46,74,838,0.99,16,Empty,30,200,1.5,3,1
157,0.79,24,30.21,74,1288,0.24,17,Networking,28,200,1.5,4,1
67,0.34,15,27.53,51,795,0.95,11,Lecture,39,200,1.5,4,1
39,0.2,11,25.73,60,586,0.89,17,Lecture,32,200,2.0,4,0
171,0.85,23,32.81,73,1485,0.76,15,Lecture,34,200,2.5,4,1
59,0.29,25,25.98,41,786,0.94,15,Lecture,35,200,2.5,3,0
102,0.51,0,30.13,58,994,0.76,16,Empty,37,200,2.0,2,1
106,0.53,4,28.24,71,1047,0.33,16,Networking,31,200,2.0,2,1
58,0.29,20,25.17,51,826,0.95,12,Networking,33,200,2.5,3,0
46,0.23,15,25.92,72,623,0.67,11,Networking,28,200,1.5,4,1
131,0.66,19,29.06,62,1182,0.46,16,Networking,36,200,2.0,1,1
6,0.03,6,23.6,75,430,0.36,17,Networking,31,200,2.0,3,1
200,1.0,14,32.26,61,1626,0.54,12,Networking,37,200,2.5,2,1
82,0.41,7,26.17,47,940,0.41,12,Empty,34,200,2.0,2,-1
23,0.12,4,23.3,54,541,0.67,13,Lecture,30,200,2.5,2,-1
96,0.48,8,27.9,41,944,0.79,11,Empty,39,200,2.0,2,1
114,0.57,1,31.18,72,1039,0.6,10,Networking,41,200,1.5,4,1
75,0.38,15,26.92,55,802,0.23,10,Lecture,40,200,2.0,3,-1
182,0.91,22,30.75,69,1429,0.62,16,Lecture,31,200,1.5,3,1
108,0.54,4,28.93,70,1031,0.78,13,Networking,38,200,1.5,1,1
131,0.66,4,30.1,65,1195,0.95,18,Empty,33,200,1.5,1,1
6,0.03,7,24.08,66,361,0.34,16,Empty,36,200,1.5,3,0
85,0.42,17,29.14,60,918,0.81,15,Networking,34,200,2.0,2,1
30,0.15,17,25.49,71,552,0.73,13,Networking,40,200,1.5,3,1
103,0.52,14,27.32,43,1049,0.85,11,Lecture,35,200,2.5,1,1
136,0.68,19,30.14,57,1238,0.93,17,Lecture,40,200,2.0,1,1
43,0.21,7,27.37,65,639,0.81,17,Networking,40,200,1.5,1,1
83,0.41,14,26.6,59,890,0.84,10,Networking,33,200,2.5,1,0
118,0.59,9,29.92,58,1170,0.31,11,Empty,32,200,2.0,2,1
197,0.98,17,33.61,65,1604,0.2,13,Networking,33,200,2.0,2,1
199,0.99,12,32.59,71,1597,0.56,18,Empty,34,200,2.5,1,1
31,0.15,3,25.13,68,601,0.65,13,Lecture,38,200,1.5,3,-1
109,0.55,21,30.12,63,1126,0.3,17,Lecture,35,200,1.5,3,1
102,0.51,17,27.72,53,947,0.53,12,Lecture,36,200,2.5,2,1
55,0.28,4,26.34,54,791,0.94,10,Lecture,31,200,2.5,2,-1
143,0.71,17,31.05,63,1216,0.54,17,Empty,36,200,1.5,4,1
157,0.79,18,30.78,65,1320,0.88,14,Lecture,40,200,2.5,2,1
120,0.6,24,29.59,63,1196,0.97,10,Lecture,36,200,2.5,4,1
27,0.14,8,23.14,73,525,0.93,15,Networking,31,200,2.5,4,1
113,0.56,6,29.8,74,1048,0.76,13,Empty,32,200,2.5,3,1
150,0.75,9,32.92,49,1267,0.97,14,Empty,40,200,1.5,4,1
197,0.98,5,34.23,72,1658,0.93,11,Networking,33,200,1.5,2,1
190,0.95,19,34.19,47,1491,0.76,15,Networking,33,200,1.5,4,1
24,0.12,19,23.67,43,594,0.37,14,Networking,39,200,2.0,4,-1
178,0.89,0,32.36,53,1539,0.56,13,Lecture,34,200,1.5,4,1
22,0.11,2,23.53,66,507,0.21,13,Lecture,28,200,1.5,2,-1
26,0.13,20,23.38,48,561,0.22,17,Networking,30,200,2.5,2,-1
121,0.6,13,29.71,74,1126,0.67,18,Networking,39,200,1.5,2,1
72,0.36,15,27.15,44,762,0.73,13,Lecture,29,200,2.0,1,1
44,0.22,8,25.9,55,597,0.48,17,Networking,36,200,2.0,1,0
166,0.83,18,32.61,61,1377,0.37,18,Networking,41,200,1.5,3,1
42,0.21,6,25.49,46,609,0.9,12,Empty,31,200,2.5,2,0
175,0.88,18,31.27,55,1504,0.76,17,Lecture,31,200,2.0,4,1
33,0.17,1,25.71,50,601,0.68,17,Networking,31,200,2.0,2,0
91,0.46,3,27.81,44,909,0.83,15,Lecture,35,200,1.5,4,1
127,0.64,1,29.7,69,1208,0.75,17,Networking,41,200,2.5,3,1
148,0.74,13,30.1,59,1354,0.36,10,Lecture,28,200,2.0,3,1
192,0.96,7,32.72,70,1541,0.51,15,Empty,32,200,1.5,4,1
24,0.12,14,26.08,59,473,0.99,9,Lecture,38,200,1.5,2,-1
65,0.33,13,28.54,60,828,0.75,12,Empty,42,200,1.5,2,1
113,0.56,17,29.41,69,1073,0.33,17,Empty,28,200,2.0,2,1
184,0.92,11,33.53,56,1521,0.33,11,Networking,41,200,2.5,3,1
192,0.96,20,32.14,56,1521,0.96,10,Empty,37,200,1.5,3,1
106,0.53,16,27.62,73,1059,0.84,9,Lecture,30,200,2.5,4,1
194,0.97,25,31.69,73,1518,0.36,13,Empty,31,200,2.0,1,1
54,0.27,24,27.38,41,689,0.63,15,Networking,42,200,2.0,1,1
182,0.91,2,33.43,62,1484,0.25,11,Empty,30,200,2.0,4,1
62,0.31,18,25.86,61,772,0.97,13,Empty,36,200,2.0,4,1
194,0.97,0,32.2,75,1617,0.34,17,Networking,38,200,1.5,4,1
64,0.32,25,27.32,62,856,0.6,15,Networking,30,200,2.0,4,1
131,0.66,6,30.84,59,1185,0.93,12,Lecture,41,200,2.0,4,1
123,0.61,18,30.65,75,1074,0.92,16,Lecture,34,200,2.5,3,1
90,0.45,21,27.85,66,954,0.83,14,Empty,37,200,1.5,1,1
147,0.73,21,31.4,48,1268,0.4,15,Networking,38,200,2.0,3,1
123,0.61,16,28.95,58,1070,0.87,17,Lecture,32,200,2.0,2,1
190,0.95,14,33.03,41,1560,0.89,16,Lecture,36,200,1.5,1,1
123,0.61,19,30.46,51,1146,0.58,16,Empty,31,200,2.0,3,1
89,0.45,2,26.59,71,967,0.71,12,Lecture,36,200,1.5,2,1
12,0.06,18,23.07,40,488,0.86,18,Networking,29,200,2.0,1,-1
83,0.41,16,27.79,43,918,0.72,13,Empty,28,200,2.5,4,1
51,0.26,20,25.26,47,772,0.9,13,Networking,34,200,1.5,2,0
171,0.85,16,32.53,40,1456,0.72,14,Networking,42,200,2.0,2,1
39,0.2,9,24.61,68,604,0.83,17,Lecture,38,200,2.5,2,0
185,0.93,15,31.55,72,1571,0.26,15,Empty,29,200,2.0,4,1
151,0.76,0,31.76,40,1230,0.44,10,Networking,28,200,2.5,1,1
125,0.62,17,30.61,60,1163,0.55,12,Empty,36,200,1.5,3,1
7,0.04,0,23.27,57,493,0.56,15,Empty,38,200,2.0,4,-1
146,0.73,7,30.54,48,1254,0.72,16,Lecture,35,200,1.5,4,1
104,0.52,21,29.34,41,1027,0.89,12,Lecture,32,200,1.5,3,1
49,0.24,25,24.34,48,658,0.65,11,Lecture,30,200,1.5,1,0
191,0.95,16,33.99,42,1563,0.23,13,Networking,37,200,1.5,1,1
159,0.8,23,32.36,49,1407,0.73,17,Networking,40,200,2.0,2,1
11,0.06,5,22.94,53,505,0.62,10,Lecture,36,200,1.5,4,-1
54,0.27,1,26.86,60,757,0.43,11,Empty,31,200,2.5,2,0
49,0.24,13,25.51,72,723,0.57,9,Networking,37,200,2.5,2,1
105,0.53,11,28.58,60,1083,0.57,16,Networking,33,200,2.0,2,1
78,0.39,17,28.28,50,888,0.84,18,Lecture,32,200,2.5,2,1
109,0.55,6,27.16,68,985,0.62,12,Empty,29,200,1.5,3,1
130,0.65,10,29.64,50,1208,0.49,15,Lecture,29,200,2.0,3,1
102,0.51,17,28.72,42,939,0.42,16,Networking,30,200,2.0,4,1
147,0.73,7,32.32,43,1228,0.92,11,Empty,41,200,2.0,1,1
122,0.61,10,29.46,51,1144,0.4,12,Networking,31,200,2.5,2,1
7,0.04,3,23.63,72,491,0.28,11,Networking,40,200,1.5,3,1
118,0.59,24,31.05,45,1067,0.56,12,Lecture,38,200,2.0,1,1
62,0.31,24,26.44,63,842,0.6,18,Empty,42,200,1.5,1,1
166,0.83,0,31.71,61,1470,0.41,15,Lecture,34,200,2.5,1,1
197,0.98,10,31.69,44,1558,0.32,18,Empty,33,200,2.0,1,1
118,0.59,8,30.69,59,1029,0.31,10,Networking,42,200,2.5,3,1
135,0.68,21,29.73,50,1264,0.2,10,Lecture,37,200,2.5,3,1
44,0.22,22,24.95,70,619,0.44,14,Empty,37,200,1.5,4,1
51,0.26,9,26.45,55,673,0.98,13,Networking,29,200,1.5,1,0
116,0.58,7,27.96,52,1053,0.39,14,Lecture,30,200,1.5,1,1
148,0.74,13,32.55,41,1222,0.7,15,Networking,38,200,2.0,3,1
91,0.46,22,27.39,42,930,0.88,12,Empty,35,200,2.5,3,1
88,0.44,9,26.89,48,964,0.98,18,Lecture,30,200,2.0,1,0
8,0.04,4,24.22,64,452,0.48,13,Lecture,29,200,2.0,2,0
107,0.54,17,27.42,54,1047,0.66,15,Networking,28,200,2.5,3,1
199,0.99,17,33.54,45,1652,0.23,18,Networking,39,200,2.0,1,1
65,0.33,15,25.79,59,747,0.63,17,Empty,34,200,2.5,1,0
11,0.06,7,24.42,65,420,0.58,17,Lecture,42,200,1.5,2,1
159,0.8,24,29.27,62,1383,0.97,9,Networking,28,200,1.5,1,1
93,0.47,15,28.61,41,936,0.65,14,Networking,40,200,2.0,1,1
132,0.66,1,30.2,73,1187,0.54,18,Lecture,41,200,2.5,4,1
72,0.36,23,27.7,47,903,0.79,15,Lecture,38,200,2.0,4,1
15,0.07,0,25.49,66,417,0.38,13,Empty,37,200,2.0,3,0
109,0.55,23,28.82,68,1052,0.97,15,Networking,28,200,2.0,4,1
87,0.43,2,26.62,69,900,0.91,16,Empty,32,200,2.0,2,0
121,0.6,19,29.53,64,1199,0.57,17,Networking,37,200,2.5,4,1
42,0.21,24,25.73,69,653,0.58,17,Lecture,36,200,2.0,3,0
152,0.76,12,30.77,62,1384,0.23,11,Networking,30,200,2.0,2,1
17,0.09,16,25.91,66,469,0.24,9,Networking,42,200,2.5,4,-1
131,0.66,13,29.86,45,1123,0.27,15,Empty,33,200,1.5,2,1
73,0.36,12,27.25,54,898,0.88,15,Networking,34,200,1.5,4,1
86,0.43,24,27.16,50,885,0.22,10,Networking,34,200,1.5,2,1
133,0.67,13,31.43,68,1198,0.94,10,Empty,39,200,2.0,2,1
186,0.93,7,33.61,71,1552,0.67,11,Empty,42,200,2.0,2,1
180,0.9,4,34.11,47,1440,0.66,13,Lecture,37,200,1.5,1,1
11,0.06,25,24.85,60,387,0.61,15,Networking,35,200,2.5,4,0
180,0.9,6,34.41,59,1544,0.35,16,Lecture,42,200,2.5,4,1
175,0.88,1,33.55,71,1521,0.8,17,Networking,39,200,2.0,4,1
157,0.79,25,30.59,47,1293,0.97,11,Empty,31,200,1.5,4,1
102,0.51,20,27.54,43,1025,0.27,14,Networking,34,200,1.5,2,1
138,0.69,24,29.31,53,1164,0.92,18,Networking,34,200,1.5,1,1
17,0.09,19,24.99,48,507,0.22,9,Networking,32,200,2.0,4,0
184,0.92,15,34.27,52,1569,0.22,10,Networking,37,200,1.5,2,1
48,0.24,14,24.71,42,682,0.78,9,Lecture,32,200,2.5,3,1
38,0.19,14,25.91,56,613,0.51,12,Lecture,38,200,2.0,4,1
98,0.49,17,27.75,50,948,0.83,11,Networking,32,200,1.5,4,1
98,0.49,25,29.25,71,1037,0.86,17,Lecture,39,200,2.5,3,1
127,0.64,3,31.65,59,1122,0.7,14,Networking,39,200,1.5,1,1
100,0.5,5,28.09,61,945,1.0,12,Empty,39,200,2.5,3,1
158,0.79,6,32.1,74,1284,0.57,12,Empty,36,200,2.0,2,1
107,0.54,12,28.93,46,1028,0.35,14,Lecture,29,200,2.0,4,1
199,0.99,21,35.09,43,1619,0.52,16,Empty,39,200,2.5,3,1
123,0.61,4,31.36,43,1102,0.61,10,Lecture,42,200,1.5,3,1
29,0.14,16,24.31,59,643,0.64,11,Lecture,30,200,2.0,3,1
42,0.21,11,26.8,70,710,0.26,13,Lecture,35,200,1.5,1,0
81,0.41,24,27.28,46,890,0.46,14,Lecture,35,200,2.5,1,1
170,0.85,1,32.88,42,1482,0.6,9,Lecture,35,200,1.5,2,1
126,0.63,10,30.57,45,1232,0.23,10,Lecture,31,200,2.0,2,1
169,0.84,10,32.23,59,1436,0.25,10,Lecture,41,200,2.5,3,1
125,0.62,8,29.59,50,1080,0.87,15,Networking,34,200,1.5,1,1
166,0.83,23,32.07,60,1414,0.64,14,Networking,33,200,2.0,3,1
182,0.91,14,32.36,61,1486,0.81,17,Networking,39,200,1.5,3,1
121,0.6,3,30.07,46,1191,0.69,9,Empty,39,200,2.0,1,1
52,0.26,0,26.92,54,654,0.51,17,Networking,32,200,1.5,3,0
78,0.39,21,26.04,56,901,0.38,14,Lecture,36,200,2.5,1,0
155,0.78,7,31.21,72,1338,0.94,17,Networking,38,200,2.0,4,1
37,0.18,21,25.91,53,687,0.64,13,Lecture,34,200,2.0,1,-1
93,0.47,25,27.73,46,989,0.51,15,Empty,41,200,1.5,4,1
104,0.52,15,29.87,61,973,0.94,13,Networking,32,200,1.5,1,1
69,0.34,18,26.58,63,886,0.86,11,Networking,40,200,2.5,4,1
144,0.72,2,30.38,70,1222,0.57,10,Lecture,39,200,1.5,4,1
174,0.87,10,31.36,74,1442,0.54,15,Empty,29,200,1.5,4,1
148,0.74,19,31.5,57,1361,0.87,17,Networking,38,200,2.0,4,1
16,0.08,10,24.02,72,504,0.48,14,Networking,36,200,2.5,3,1
158,0.79,25,32.33,54,1339,0.82,18,Empty,32,200,2.0,3,1
135,0.68,7,31.29,43,1204,0.84,16,Empty,37,200,1.5,1,1
33,0.17,11,23.93,54,557,0.57,13,Empty,34,200,2.0,4,-1
142,0.71,21,29.88,61,1323,0.68,11,Empty,42,200,1.5,3,1
118,0.59,24,30.91,69,1166,0.94,14,Empty,36,200,2.5,3,1
111,0.56,22,27.86,50,1140,0.86,10,Empty,29,200,2.0,2,1
64,0.32,11,26.22,53,807,0.66,18,Lecture,28,200,2.5,1,1
23,0.12,7,25.41,45,574,0.77,9,Lecture,31,200,1.5,4,-1
104,0.52,20,27.63,74,1060,0.55,11,Lecture,31,200,2.0,4,1
123,0.61,13,31.29,70,1184,0.31,10,Networking,38,200,2.0,4,1
168,0.84,20,33.03,50,1395,0.31,12,Empty,35,200,2.5,2,1
181,0.91,21,31.65,66,1487,0.95,12,Networking,32,200,2.5,3,1
154,0.77,18,32.29,70,1245,0.91,12,Empty,39,200,2.5,2,1
92,0.46,19,27.52,48,962,0.23,17,Empty,33,200,2.5,1,1
20,0.1,11,24.09,64,555,0.23,15,Empty,35,200,1.5,4,0
191,0.95,2,32.68,40,1598,0.77,17,Empty,33,200,2.0,4,1
88,0.44,24,29.08,48,971,0.31,9,Networking,42,200,2.5,4,1
80,0.4,20,28.1,70,924,0.65,14,Lecture,31,200,2.5,4,1
83,0.41,25,28.94,51,872,0.25,18,Lecture,38,200,1.5,2,1
114,0.57,20,28.87,49,1018,0.42,18,Lecture,41,200,2.5,1,1
80,0.4,20,28.05,58,880,0.97,9,Empty,41,200,1.5,3,1
75,0.38,18,27.23,49,899,0.72,10,Networking,36,200,2.5,2,1
132,0.66,19,30.08,62,1120,0.32,17,Empty,36,200,1.5,3,1
60,0.3,12,26.58,42,730,0.83,18,Empty,42,200,1.5,2,1
67,0.34,8,26.67,72,840,0.47,9,Lecture,41,200,2.5,4,1
166,0.83,10,32.14,63,1354,0.51,16,Lecture,36,200,2.5,1,1
128,0.64,3,30.98,67,1152,0.91,15,Networking,34,200,1.5,2,1
101,0.51,5,28.4,46,962,0.82,15,Lecture,42,200,2.5,1,1
46,0.23,5,26.63,46,682,0.9,12,Empty,37,200,2.0,4,0
125,0.62,23,28.9,49,1133,0.93,10,Empty,38,200,2.0,4,1
28,0.14,8,24.31,69,531,0.79,10,Empty,31,200,2.0,4,0
163,0.81,15,32.02,53,1383,0.35,11,Networking,30,200,1.5,3,1
34,0.17,25,25.57,57,542,0.96,15,Empty,36,200,2.5,3,0
78,0.39,10,26.44,48,810,0.54,18,Empty,28,200,2.0,4,0
200,1.0,5,34.65,68,1649,0.58,13,Lecture,36,200,2.5,4,1
150,0.75,8,31.2,68,1295,0.79,10,Lecture,39,200,2.5,1,1
155,0.78,7,32.01,60,1347,0.94,10,Lecture,29,200,2.0,4,1
132,0.66,16,30.99,51,1197,0.65,16,Empty,32,200,1.5,4,1
150,0.75,0,30.99,72,1360,0.85,16,Lecture,33,200,2.0,2,1
8,0.04,25,23.97,64,418,0.74,15,Lecture,33,200,2.5,4,-1
32,0.16,25,26.54,73,585,0.72,14,Networking,41,200,2.5,4,1
72,0.36,4,27.03,67,756,0.61,10,Networking,29,200,1.5,3,1
183,0.92,9,32.24,49,1538,0.98,10,Empty,39,200,2.0,1,1
72,0.36,19,27.11,53,910,0.99,14,Empty,28,200,2.5,2,1
129,0.65,13,29.05,47,1228,0.62,16,Networking,34,200,2.5,1,1
129,0.65,10,28.93,64,1216,0.9,15,Networking,33,200,2.0,1,1
198,0.99,1,32.05,44,1556,0.33,15,Empty,32,200,1.5,1,1
35,0.17,5,24.38,53,672,0.47,15,Lecture,31,200,2.5,2,-1
95,0.47,16,29.95,63,989,0.83,17,Empty,40,200,2.5,1,1
56,0.28,12,27.98,48,692,0.57,13,Lecture,40,200,2.5,1,1
27,0.14,2,23.23,56,505,0.83,14,Lecture,32,200,2.0,4,-1
83,0.41,25,27.82,73,872,0.39,16,Empty,34,200,2.5,2,1
0,0.0,5,23.15,40,373,0.55,15,Empty,41,200,2.5,4,-1
162,0.81,17,31.98,71,1302,0.92,16,Empty,34,200,1.5,2,1
46,0.23,2,26.33,51,611,0.27,15,Empty,32,200,2.0,3,0
173,0.86,13,33.24,68,1473,0.39,15,Networking,41,200,2.0,1,1
15,0.07,23,22.67,64,425,0.54,10,Empty,30,200,1.5,3,-1
125,0.62,14,31.18,45,1201,0.94,14,Networking,37,200,2.0,1,1
64,0.32,16,28.35,65,855,0.23,12,Networking,42,200,2.5,4,1
108,0.54,2,28.19,69,1120,0.29,17,Lecture,42,200,2.0,3,1
123,0.61,21,29.61,54,1126,0.61,18,Empty,36,200,1.5,1,1
162,0.81,6,30.53,40,1295,0.89,14,Networking,37,200,2.0,2,1
38,0.19,21,26.79,70,610,0.23,13,Empty,35,200,1.5,3,0
58,0.29,21,27.09,62,770,0.73,18,Networking,33,200,2.0,2,1
112,0.56,19,29.41,61,1104,0.41,10,Lecture,28,200,1.5,4,1
26,0.13,15,25.8,51,532,0.83,13,Lecture,33,200,1.5,4,-1
88,0.44,20,26.72,52,894,0.38,15,Networking,34,200,2.0,3,0
42,0.21,13,26.78,55,661,0.42,10,Empty,39,200,2.0,3,0
102,0.51,22,28.33,40,1052,0.83,17,Networking,37,200,1.5,1,1
68,0.34,12,26.89,63,764,0.97,12,Lecture,33,200,2.5,1,1
114,0.57,23,30.39,44,1121,0.66,12,Empty,37,200,2.0,4,1
186,0.93,5,32.1,59,1585,0.65,15,Lecture,36,200,1.5,4,1
154,0.77,3,29.76,44,1351,0.66,14,Empty,30,200,2.0,2,1
177,0.89,13,31.35,66,1384,0.98,17,Networking,33,200,1.5,2,1
138,0.69,19,29.41,44,1250,0.47,11,Networking,39,200,1.5,1,1
178,0.89,22,34.16,40,1520,0.42,17,Networking,38,200,1.5,2,1
16,0.08,23,23.54,41,548,0.81,15,Networking,38,200,2.0,2,-1
82,0.41,5,25.55,48,921,0.47,14,Lecture,28,200,1.5,3,0
96,0.48,11,28.48,56,1027,0.52,12,Lecture,28,200,1.5,4,1
40,0.2,10,27.16,67,654,0.78,11,Empty,40,200,2.0,3,1
172,0.86,16,33.58,42,1417,0.23,16,Lecture,37,200,2.0,4,1
46,0.23,25,24.51,64,668,0.55,13,Lecture,35,200,2.5,2,0
30,0.15,19,25.11,41,625,0.31,17,Lecture,37,200,2.5,4,0
131,0.66,21,29.01,58,1192,0.32,12,Empty,31,200,1.5,2,1
158,0.79,11,32.19,53,1319,0.55,15,Lecture,37,200,2.0,2,1
36,0.18,20,24.52,43,635,0.8,17,Lecture,32,200,1.5,4,0
21,0.1,25,24.82,43,553,0.39,14,Empty,42,200,2.5,2,0
86,0.43,10,26.92,50,891,0.21,16,Lecture,28,200,2.5,2,0
96,0.48,4,28.93,67,1006,0.52,16,Empty,40,200,2.0,2,1
191,0.95,4,34.14,43,1544,0.29,15,Networking,41,200,2.5,1,1
112,0.56,21,30.18,58,1017,0.74,17,Networking,35,200,2.5,2,1
22,0.11,0,25.3,56,480,0.72,16,Networking,28,200,2.0,2,1
21,0.1,13,25.55,61,480,0.95,15,Networking,39,200,2.5,3,-1
108,0.54,10,29.07,69,1042,0.7,18,Empty,42,200,1.5,3,1
199,0.99,15,34.93,63,1557,0.22,12,Lecture,42,200,2.0,2,1
53,0.27,4,24.75,46,741,0.7,17,Empty,33,200,2.0,3,0
132,0.66,13,31.03,66,1128,0.29,16,Lecture,41,200,1.5,2,1
185,0.93,3,31.75,48,1445,0.41,10,Empty,31,200,2.5,4,1
144,0.72,0,30.7,46,1267,0.28,12,Empty,30,200,1.5,2,1
19,0.1,20,26.42,73,558,0.31,16,Lecture,40,200,2.5,3,1
157,0.79,15,30.28,64,1332,0.83,14,Lecture,37,200,2.5,4,1
36,0.18,12,25.87,43,674,0.37,10,Empty,29,200,1.5,4,0
176,0.88,23,31.16,61,1522,0.22,15,Empty,37,200,2.5,1,1
129,0.65,13,29.82,50,1166,0.65,12,Networking,30,200,1.5,2,1
101,0.51,24,26.83,61,944,0.61,11,Empty,31,200,2.0,2,-1
24,0.12,17,24.55,62,546,0.61,16,Lecture,39,200,2.5,2,0
22,0.11,18,25.57,54,513,0.62,9,Networking,35,200,1.5,3,-1
45,0.23,24,26.52,67,659,0.41,16,Networking,40,200,2.0,1,0
21,0.1,18,23.06,41,516,0.66,12,Lecture,33,200,2.0,4,-1
181,0.91,0,32.41,42,1521,0.85,18,Networking,28,200,1.5,3,1
108,0.54,19,29.46,71,992,0.36,12,Networking,37,200,2.0,3,1
71,0.35,21,26.4,68,753,0.54,9,Networking,28,200,1.5,3,1
179,0.9,22,31.16,61,1470,0.84,13,Lecture,34,200,1.5,2,1
147,0.73,13,31.76,75,1206,0.24,16,Lecture,40,200,2.0,3,1
54,0.27,9,26.93,45,649,0.89,12,Lecture,39,200,1.5,1,1
113,0.56,0,29.1,43,1118,0.67,15,Empty,42,200,1.5,1,1
84,0.42,11,27.86,71,928,0.38,11,Networking,38,200,2.0,2,1
9,0.04,0,22.46,69,519,0.62,14,Networking,30,200,2.0,3,-1
161,0.81,15,31.2,50,1370,0.26,10,Empty,41,200,2.5,1,1
70,0.35,17,26.28,68,781,0.77,13,Lecture,36,200,1.5,4,0
41,0.2,17,24.74,61,582,0.28,9,Lecture,35,200,1.5,1,1
45,0.23,1,25.36,56,695,0.47,9,Empty,33,200,2.0,3,-1
60,0.3,19,26.69,45,715,0.58,13,Empty,37,200,2.0,2,-1
186,0.93,15,33.87,49,1534,0.75,10,Empty,41,200,2.5,4,1
90,0.45,9,27.09,46,974,0.62,15,Empty,35,200,2.5,3,1
150,0.75,22,30.84,53,1372,0.43,10,Networking,28,200,2.0,3,1
150,0.75,23,31.64,51,1272,0.63,11,Networking,28,200,2.5,1,1
43,0.21,15,24.15,55,656,0.56,17,Lecture,32,200,2.0,4,0
111,0.56,10,28.77,56,1146,0.44,12,Empty,42,200,2.5,2,1
162,0.81,13,30.74,75,1418,0.26,12,Empty,31,200,1.5,3,1
102,0.51,0,29.54,60,1005,0.37,10,Networking,40,200,2.0,4,1
51,0.26,5,27.63,47,771,0.79,10,Networking,42,200,1.5,1,1
137,0.69,9,29.62,75,1221,0.23,11,Networking,31,200,2.5,3,1
74,0.37,7,27.0,56,858,0.29,15,Empty,37,200,1.5,2,0
87,0.43,20,29.45,41,881,0.43,15,Networking,36,200,2.5,1,1
18,0.09,8,26.02,55,588,0.31,15,Networking,39,200,2.5,3,0
121,0.6,0,28.73,70,1205,0.43,9,Empty,36,200,2.0,2,1
198,0.99,21,32.34,61,1603,0.9,10,Lecture,36,200,1.5,1,1
144,0.72,15,31.61,56,1205,0.98,15,Networking,32,200,2.0,3,1
21,0.1,18,25.31,64,572,0.33,14,Networking,38,200,2.5,3,0
0,0.0,9,23.54,53,441,0.78,14,Empty,41,200,2.5,2,-1
52,0.26,3,27.4,68,657,0.96,16,Empty,42,200,1.5,3,1
162,0.81,23,32.06,55,1336,0.42,14,Lecture,32,200,1.5,4,1
103,0.52,1,29.21,61,987,0.91,14,Networking,34,200,1.5,3,1
174,0.87,6,32.63,57,1456,0.82,11,Networking,33,200,2.5,4,1
88,0.44,25,27.37,46,878,0.92,13,Networking,32,200,2.5,1,1
53,0.27,6,26.05,46,756,0.27,17,Networking,29,200,2.5,4,-1
29,0.14,1,24.03,74,633,0.38,13,Networking,36,200,1.5,2,1
192,0.96,11,33.01,41,1517,0.99,18,Lecture,28,200,1.5,1,1
113,0.56,16,28.16,46,1072,0.76,10,Empty,38,200,2.5,4,1
161,0.81,20,30.67,47,1309,0.92,16,Networking,37,200,2.0,2,1
61,0.3,13,28.71,61,822,0.57,15,Empty,42,200,2.0,2,1
144,0.72,14,31.28,46,1203,0.92,18,Networking,38,200,2.5,1,1
71,0.35,12,28.35,70,798,0.69,14,Lecture,40,200,1.5,1,1
118,0.59,12,30.08,65,1170,0.27,18,Lecture,36,200,2.5,4,1
59,0.29,1,26.41,66,798,0.43,12,Lecture,35,200,1.5,2,0
39,0.2,17,27.23,62,710,0.47,18,Lecture,38,200,2.5,2,1
95,0.47,0,26.96,46,1030,0.57,9,Empty,35,200,2.0,1,1
179,0.9,4,31.12,55,1533,0.28,15,Empty,29,200,2.5,1,1
194,0.97,20,32.64,58,1484,0.78,13,Lecture,33,200,2.0,4,1
71,0.35,21,25.71,56,820,0.79,11,Lecture,34,200,2.5,4,0
49,0.24,20,24.98,73,698,0.21,11,Networking,34,200,2.0,3,1
176,0.88,7,32.64,42,1411,0.79,15,Empty,31,200,2.5,4,1
49,0.24,6,26.68,47,620,0.35,13,Lecture,28,200,2.5,2,-1
27,0.14,14,25.75,70,610,0.66,13,Lecture,38,200,2.0,4,1
100,0.5,14,28.93,69,1041,0.48,9,Lecture,42,200,1.5,1,1
43,0.21,0,24.79,44,610,0.9,17,Networking,32,200,2.0,1,0
29,0.14,22,25.37,45,567,0.95,10,Networking,39,200,2.5,1,0
113,0.56,3,30.65,58,1039,0.6,17,Lecture,39,200,2.0,3,1
132,0.66,10,29.07,46,1263,0.47,18,Empty,28,200,1.5,4,1
198,0.99,6,31.77,61,1637,0.98,17,Empty,29,200,2.5,1,1
166,0.83,15,32.57,41,1415,0.37,14,Networking,31,200,2.5,1,1
1,0.01,5,21.87,68,465,0.47,17,Empty,29,200,2.0,3,-1
33,0.17,22,25.06,70,538,0.71,17,Networking,42,200,2.5,3,-1
17,0.09,8,22.94,58,440,0.35,15,Lecture,32,200,1.5,2,-1
197,0.98,14,32.45,73,1648,0.72,15,Lecture,28,200,2.5,3,1
76,0.38,25,28.26,68,932,0.94,16,Lecture,30,200,2.5,2,1
105,0.53,24,29.9,52,972,0.69,9,Networking,40,200,2.5,2,1
43,0.21,7,26.89,74,630,0.57,10,Empty,37,200,2.5,4,1
62,0.31,24,26.4,63,823,0.48,13,Lecture,42,200,2.0,4,0
108,0.54,11,27.75,53,1063,0.68,12,Networking,33,200,1.5,3,1
128,0.64,18,30.45,65,1175,0.7,18,Lecture,41,200,2.5,4,1
150,0.75,22,31.78,55,1372,0.49,17,Networking,28,200,1.5,3,1
190,0.95,24,33.57,65,1595,0.85,13,Empty,34,200,1.5,1,1
87,0.43,11,28.53,47,971,0.8,14,Networking,42,200,1.5,2,1
45,0.23,18,26.53,73,735,0.49,10,Empty,31,200,1.5,1,1
47,0.23,2,27.09,41,615,0.38,16,Networking,36,200,1.5,4,1
93,0.47,4,28.44,67,920,0.46,15,Empty,35,200,2.5,2,1
63,0.32,4,27.07,45,855,0.72,11,Lecture,40,200,2.0,2,1
80,0.4,9,27.06,75,818,0.94,14,Networking,36,200,2.5,4,1
49,0.24,1,26.75,47,698,0.36,9,Networking,37,200,2.0,3,1
19,0.1,9,22.99,47,470,0.73,18,Empty,34,200,2.5,2,-1
173,0.86,23,32.95,61,1366,0.9,11,Networking,41,200,2.5,2,1
140,0.7,1,30.9,43,1229,0.22,11,Lecture,39,200,2.5,1,1
59,0.29,25,27.53,64,781,0.47,11,Networking,41,200,1.5,1,1
152,0.76,18,29.82,68,1258,0.47,11,Networking,32,200,2.5,3,1
21,0.1,3,24.23,42,506,0.64,16,Empty,38,200,2.5,3,0
32,0.16,1,25.47,47,618,0.6,11,Networking,30,200,1.5,2,0
138,0.69,1,30.28,43,1172,0.69,10,Networking,36,200,1.5,1,1
156,0.78,7,29.99,46,1409,0.61,13,Empty,34,200,1.5,2,1
136,0.68,8,29.42,72,1264,0.39,17,Empty,39,200,2.5,3,1
146,0.73,7,29.17,59,1221,0.28,16,Lecture,30,200,2.5,3,1
11,0.06,10,23.13,47,426,0.33,11,Lecture,35,200,1.5,4,-1
105,0.53,8,30.06,62,1022,0.97,14,Networking,41,200,1.5,2,1
73,0.36,14,28.92,54,848,0.9,10,Empty,38,200,2.0,1,1
124,0.62,20,28.15,59,1079,0.79,9,Networking,33,200,1.5,2,1
133,0.67,14,29.49,67,1188,0.77,13,Lecture,28,200,2.5,3,1
186,0.93,22,33.73,56,1566,0.22,15,Networking,41,200,1.5,2,1
111,0.56,20,29.21,61,1088,0.42,17,Lecture,29,200,2.5,2,1
156,0.78,25,32.26,70,1295,0.6,13,Networking,32,200,2.5,4,1
17,0.09,11,25.39,62,441,0.64,10,Empty,33,200,1.5,3,0
175,0.88,21,32.18,47,1522,0.35,15,Networking,32,200,1.5,2,1
13,0.07,19,25.1,50,437,0.6,10,Networking,34,200,2.5,4,0
35,0.17,7,25.12,73,603,0.74,9,Networking,33,200,2.5,4,1
98,0.49,5,27.52,60,961,0.87,12,Empty,33,200,1.5,2,1
11,0.06,2,22.44,72,429,0.93,18,Lecture,31,200,1.5,4,1
16,0.08,1,23.35,54,495,0.85,17,Networking,36,200,2.5,1,-1
79,0.4,0,29.14,74,943,0.82,16,Empty,37,200,2.0,1,1
31,0.15,9,24.12,67,644,0.74,13,Empty,32,200,2.5,3,1
35,0.17,19,24.43,66,578,0.9,14,Empty,33,200,2.0,1,-1
135,0.68,19,30.85,72,1201,0.93,16,Networking,37,200,2.5,1,1
70,0.35,9,26.97,55,752,0.87,17,Empty,38,200,2.5,3,0
33,0.17,16,23.44,45,537,0.27,18,Empty,30,200,1.5,3,-1
166,0.83,24,32.93,44,1385,0.56,18,Empty,34,200,1.5,2,1
84,0.42,2,28.69,44,964,0.58,12,Empty,38,200,2.5,1,1
71,0.35,19,27.21,45,792,0.49,10,Lecture,29,200,2.5,3,1
113,0.56,19,30.17,66,1135,0.47,9,Networking,41,200,1.5,1,1
54,0.27,1,25.48,74,787,0.87,14,Networking,36,200,2.5,3,1
53,0.27,16,26.44,52,725,0.21,10,Networking,36,200,2.0,2,1
39,0.2,17,25.02,55,636,0.55,11,Lecture,41,200,1.5,1,-1
68,0.34,2,27.32,52,759,0.83,17,Lecture,32,200,1.5,4,1
117,0.58,6,28.71,63,1132,0.31,17,Empty,29,200,2.5,1,1
179,0.9,4,32.18,52,1471,0.98,13,Empty,28,200,2.5,4,1
150,0.75,8,31.12,60,1329,0.66,14,Lecture,33,200,2.0,2,1
11,0.06,7,24.24,75,394,0.6,15,Lecture,38,200,1.5,4,1
134,0.67,20,29.05,44,1129,0.29,18,Networking,28,200,1.5,4,1
164,0.82,8,33.83,51,1438,0.81,14,Lecture,42,200,1.5,3,1
166,0.83,0,32.2,43,1326,0.78,11,Lecture,28,200,2.0,1,1
157,0.79,3,31.81,50,1297,0.29,13,Networking,36,200,2.5,1,1
2,0.01,0,24.95,69,373,0.54,13,Networking,37,200,2.0,3,1
169,0.84,15,32.01,51,1483,0.72,9,Empty,34,200,1.5,3,1
86,0.43,14,27.68,58,912,0.49,15,Lecture,39,200,1.5,2,1
144,0.72,9,28.91,56,1247,0.24,9,Lecture,30,200,2.0,1,1
34,0.17,2,24.01,70,629,0.5,14,Empty,36,200,2.0,3,0
167,0.83,2,32.46,69,1363,0.25,10,Lecture,38,200,2.0,3,1
36,0.18,12,24.65,53,666,0.89,10,Networking,29,200,2.5,3,0
180,0.9,3,31.08,54,1455,0.68,18,Networking,28,200,2.5,4,1
23,0.12,7,24.56,46,496,0.7,14,Networking,38,200,2.0,2,0
145,0.72,7,30.64,74,1341,0.76,18,Lecture,38,200,2.0,1,1
164,0.82,4,30.43,71,1386,1.0,13,Networking,33,200,2.5,1,1
23,0.12,24,24.08,49,554,0.23,9,Networking,30,200,2.5,1,0
177,0.89,9,31.57,44,1534,0.89,12,Lecture,37,200,1.5,3,1
195,0.97,8,32.68,51,1540,0.75,18,Empty,41,200,2.0,3,1
120,0.6,11,30.84,61,1139,0.43,12,Lecture,37,200,2.0,1,1
115,0.57,0,30.4,74,1044,0.81,10,Empty,32,200,2.0,3,1
193,0.96,19,32.61,53,1544,0.71,10,Networking,37,200,2.5,4,1
100,0.5,10,29.77,65,967,0.9,17,Networking,39,200,2.5,2,1
134,0.67,4,30.38,74,1216,0.71,17,Empty,39,200,2.5,4,1
153,0.77,23,30.58,75,1342,0.41,16,Networking,28,200,1.5,2,1
196,0.98,0,31.57,57,1523,0.67,10,Empty,31,200,2.0,3,1
55,0.28,13,26.06,45,765,0.67,10,Networking,28,200,1.5,1,0
15,0.07,19,24.2,72,553,0.67,18,Empty,29,200,2.0,1,1
200,1.0,2,32.09,67,1544,0.96,10,Empty,34,200,2.0,2,1
164,0.82,6,30.92,43,1368,0.35,18,Lecture,39,200,2.5,4,1
114,0.57,17,27.88,63,1103,0.54,14,Lecture,33,200,2.5,2,1
63,0.32,22,26.62,62,739,0.93,10,Lecture,42,200,2.5,2,-1
141,0.7,16,30.61,67,1217,0.71,13,Networking,30,200,1.5,3,1
84,0.42,3,27.37,50,835,0.29,13,Empty,40,200,2.5,1,1
59,0.29,21,25.8,63,743,0.83,10,Lecture,40,200,1.5,2,0
182,0.91,10,31.63,43,1478,0.46,17,Networking,29,200,2.5,4,1
151,0.76,4,30.96,73,1379,0.31,10,Empty,28,200,2.5,3,1
145,0.72,9,30.43,67,1274,0.61,9,Lecture,37,200,2.0,1,1
126,0.63,5,28.32,44,1193,0.29,18,Lecture,30,200,2.5,4,1
62,0.31,21,27.55,61,809,0.54,11,Lecture,38,200,2.0,4,1
170,0.85,19,32.14,65,1345,0.9,18,Empty,38,200,1.5,4,1
115,0.57,0,30.47,42,1093,0.75,11,Networking,35,200,2.0,2,1
27,0.14,0,24.53,49,543,0.34,17,Networking,37,200,2.5,1,-1
179,0.9,14,31.38,62,1520,0.73,13,Lecture,38,200,1.5,1,1
68,0.34,17,26.87,49,820,0.62,10,Empty,37,200,2.5,1,0
113,0.56,23,29.19,54,1120,0.88,9,Lecture,40,200,1.5,1,1
127,0.64,6,28.1,48,1146,0.28,17,Empty,30,200,2.5,4,1
98,0.49,5,29.25,45,980,0.86,11,Lecture,30,200,2.0,3,1
75,0.38,24,27.85,48,812,0.26,12,Networking,41,200,1.5,2,1
57,0.28,15,25.96,47,754,0.91,15,Lecture,38,200,2.5,4,0
96,0.48,14,28.61,66,902,0.54,18,Networking,39,200,2.0,3,1
91,0.46,22,27.39,48,931,0.52,14,Networking,28,200,2.5,3,1
69,0.34,6,25.98,67,831,0.56,17,Networking,35,200,2.5,2,0
30,0.15,10,25.33,62,653,0.8,13,Networking,28,200,2.5,2,0
24,0.12,3,25.52,61,468,0.87,9,Empty,42,200,2.5,3,0
118,0.59,7,30.34,74,1155,0.32,17,Empty,34,200,2.0,2,1
170,0.85,9,31.65,49,1499,0.95,12,Networking,36,200,2.0,2,1
191,0.95,3,34.01,72,1548,0.84,9,Empty,37,200,1.5,4,1
126,0.63,20,30.07,65,1080,0.77,13,Empty,34,200,2.5,4,1
64,0.32,2,25.2,57,849,0.75,9,Networking,30,200,2.5,4,0
90,0.45,17,26.42,41,915,0.38,18,Empty,32,200,2.5,4,0
142,0.71,0,28.87,59,1219,0.85,14,Empty,28,200,2.0,4,1
45,0.23,1,25.1,59,721,0.44,12,Lecture,34,200,2.5,4,1
151,0.76,11,32.36,59,1370,0.52,15,Empty,38,200,2.0,1,1
29,0.14,19,25.54,69,582,0.84,12,Empty,38,200,2.0,4,0
63,0.32,18,25.34,46,785,0.68,12,Networking,28,200,2.0,4,-1
153,0.77,19,31.35,53,1372,0.29,10,Empty,31,200,1.5,4,1
97,0.48,10,29.49,71,1057,0.63,17,Lecture,41,200,2.5,1,1
104,0.52,7,28.66,61,991,0.47,17,Networking,30,200,1.5,3,1
55,0.28,16,26.6,70,758,0.78,17,Empty,41,200,2.5,2,0
49,0.24,25,27.68,69,746,0.98,13,Lecture,41,200,2.0,1,1
170,0.85,22,32.32,47,1462,0.52,18,Empty,36,200,2.0,4,1
151,0.76,16,32.16,48,1306,1.0,14,Empty,39,200,1.5,1,1
28,0.14,1,25.66,62,522,0.58,10,Networking,36,200,2.5,3,0
129,0.65,6,28.88,69,1116,0.85,11,Empty,37,200,1.5,4,1
101,0.51,7,29.11,58,1068,0.74,16,Lecture,41,200,2.5,2,1
59,0.29,4,27.14,72,727,0.36,12,Lecture,42,200,2.5,3,1
154,0.77,7,29.66,67,1255,0.41,18,Networking,34,200,2.0,2,1
86,0.43,6,28.02,43,964,0.78,17,Lecture,39,200,2.5,4,1
9,0.04,16,23.93,51,443,0.89,9,Networking,34,200,2.0,1,-1
160,0.8,21,32.78,61,1333,0.89,14,Networking,34,200,2.5,3,1
166,0.83,20,31.62,70,1354,0.25,14,Networking,29,200,2.0,2,1
116,0.58,0,28.82,55,1061,0.63,10,Networking,42,200,2.5,2,1
117,0.58,7,30.19,59,1150,0.45,13,Lecture,33,200,2.0,3,1
37,0.18,2,23.83,71,656,0.32,10,Empty,30,200,2.0,1,1
67,0.34,5,26.42,48,729,0.43,14,Empty,36,200,2.5,1,0
156,0.78,10,31.93,48,1304,0.88,18,Lecture,35,200,2.5,3,1
7,0.04,8,22.04,41,482,0.64,18,Lecture,31,200,1.5,1,-1
181,0.91,18,31.75,62,1491,0.84,18,Empty,40,200,2.0,1,1
126,0.63,16,28.67,55,1167,0.5,10,Empty,33,200,2.5,1,1
76,0.38,16,27.98,69,838,0.89,14,Empty,33,200,2.5,4,1
54,0.27,10,25.9,64,696,0.48,15,Lecture,36,200,2.5,3,1
119,0.59,17,30.42,59,1075,0.52,11,Empty,42,200,1.5,1,1
70,0.35,5,26.29,47,865,0.78,13,Empty,41,200,1.5,3,0
176,0.88,23,33.12,61,1412,0.85,15,Lecture,38,200,2.5,1,1
162,0.81,19,30.78,62,1360,0.65,14,Networking,30,200,1.5,3,1
149,0.74,6,32.23,40,1362,0.83,11,Empty,36,200,2.0,1,1
124,0.62,5,28.09,69,1125,0.29,15,Lecture,30,200,2.5,2,1
92,0.46,4,29.62,73,927,0.68,10,Lecture,37,200,2.5,4,1
103,0.52,10,28.51,57,1032,0.44,13,Empty,35,200,2.0,1,1
99,0.49,4,27.68,52,971,0.93,11,Networking,39,200,1.5,4,1
46,0.23,25,25.21,57,735,0.63,18,Networking,30,200,2.5,4,1
111,0.56,13,30.83,48,1000,0.94,10,Networking,41,200,2.5,3,1
124,0.62,4,29.03,59,1165,0.42,13,Networking,39,200,2.0,4,1
170,0.85,8,31.15,57,1468,0.93,15,Lecture,36,200,2.0,3,1
102,0.51,20,29.4,48,962,0.66,14,Lecture,40,200,2.0,3,1
22,0.11,15,24.45,44,609,0.99,9,Empty,30,200,1.5,3,1
196,0.98,24,33.72,59,1497,0.7,11,Empty,41,200,2.0,4,1
158,0.79,11,32.24,67,1310,0.28,17,Networking,32,200,2.5,2,1
42,0.21,7,27.0,46,708,0.23,18,Networking,39,200,2.0,1,0
112,0.56,3,27.07,46,1138,0.93,9,Empty,28,200,2.5,4,1
170,0.85,0,33.67,65,1461,0.54,12,Networking,37,200,2.0,1,1
4,0.02,14,22.62,45,391,0.69,12,Lecture,37,200,2.5,1,-1
48,0.24,2,27.19,69,632,0.78,11,Lecture,34,200,2.0,4,1
76,0.38,13,25.37,48,933,0.77,18,Empty,29,200,1.5,2,0
86,0.43,17,27.66,53,960,0.78,17,Empty,28,200,2.5,3,1
21,0.1,5,22.97,55,449,0.84,16,Empty,33,200,2.5,1,-1
35,0.17,3,24.61,74,587,0.87,15,Networking,34,200,2.5,2,1
57,0.28,23,25.81,44,737,0.59,16,Networking,41,200,2.0,2,0
27,0.14,9,24.28,66,631,0.62,18,Networking,37,200,1.5,3,0
19,0.1,3,25.34,47,558,0.38,17,Lecture,35,200,1.5,2,0
129,0.65,2,29.97,67,1218,0.73,12,Lecture,34,200,2.5,2,1
196,0.98,7,32.39,45,1607,0.48,12,Empty,34,200,2.0,2,1
57,0.28,3,25.14,59,739,0.4,16,Empty,29,200,1.5,3,0
123,0.61,18,30.07,47,1153,0.71,11,Lecture,30,200,1.5,4,1
69,0.34,2,26.63,49,821,0.26,15,Empty,29,200,2.0,3,0
92,0.46,4,28.31,65,961,0.94,10,Lecture,28,200,2.5,1,1
5,0.03,17,23.18,64,509,0.41,10,Lecture,28,200,2.5,1,-1
145,0.72,15,30.29,56,1309,0.48,13,Lecture,34,200,1.5,2,1
100,0.5,5,29.07,72,1008,0.47,12,Networking,30,200,2.5,4,1
19,0.1,6,25.0,58,561,0.94,10,Empty,42,200,1.5,1,0
126,0.63,11,28.34,59,1097,0.48,10,Lecture,34,200,2.5,2,1
191,0.95,25,32.34,50,1499,0.3,10,Lecture,30,200,2.5,1,1
180,0.9,13,33.43,40,1543,0.49,11,Networking,30,200,2.0,1,1
185,0.93,21,32.08,45,1491,0.66,11,Lecture,38,200,2.5,1,1
115,0.57,4,28.52,64,1033,0.73,13,Empty,38,200,2.0,1,1
117,0.58,7,30.39,68,1060,0.26,16,Empty,35,200,1.5,1,1
192,0.96,22,33.42,53,1495,0.5,13,Networking,37,200,1.5,2,1
6,0.03,13,24.32,75,387,0.78,14,Empty,41,200,1.5,1,1
42,0.21,0,26.61,50,663,0.21,13,Empty,33,200,2.5,3,0
166,0.83,14,33.42,67,1372,0.79,12,Networking,37,200,2.5,1,1
10,0.05,2,25.19,49,511,0.37,13,Empty,35,200,1.5,2,0
3,0.01,14,25.47,65,480,0.83,16,Empty,39,200,2.5,2,0
63,0.32,0,27.96,57,730,0.62,12,Lecture,34,200,2.0,2,1
14,0.07,3,23.29,68,550,0.84,10,Networking,35,200,2.0,1,-1
179,0.9,11,33.24,47,1525,0.6,12,Empty,32,200,2.5,2,1
158,0.79,18,31.94,43,1294,0.23,15,Lecture,41,200,2.0,4,1
45,0.23,18,25.14,69,657,0.41,15,Empty,37,200,2.0,4,1
29,0.14,2,24.28,53,648,0.7,15,Empty,35,200,2.5,4,0
138,0.69,20,30.77,72,1284,0.23,17,Networking,35,200,2.5,3,1
68,0.34,8,26.33,70,853,0.27,16,Empty,32,200,2.5,1,0
11,0.06,18,24.5,60,450,0.83,12,Empty,38,200,2.0,4,-1
43,0.21,11,24.85,57,595,0.66,15,Networking,33,200,2.5,3,0
126,0.63,5,30.12,46,1205,0.99,11,Networking,31,200,2.0,3,1
31,0.15,8,23.91,69,566,0.38,15,Networking,37,200,2.5,1,-1
10,0.05,5,25.2,66,436,0.31,14,Empty,40,200,2.5,1,0
76,0.38,12,26.11,62,825,0.57,14,Networking,33,200,2.5,4,-1
86,0.43,23,26.45,70,975,0.58,14,Empty,28,200,1.5,4,1
16,0.08,12,24.62,64,512,0.33,17,Lecture,39,200,2.0,2,-1
166,0.83,6,31.58,59,1383,0.91,11,Empty,37,200,2.0,4,1
142,0.71,15,30.56,63,1233,0.55,18,Lecture,40,200,1.5,1,1
182,0.91,6,31.45,68,1536,0.33,18,Lecture,28,200,2.0,4,1
166,0.83,25,32.63,60,1363,0.51,13,Empty,42,200,2.5,4,1
58,0.29,24,27.45,42,797,0.71,13,Lecture,35,200,2.5,2,1
47,0.23,22,26.58,56,752,0.37,16,Lecture,31,200,2.5,4,0
40,0.2,17,24.65,40,706,0.48,16,Networking,32,200,2.0,3,0
35,0.17,9,24.6,55,598,0.35,12,Empty,29,200,2.5,3,0
27,0.14,17,24.93,51,528,0.87,10,Networking,37,200,2.5,3,0
41,0.2,13,25.56,54,651,0.78,12,Lecture,31,200,2.0,2,0
101,0.51,23,28.87,46,1000,0.49,16,Lecture,36,200,2.5,4,1
197,0.98,6,32.3,65,1587,0.54,11,Lecture,34,200,2.0,1,1
162,0.81,12,32.67,62,1373,0.39,12,Empty,37,200,2.0,1,1
93,0.47,19,27.53,64,961,0.33,13,Empty,30,200,2.0,1,1
68,0.34,20,27.08,69,747,0.81,16,Lecture,39,200,2.5,1,1
129,0.65,13,28.74,47,1123,0.56,9,Empty,29,200,2.0,3,1
161,0.81,8,31.47,56,1430,0.28,12,Networking,35,200,2.5,3,1
125,0.62,25,27.98,73,1217,0.99,12,Networking,32,200,2.0,2,1
26,0.13,24,26.46,43,577,0.99,16,Empty,40,200,2.0,2,0
93,0.47,5,29.61,73,1012,0.45,15,Networking,35,200,2.5,1,1
23,0.12,24,26.23,54,502,0.7,16,Empty,36,200,2.0,1,-1
36,0.18,17,24.62,72,600,0.86,9,Lecture,29,200,2.0,2,1
97,0.48,8,29.25,71,1021,0.54,18,Networking,34,200,2.5,1,1
1,0.01,3,22.6,64,465,0.6,11,Empty,29,200,2.5,2,-1
185,0.93,25,33.58,66,1575,0.46,15,Lecture,39,200,2.0,2,1
7,0.04,6,23.64,56,386,0.84,10,Networking,34,200,2.0,3,-1
175,0.88,15,31.83,63,1515,0.42,10,Lecture,37,200,2.5,3,1
94,0.47,19,26.67,68,993,0.68,18,Lecture,29,200,2.5,3,0
180,0.9,10,32.04,52,1467,0.21,10,Lecture,38,200,1.5,2,1
54,0.27,9,25.98,62,646,0.52,14,Empty,41,200,1.5,2,0
34,0.17,15,24.7,63,618,0.66,17,Empty,34,200,1.5,4,0
72,0.36,12,26.51,71,806,0.66,13,Lecture,30,200,2.5,3,1
56,0.28,10,25.13,42,795,0.55,10,Networking,29,200,1.5,4,1
173,0.86,23,31.86,50,1480,0.58,11,Networking,30,200,2.0,3,1
164,0.82,5,32.48,47,1359,0.22,9,Networking,34,200,1.5,2,1
34,0.17,8,24.73,72,555,0.81,18,Lecture,33,200,2.5,3,1
196,0.98,7,33.89,65,1621,0.3,18,Empty,32,200,2.0,3,1
22,0.11,20,24.08,54,560,0.65,9,Empty,28,200,2.0,3,1
74,0.37,1,27.31,58,888,0.26,10,Empty,31,200,2.0,1,1
105,0.53,17,28.21,69,1087,0.98,14,Networking,38,200,1.5,3,1
147,0.73,14,32.5,65,1243,0.85,15,Networking,42,200,1.5,3,1
53,0.27,20,27.32,51,753,0.54,12,Lecture,40,200,1.5,3,1
36,0.18,13,25.31,55,549,0.86,9,Empty,40,200,2.0,1,-1
198,0.99,22,32.9,40,1587,0.68,15,Empty,42,200,2.5,3,1
95,0.47,2,28.09,52,1006,0.99,15,Empty,34,200,1.5,2,1
95,0.47,4,29.17,45,940,0.63,12,Networking,31,200,2.0,2,1
71,0.35,6,25.48,42,823,0.27,9,Networking,33,200,1.5,3,0
85,0.42,9,29.3,44,986,0.59,10,Lecture,39,200,2.5,1,1
153,0.77,10,29.89,49,1265,0.82,11,Empty,32,200,1.5,3,1
62,0.31,25,25.41,73,821,0.27,18,Empty,30,200,1.5,2,1
151,0.76,25,30.24,58,1248,0.96,17,Empty,38,200,1.5,2,1
147,0.73,6,32.33,52,1357,0.98,10,Networking,37,200,2.5,4,1
74,0.37,6,27.99,47,795,0.99,15,Networking,33,200,1.5,3,1
131,0.66,4,29.1,60,1145,0.63,12,Networking,40,200,1.5,1,1
119,0.59,22,30.23,57,1159,0.88,16,Lecture,31,200,1.5,1,1
169,0.84,5,33.09,70,1480,0.33,12,Lecture,39,200,1.5,2,1
51,0.26,1,24.57,65,722,0.62,10,Empty,32,200,1.5,1,0
155,0.78,20,31.18,70,1261,0.6,12,Networking,32,200,2.5,2,1
40,0.2,12,24.8,43,587,0.2,13,Lecture,29,200,2.5,3,0
59,0.29,4,27.07,67,795,0.29,9,Empty,37,200,2.0,4,1
146,0.73,11,31.27,59,1331,0.48,14,Lecture,37,200,2.0,1,1
90,0.45,22,29.73,68,862,0.79,10,Lecture,39,200,2.5,1,1
191,0.95,17,31.51,57,1496,0.88,12,Empty,32,200,1.5,2,1
70,0.35,7,26.47,68,780,0.65,16,Networking,31,200,2.5,3,0
21,0.1,7,23.88,43,597,0.48,9,Lecture,41,200,2.0,3,-1
95,0.47,14,28.54,74,930,0.63,9,Networking,36,200,2.5,2,1
181,0.91,18,32.95,52,1429,0.57,13,Empty,38,200,2.0,2,1
70,0.35,23,28.43,41,834,0.85,14,Lecture,41,200,2.5,1,1
71,0.35,1,26.32,54,790,0.38,16,Empty,29,200,2.5,4,1
126,0.63,18,29.17,53,1098,0.69,10,Lecture,36,200,2.0,3,1
9,0.04,25,24.94,60,382,0.94,11,Networking,30,200,2.0,2,-1
97,0.48,17,27.66,51,972,0.82,10,Networking,36,200,2.0,4,1
88,0.44,3,28.1,41,923,0.89,13,Networking,33,200,2.5,2,1
157,0.79,18,30.97,72,1323,0.94,16,Lecture,38,200,1.5,3,1
73,0.36,15,27.82,75,883,0.55,11,Networking,39,200,2.5,1,1
31,0.15,13,26.29,43,606,0.96,10,Lecture,36,200,2.5,2,1
138,0.69,7,29.24,53,1248,0.58,11,Empty,36,200,2.0,1,1
115,0.57,23,29.83,40,1163,0.48,14,Empty,41,200,2.5,1,1
178,0.89,6,33.53,54,1396,0.88,17,Networking,35,200,2.0,1,1
147,0.73,4,29.37,74,1277,0.81,12,Networking,30,200,2.0,3,1
50,0.25,7,25.87,41,659,0.24,18,Lecture,39,200,2.0,2,0
45,0.23,10,26.69,61,620,0.66,9,Networking,40,200,2.5,2,0
79,0.4,17,27.64,68,922,0.54,11,Lecture,34,200,1.5,2,1
87,0.43,17,29.3,56,957,0.44,13,Networking,39,200,1.5,1,1
12,0.06,18,24.84,54,516,0.25,13,Empty,36,200,2.0,1,0
112,0.56,17,29.7,66,1146,0.92,15,Lecture,40,200,2.5,4,1
111,0.56,20,30.45,60,1120,0.78,11,Empty,40,200,2.0,3,1
73,0.36,17,26.84,60,759,0.29,10,Networking,40,200,1.5,1,1
12,0.06,7,23.51,70,462,0.96,12,Networking,36,200,2.0,4,-1
114,0.57,0,29.22,48,1127,0.48,15,Networking,31,200,1.5,4,1
75,0.38,22,25.7,53,872,0.84,17,Lecture,28,200,1.5,2,1
135,0.68,22,29.63,62,1279,0.74,15,Empty,37,200,2.0,4,1
22,0.11,19,24.42,58,472,0.6,12,Networking,28,200,1.5,4,-1
23,0.12,22,25.56,42,549,0.77,17,Empty,32,200,1.5,3,0
95,0.47,12,30.39,48,1027,0.92,17,Networking,42,200,2.5,3,1
104,0.52,6,30.21,58,967,0.53,18,Empty,39,200,2.5,3,1
160,0.8,5,31.78,68,1396,0.25,14,Networking,28,200,2.0,3,1
171,0.85,18,32.41,65,1400,0.54,17,Lecture,35,200,2.5,3,1
142,0.71,23,30.98,58,1318,0.63,14,Empty,38,200,1.5,2,1
68,0.34,14,25.18,67,794,0.66,14,Lecture,29,200,2.0,1,1
132,0.66,1,30.62,66,1254,0.52,16,Empty,39,200,2.0,2,1
29,0.14,10,25.79,48,619,0.81,16,Empty,33,200,2.0,1,0
139,0.69,12,29.64,61,1244,0.96,12,Empty,29,200,2.0,1,1
113,0.56,8,29.36,68,1007,0.95,11,Lecture,28,200,2.5,1,1
37,0.18,22,23.86,43,652,0.47,11,Lecture,33,200,2.5,3,-1
79,0.4,20,26.48,53,881,0.33,18,Networking,37,200,2.5,4,-1
52,0.26,20,26.5,68,771,0.32,9,Empty,32,200,2.0,3,0
102,0.51,11,28.84,62,1036,0.59,12,Empty,29,200,1.5,4,1
104,0.52,19,27.69,45,989,0.26,11,Empty,39,200,1.5,1,1
14,0.07,6,24.52,55,443,0.84,17,Lecture,29,200,2.5,4,0
21,0.1,20,23.62,54,480,0.53,18,Empty,39,200,1.5,3,-1
74,0.37,9,27.63,64,910,0.27,15,Networking,31,200,2.5,2,1
163,0.81,25,30.96,67,1328,0.55,10,Empty,39,200,2.5,4,1
2,0.01,5,22.21,69,470,0.29,18,Empty,30,200,2.0,3,-1
91,0.46,9,27.39,69,989,0.72,13,Empty,41,200,1.5,3,1
111,0.56,2,30.71,69,1133,0.61,18,Lecture,37,200,1.5,3,1
46,0.23,14,24.96,50,750,0.23,13,Empty,28,200,1.5,1,0
12,0.06,25,23.42,44,507,0.3,14,Lecture,42,200,2.5,4,-1
65,0.33,7,26.77,62,736,0.66,9,Lecture,38,200,2.5,4,0
104,0.52,6,29.26,57,1051,0.85,12,Empty,38,200,2.5,3,1
113,0.56,18,29.71,73,1118,0.92,11,Empty,32,200,2.5,2,1
199,0.99,24,32.83,72,1666,0.32,16,Empty,39,200,2.5,3,1
53,0.27,24,26.57,67,721,0.44,13,Networking,37,200,2.0,2,-1
155,0.78,1,32.56,65,1336,0.55,17,Networking,36,200,2.5,1,1
8,0.04,9,23.77,62,508,0.26,13,Empty,35,200,2.5,4,-1
98,0.49,19,27.19,41,914,0.72,14,Lecture,36,200,1.5,2,1
46,0.23,23,26.27,75,622,0.43,14,Networking,42,200,2.5,2,1
155,0.78,11,31.11,72,1265,0.53,15,Networking,29,200,1.5,1,1
44,0.22,19,24.81,47,619,0.74,11,Empty,30,200,1.5,2,0
132,0.66,14,31.1,54,1270,0.26,16,Empty,35,200,1.5,3,1
65,0.33,5,26.87,62,832,0.3,9,Empty,35,200,2.5,3,1
139,0.69,15,29.32,62,1251,0.76,12,Empty,29,200,2.5,4,1
10,0.05,22,23.44,74,515,0.54,13,Networking,31,200,2.0,4,1
121,0.6,20,29.81,40,1173,0.24,18,Lecture,28,200,2.0,4,1
66,0.33,9,27.22,70,730,0.93,15,Lecture,28,200,1.5,4,1
10,0.05,14,25.22,50,457,0.94,13,Lecture,40,200,2.0,4,0
77,0.39,24,27.86,74,808,0.34,14,Networking,30,200,2.0,2,1
105,0.53,24,29.98,71,976,0.43,9,Lecture,41,200,2.0,1,1
97,0.48,23,27.83,57,968,0.79,13,Lecture,41,200,2.0,1,1
105,0.53,21,27.92,54,951,0.77,16,Lecture,41,200,2.5,2,1
109,0.55,7,28.99,41,1067,0.95,11,Lecture,28,200,2.0,4,1
194,0.97,17,32.18,57,1485,0.39,17,Empty,35,200,2.5,3,1
129,0.65,22,30.0,65,1206,0.39,12,Networking,28,200,2.5,1,1
44,0.22,1,26.34,58,738,0.56,13,Empty,39,200,1.5,4,0
91,0.46,6,29.11,44,976,0.99,10,Lecture,33,200,2.0,2,1
159,0.8,6,31.49,58,1323,1.0,9,Networking,38,200,1.5,2,1
149,0.74,0,29.95,46,1354,0.49,12,Networking,38,200,2.0,4,1
197,0.98,9,31.89,43,1565,0.91,18,Networking,34,200,2.0,3,1
157,0.79,17,32.04,64,1331,0.58,18,Lecture,41,200,2.5,4,1
50,0.25,18,25.39,68,692,0.77,13,Empty,38,200,2.0,4,0
112,0.56,4,29.66,54,1042,0.94,17,Lecture,39,200,2.0,4,1
46,0.23,3,24.64,54,640,0.87,16,Networking,34,200,2.5,2,0
152,0.76,2,31.37,55,1276,0.9,9,Lecture,29,200,1.5,2,1
178,0.89,21,33.82,48,1493,0.49,11,Networking,36,200,1.5,3,1
40,0.2,16,24.77,71,605,0.28,10,Empty,37,200,2.0,2,1
23,0.12,14,23.53,63,492,0.66,17,Lecture,37,200,1.5,4,-1
91,0.46,20,28.7,55,945,0.48,9,Empty,28,200,1.5,3,1
158,0.79,5,32.85,43,1408,0.52,18,Networking,40,200,2.0,1,1
53,0.27,5,25.55,49,780,0.75,13,Networking,42,200,2.0,3,0
28,0.14,1,24.22,75,627,0.29,15,Lecture,33,200,2.0,1,1
48,0.24,1,26.9,62,712,0.79,17,Lecture,38,200,2.0,3,-1
197,0.98,15,32.29,73,1611,0.94,10,Lecture,34,200,2.5,4,1
82,0.41,20,26.98,71,848,0.94,9,Empty,37,200,2.5,2,1
160,0.8,8,31.07,66,1332,0.26,17,Networking,36,200,2.5,2,1
181,0.91,20,33.1,61,1509,0.48,11,Lecture,38,200,2.5,1,1
176,0.88,13,30.69,70,1466,0.74,9,Networking,31,200,1.5,4,1
170,0.85,19,30.96,54,1450,0.41,10,Networking,37,200,2.5,2,1
25,0.12,2,23.74,67,582,0.38,11,Lecture,32,200,2.5,1,-1
50,0.25,14,24.5,59,681,0.92,9,Lecture,31,200,1.5,1,1
76,0.38,7,26.47,63,843,0.61,11,Empty,37,200,2.0,2,0
164,0.82,21,30.71,48,1426,0.88,9,Networking,40,200,2.5,2,1
33,0.17,4,24.93,74,562,0.53,10,Empty,36,200,2.0,2,1
42,0.21,22,24.76,50,603,0.2,11,Lecture,34,200,2.0,3,0
67,0.34,17,26.54,54,846,0.75,18,Lecture,31,200,1.5,3,0
0,0.0,20,24.07,54,366,0.53,9,Lecture,42,200,2.0,1,1
30,0.15,3,25.45,59,657,0.84,10,Empty,35,200,1.5,3,1
181,0.91,21,31.57,71,1421,0.84,15,Lecture,37,200,2.5,2,1
42,0.21,9,24.52,60,728,0.91,12,Networking,35,200,2.0,1,1
111,0.56,8,28.38,75,991,0.69,18,Empty,40,200,1.5,3,1
94,0.47,23,27.93,59,918,0.9,11,Networking,42,200,2.0,4,1
116,0.58,18,28.74,70,1037,0.84,10,Networking,38,200,1.5,2,1
156,0.78,21,31.34,61,1335,0.49,11,Lecture,40,200,2.5,1,1
12,0.06,16,24.49,54,502,0.79,10,Empty,31,200,1.5,2,-1
52,0.26,23,25.63,62,665,0.32,11,Empty,37,200,1.5,2,0
162,0.81,16,29.97,61,1331,0.64,10,Networking,29,200,2.0,1,1
140,0.7,18,31.21,60,1190,0.33,12,Lecture,33,200,2.0,2,1
41,0.2,23,25.8,73,690,0.25,15,Lecture,29,200,2.0,1,1
132,0.66,9,30.28,75,1237,0.72,9,Lecture,31,200,2.5,2,1
41,0.2,9,26.22,46,674,0.52,17,Networking,32,200,2.0,2,0
12,0.06,24,25.34,71,476,0.51,11,Networking,35,200,2.5,2,1
153,0.77,7,29.71,64,1247,0.88,13,Networking,32,200,2.0,4,1
138,0.69,18,30.61,40,1290,0.43,15,Networking,32,200,1.5,1,1
104,0.52,9,28.67,58,977,0.38,9,Networking,38,200,2.0,1,1
93,0.47,16,28.87,57,945,0.57,12,Empty,37,200,2.5,4,1
182,0.91,2,33.01,46,1569,0.39,16,Networking,42,200,1.5,3,1
3,0.01,24,24.4,60,458,0.62,9,Empty,41,200,2.0,3,0
121,0.6,9,30.39,44,1128,0.69,9,Lecture,36,200,2.5,4,1
126,0.63,13,29.69,62,1083,0.84,15,Lecture,34,200,2.0,2,1
59,0.29,0,26.43,57,802,0.48,12,Lecture,34,200,2.0,3,0
171,0.85,20,30.19,69,1455,0.87,17,Empty,29,200,1.5,3,1
161,0.81,22,30.19,63,1398,0.86,16,Empty,29,200,1.5,4,1
178,0.89,12,33.81,57,1419,0.5,13,Lecture,35,200,1.5,4,1
25,0.12,0,24.43,54,537,0.84,12,Lecture,41,200,2.0,1,-1
103,0.52,14,27.48,50,1037,0.47,10,Empty,31,200,2.5,3,1
58,0.29,4,27.49,46,702,0.28,13,Lecture,40,200,1.5,1,1
191,0.95,23,33.96,57,1555,0.91,9,Lecture,31,200,1.5,3,1
177,0.89,2,32.53,63,1464,0.78,9,Networking,34,200,2.0,4,1
6,0.03,18,23.02,50,501,0.91,17,Empty,31,200,2.0,2,-1
5,0.03,22,24.33,47,470,0.61,18,Lecture,28,200,1.5,4,0
144,0.72,16,29.97,54,1204,0.85,9,Lecture,39,200,2.0,1,1
145,0.72,13,30.71,62,1321,0.33,17,Lecture,38,200,2.0,3,1
134,0.67,19,31.95,56,1199,0.51,15,Lecture,38,200,2.0,2,1
153,0.77,16,30.59,57,1393,0.78,17,Empty,30,200,1.5,3,1
137,0.69,21,30.92,56,1216,0.48,16,Lecture,40,200,2.0,4,1
25,0.12,15,23.3,56,562,0.89,9,Empty,29,200,1.5,3,-1
95,0.47,3,27.76,70,1033,0.45,15,Networking,36,200,2.5,4,1
192,0.96,1,33.36,50,1567,0.65,18,Networking,32,200,2.0,1,1
83,0.41,1,27.18,49,834,0.21,10,Lecture,31,200,2.5,2,1
188,0.94,23,32.5,70,1585,0.32,9,Lecture,34,200,2.0,4,1
88,0.44,13,27.52,44,990,0.92,12,Networking,31,200,2.0,2,1
127,0.64,21,29.08,72,1240,0.94,12,Empty,33,200,1.5,2,1
121,0.6,18,29.3,67,1151,0.81,16,Lecture,34,200,1.5,3,1
82,0.41,1,27.56,73,967,0.41,11,Lecture,29,200,2.5,3,1
95,0.47,2,27.31,47,989,0.35,11,Empty,35,200,2.5,2,1
22,0.11,6,25.45,43,469,0.42,15,Empty,30,200,2.0,1,0
111,0.56,12,28.23,53,1034,0.56,17,Networking,41,200,2.5,3,1
45,0.23,2,25.38,55,643,0.58,10,Empty,38,200,2.0,1,1
85,0.42,3,26.82,50,944,0.36,10,Empty,29,200,2.5,1,0
27,0.14,21,24.13,64,630,0.34,15,Networking,38,200,2.0,4,0
132,0.66,23,31.02,41,1142,0.94,9,Networking,32,200,1.5,1,1
68,0.34,21,27.41,48,793,0.81,10,Empty,42,200,2.5,1,1
26,0.13,5,24.71,57,563,0.69,14,Empty,32,200,1.5,2,-1
45,0.23,25,26.79,61,647,0.73,16,Lecture,33,200,2.0,2,-1
53,0.27,0,27.89,69,647,0.3,14,Lecture,42,200,1.5,1,1
85,0.42,1,28.73,71,924,0.3,9,Empty,38,200,2.0,1,1
118,0.59,13,28.28,75,1187,0.23,16,Lecture,33,200,1.5,1,1
0,0.0,13,23.2,67,455,0.64,18,Empty,41,200,2.5,1,-1
199,0.99,24,35.57,61,1658,0.59,13,Empty,42,200,1.5,4,1
2,0.01,17,22.32,45,445,0.82,16,Empty,34,200,2.5,3,-1
170,0.85,8,33.4,42,1479,0.2,16,Lecture,38,200,1.5,2,1
149,0.74,5,32.36,62,1354,0.27,15,Lecture,39,200,2.0,4,1
161,0.81,16,32.89,46,1306,0.36,13,Lecture,36,200,2.5,4,1
176,0.88,20,32.03,69,1507,0.55,16,Lecture,36,200,1.5,2,1
40,0.2,12,24.31,73,591,0.85,17,Empty,37,200,1.5,4,1
142,0.71,13,30.3,73,1280,0.49,14,Empty,31,200,1.5,2,1
69,0.34,9,25.95,49,784,0.31,9,Empty,33,200,2.0,4,0
185,0.93,8,33.67,65,1523,0.39,18,Lecture,41,200,2.0,3,1
144,0.72,22,31.68,41,1298,1.0,14,Networking,37,200,2.5,4,1
153,0.77,4,32.14,44,1299,0.77,18,Lecture,36,200,2.5,3,1
1,0.01,0,23.7,43,373,0.78,17,Networking,38,200,2.0,2,-1
192,0.96,9,32.18,42,1494,0.68,14,Lecture,39,200,2.0,2,1
59,0.29,20,26.38,52,784,0.55,13,Networking,37,200,1.5,2,1
0,0.0,21,23.27,65,480,0.8,14,Networking,41,200,2.5,4,-1
59,0.29,13,26.4,42,709,0.5,9,Networking,42,200,2.0,2,0
56,0.28,17,25.65,62,726,0.99,13,Networking,30,200,1.5,4,1
86,0.43,17,29.0,72,983,0.71,12,Empty,34,200,2.0,2,1
43,0.21,25,26.66,41,645,0.7,14,Networking,42,200,2.0,3,0
191,0.95,7,32.07,71,1498,0.92,16,Lecture,36,200,1.5,2,1
115,0.57,10,30.59,40,1119,0.34,15,Empty,39,200,1.5,2,1
146,0.73,2,32.01,75,1199,0.27,15,Lecture,33,200,1.5,3,1
24,0.12,12,24.12,69,483,0.87,9,Networking,34,200,2.5,3,-1
84,0.42,16,26.24,40,964,0.92,13,Empty,34,200,2.0,1,1
30,0.15,10,26.59,70,506,0.44,12,Networking,41,200,2.0,2,0
185,0.93,6,31.54,66,1563,0.83,18,Lecture,30,200,2.5,3,1
12,0.06,9,24.81,59,416,0.87,10,Lecture,36,200,2.5,2,0
1,0.01,21,23.58,74,465,0.23,17,Networking,34,200,2.0,3,1
165,0.82,0,33.1,71,1367,0.78,17,Lecture,38,200,2.0,1,1
114,0.57,16,29.65,59,1151,0.52,13,Empty,38,200,2.0,3,1
173,0.86,19,32.61,55,1393,0.86,12,Lecture,33,200,1.5,2,1
85,0.42,13,26.36,40,954,0.85,11,Lecture,28,200,1.5,2,0
130,0.65,3,29.72,46,1256,0.32,17,Empty,36,200,2.0,2,1
5,0.03,21,23.65,57,428,0.76,15,Empty,32,200,2.0,3,-1
84,0.42,1,27.6,49,919,0.49,18,Networking,29,200,1.5,3,1
199,0.99,2,32.88,61,1657,0.48,13,Networking,29,200,2.5,4,1
49,0.24,9,25.69,59,657,0.45,11,Empty,36,200,2.5,4,0
110,0.55,10,27.31,73,1073,0.49,15,Empty,33,200,2.5,2,1
39,0.2,15,26.41,40,606,0.58,11,Lecture,42,200,1.5,4,0
39,0.2,19,24.47,72,704,0.37,13,Empty,28,200,1.5,3,1
68,0.34,9,27.51,45,858,0.8,11,Empty,42,200,2.0,1,1
142,0.71,2,30.55,43,1238,0.65,10,Lecture,37,200,2.5,3,1
75,0.38,15,26.04,73,801,0.95,13,Empty,37,200,2.5,4,1
148,0.74,2,30.39,48,1239,0.44,9,Empty,35,200,1.5,4,1
138,0.69,1,29.62,63,1258,0.61,14,Lecture,31,200,2.0,4,1
58,0.29,25,26.16,59,786,0.69,11,Networking,41,200,2.5,4,0
199,0.99,24,32.74,69,1652,0.87,10,Networking,31,200,1.5,2,1
136,0.68,5,30.44,68,1177,0.27,15,Networking,40,200,2.5,4,1
30,0.15,17,24.71,58,528,0.67,13,Lecture,28,200,2.5,1,0
13,0.07,22,23.33,52,533,0.31,13,Networking,33,200,1.5,2,-1
189,0.94,17,31.99,46,1487,0.57,13,Networking,28,200,1.5,4,1
41,0.2,4,25.07,69,644,0.83,10,Empty,39,200,2.5,2,0
155,0.78,23,31.12,62,1303,0.67,14,Networking,30,200,1.5,4,1
151,0.76,13,30.0,54,1380,0.4,17,Empty,38,200,2.5,1,1
24,0.12,4,25.35,71,507,0.5,15,Lecture,29,200,2.0,3,1
113,0.56,20,28.82,61,1019,0.92,17,Empty,41,200,2.0,3,1
22,0.11,17,24.33,43,518,0.86,18,Lecture,38,200,2.0,3,1
185,0.93,13,33.48,54,1491,0.51,18,Lecture,41,200,1.5,3,1
151,0.76,17,30.34,68,1385,0.61,11,Networking,31,200,2.5,4,1
195,0.97,8,31.81,75,1509,0.93,14,Networking,29,200,2.5,2,1
180,0.9,4,32.71,70,1433,0.4,10,Networking,39,200,2.0,4,1
153,0.77,3,30.32,64,1334,0.88,12,Networking,31,200,1.5,2,1
81,0.41,3,26.71,60,839,0.64,15,Empty,39,200,1.5,1,-1
137,0.69,2,30.24,70,1253,0.66,17,Lecture,41,200,2.5,2,1
199,0.99,0,34.52,47,1593,0.52,15,Lecture,35,200,2.0,4,1
141,0.7,20,29.79,64,1215,0.55,9,Networking,42,200,2.5,2,1
175,0.88,23,32.28,47,1419,0.64,9,Networking,34,200,2.5,4,1
45,0.23,19,24.95,61,736,0.95,11,Empty,30,200,2.0,1,0
92,0.46,0,28.53,51,1008,0.24,10,Lecture,32,200,2.0,4,1
112,0.56,8,30.0,70,1002,0.61,11,Lecture,36,200,2.0,1,1
110,0.55,2,29.18,43,1046,0.87,12,Lecture,29,200,2.0,1,1
7,0.04,7,23.56,74,522,0.22,10,Empty,31,200,2.0,3,1
159,0.8,7,31.85,69,1335,0.96,18,Empty,34,200,2.5,2,1
13,0.07,6,23.6,58,447,0.37,14,Lecture,38,200,2.5,3,-1
35,0.17,3,23.4,61,580,0.78,9,Lecture,30,200,2.5,3,-1
125,0.62,0,30.18,59,1138,0.28,15,Empty,28,200,2.5,4,1
65,0.33,25,28.57,72,774,0.38,12,Networking,42,200,1.5,4,1
91,0.46,0,26.81,65,933,0.87,9,Lecture,35,200,2.5,1,0
128,0.64,15,31.14,73,1160,0.87,9,Empty,40,200,1.5,3,1
12,0.06,1,24.7,71,448,0.62,9,Empty,32,200,2.0,1,1
188,0.94,21,32.98,63,1601,0.85,16,Lecture,42,200,1.5,4,1
30,0.15,25,26.22,44,619,0.31,13,Empty,34,200,1.5,3,0
161,0.81,23,32.72,47,1399,0.29,14,Lecture,38,200,2.0,3,1
101,0.51,22,28.16,70,1017,0.72,14,Lecture,28,200,2.5,3,1
1,0.01,12,24.64,59,465,0.59,11,Empty,40,200,2.5,2,-1
116,0.58,5,27.36,52,1046,0.49,10,Empty,28,200,2.5,1,1
64,0.32,1,25.91,42,812,0.7,15,Empty,31,200,1.5,3,1
43,0.21,17,25.36,62,601,0.97,10,Networking,33,200,2.5,4,1
108,0.54,5,27.44,48,1095,0.92,11,Networking,35,200,2.5,1,1
139,0.69,24,29.03,54,1275,0.63,13,Empty,32,200,2.0,3,1
49,0.24,2,26.71,63,615,0.88,16,Lecture,41,200,1.5,2,0
197,0.98,2,31.52,61,1529,0.38,18,Empty,30,200,1.5,2,1
28,0.14,5,24.57,46,568,0.3,10,Empty,42,200,1.5,1,0
38,0.19,23,25.57,73,687,0.66,15,Networking,42,200,2.5,1,1
54,0.27,9,26.24,57,763,0.72,9,Networking,41,200,1.5,4,1
179,0.9,17,33.84,64,1494,0.77,9,Lecture,42,200,2.5,3,1
167,0.83,6,32.68,58,1476,0.31,11,Empty,29,200,1.5,2,1
195,0.97,24,31.11,40,1586,0.62,12,Empty,28,200,1.5,4,1
121,0.6,17,30.84,54,1079,0.78,10,Lecture,42,200,2.0,2,1
68,0.34,24,28.72,55,801,0.58,13,Empty,39,200,2.5,2,1
89,0.45,14,26.82,53,936,0.49,15,Empty,35,200,2.5,1,0
147,0.73,12,31.33,74,1208,0.57,14,Empty,42,200,1.5,1,1
66,0.33,21,28.02,67,838,0.21,13,Lecture,36,200,2.5,1,1
30,0.15,2,23.17,43,525,0.88,10,Networking,29,200,2.5,3,-1
95,0.47,4,29.17,53,944,0.89,16,Empty,37,200,2.0,2,1
67,0.34,16,26.78,43,846,0.51,17,Lecture,32,200,1.5,2,0
174,0.87,14,31.25,73,1466,0.79,11,Empty,31,200,2.0,1,1
2,0.01,11,24.79,54,432,0.43,14,Networking,41,200,2.0,3,0
118,0.59,8,30.11,55,1092,0.84,9,Lecture,37,200,2.0,1,1
45,0.23,21,24.07,44,656,0.35,12,Empty,33,200,2.0,2,1
59,0.29,1,25.5,49,771,0.74,11,Networking,28,200,1.5,1,-1
138,0.69,12,30.4,56,1227,0.91,13,Empty,39,200,2.5,3,1
34,0.17,11,26.11,70,553,0.64,12,Lecture,33,200,2.0,1,1
54,0.27,24,26.39,58,779,0.35,13,Empty,30,200,2.0,4,0
121,0.6,25,28.89,62,1102,0.27,12,Lecture,29,200,2.5,4,1
198,0.99,4,35.11,72,1519,0.71,14,Networking,40,200,1.5,4,1
33,0.17,2,24.34,57,630,0.8,10,Networking,38,200,2.0,1,-1
94,0.47,1,26.7,69,935,0.46,12,Lecture,30,200,2.5,2,0
77,0.39,18,25.21,40,858,0.79,16,Networking,28,200,1.5,4,0
31,0.15,3,25.67,74,613,0.78,17,Networking,34,200,2.5,3,1
152,0.76,12,31.24,41,1311,0.77,10,Lecture,36,200,2.5,1,1
198,0.99,24,32.14,59,1601,0.27,12,Networking,36,200,2.0,2,1
68,0.34,18,26.59,69,777,0.41,13,Networking,39,200,2.0,3,0
135,0.68,23,29.2,64,1258,0.85,11,Empty,38,200,2.5,1,1
1,0.01,2,22.48,57,429,0.94,10,Networking,38,200,2.0,3,-1
51,0.26,16,25.67,74,651,0.51,11,Empty,30,200,2.0,2,1
113,0.56,17,30.76,60,1089,0.24,9,Lecture,37,200,1.5,3,1
164,0.82,4,32.98,50,1387,0.42,17,Networking,42,200,1.5,4,1
147,0.73,25,31.03,50,1292,0.33,14,Lecture,28,200,2.5,2,1
79,0.4,15,26.92,53,877,0.76,11,Lecture,32,200,2.0,1,0
15,0.07,25,26.11,40,517,0.25,11,Networking,40,200,2.5,3,0
28,0.14,7,24.78,53,540,0.97,18,Networking,30,200,2.5,2,-1
18,0.09,23,23.98,57,438,0.81,10,Networking,29,200,2.0,3,-1
19,0.1,19,23.43,70,526,0.78,17,Empty,29,200,2.5,1,-1
154,0.77,7,31.07,66,1325,0.47,15,Networking,35,200,2.5,4,1
127,0.64,2,29.6,40,1118,0.51,13,Lecture,28,200,1.5,2,1
183,0.92,1,31.69,61,1504,0.26,15,Lecture,35,200,2.5,3,1
123,0.61,14,29.8,63,1201,0.26,17,Empty,41,200,2.5,4,1
146,0.73,13,30.81,54,1333,0.56,16,Networking,37,200,2.0,3,1
197,0.98,24,34.34,59,1514,0.54,18,Lecture,30,200,2.5,1,1
177,0.89,7,33.27,52,1526,0.54,18,Empty,38,200,2.0,4,1
104,0.52,3,29.93,69,1029,0.4,11,Networking,35,200,2.0,1,1
142,0.71,13,30.47,56,1192,0.81,10,Lecture,36,200,2.0,2,1
116,0.58,4,29.63,55,1071,0.46,11,Networking,31,200,2.5,2,1
186,0.93,22,30.91,66,1456,0.59,13,Lecture,28,200,2.5,2,1
145,0.72,6,30.61,44,1262,0.73,12,Empty,30,200,2.5,1,1
46,0.23,12,26.1,71,640,0.78,13,Empty,41,200,2.0,3,1
55,0.28,16,26.46,62,666,0.91,11,Empty,41,200,1.5,2,0
106,0.53,12,27.92,55,1105,0.23,18,Empty,39,200,2.0,4,1
192,0.96,6,32.89,74,1545,0.87,14,Networking,39,200,2.0,4,1
99,0.49,0,27.56,50,992,0.31,12,Lecture,38,200,1.5,3,1
51,0.26,0,26.08,45,678,0.5,14,Lecture,33,200,2.5,3,0
157,0.79,0,31.52,54,1401,0.99,9,Networking,28,200,2.0,1,1
155,0.78,6,30.96,57,1403,0.44,13,Lecture,34,200,2.5,1,1
52,0.26,25,27.43,69,773,0.68,13,Networking,42,200,1.5,4,1
70,0.35,18,27.88,62,754,0.82,16,Empty,36,200,2.5,1,1
4,0.02,18,24.47,59,449,0.49,16,Networking,34,200,2.0,2,0
139,0.69,17,30.2,42,1199,0.88,12,Lecture,28,200,2.0,1,1
78,0.39,13,27.08,46,872,0.4,15,Empty,34,200,1.5,3,1
10,0.05,17,24.4,50,395,0.51,14,Lecture,35,200,2.5,3,0
118,0.59,2,27.75,52,1130,0.48,12,Networking,28,200,2.5,2,1
32,0.16,1,25.88,59,658,0.82,10,Empty,28,200,2.0,2,1
189,0.94,23,32.66,75,1546,0.71,15,Empty,28,200,2.5,1,1
195,0.97,16,32.31,66,1613,0.93,13,Lecture,39,200,2.5,1,1
146,0.73,14,31.15,48,1317,0.9,14,Networking,32,200,2.0,4,1
91,0.46,24,28.32,56,1011,0.49,13,Lecture,32,200,1.5,2,1
166,0.83,2,29.87,71,1349,0.51,15,Lecture,28,200,1.5,3,1
196,0.98,23,32.3,51,1635,0.26,11,Networking,34,200,1.5,3,1
171,0.85,9,31.98,61,1393,0.84,10,Lecture,33,200,1.5,4,1
46,0.23,25,26.06,52,690,0.72,15,Networking,33,200,1.5,1,0
84,0.42,23,28.35,48,957,0.5,15,Networking,40,200,2.0,1,1
195,0.97,17,33.71,52,1597,0.5,17,Lecture,36,200,1.5,4,1
68,0.34,11,26.53,54,798,0.85,17,Networking,34,200,2.0,3,-1
64,0.32,17,25.34,44,834,0.89,17,Lecture,33,200,2.5,1,1
30,0.15,19,26.07,55,563,0.22,17,Lecture,32,200,2.5,2,0
172,0.86,24,32.92,62,1507,0.91,13,Lecture,41,200,1.5,2,1
113,0.56,7,28.31,71,1044,0.88,9,Lecture,28,200,2.0,4,1
98,0.49,15,28.56,52,1057,0.35,18,Networking,36,200,2.5,1,1
153,0.77,19,30.83,72,1293,0.66,18,Empty,30,200,2.5,2,1
122,0.61,16,29.05,60,1166,0.27,17,Empty,42,200,1.5,4,1
167,0.83,2,31.03,71,1409,0.91,10,Lecture,37,200,1.5,2,1
149,0.74,12,31.78,71,1331,0.5,9,Empty,34,200,2.0,1,1
200,1.0,1,31.61,52,1544,0.91,15,Lecture,28,200,1.5,4,1
166,0.83,22,31.78,50,1409,0.28,12,Lecture,39,200,2.5,2,1
175,0.88,9,33.08,41,1431,0.49,18,Empty,33,200,2.0,4,1
31,0.15,8,23.99,64,558,0.67,17,Lecture,29,200,2.0,2,-1
31,0.15,25,26.16,43,515,0.5,16,Networking,38,200,1.5,1,0
66,0.33,23,27.99,46,740,0.45,13,Lecture,35,200,2.5,2,1
44,0.22,17,27.43,47,672,0.3,10,Empty,40,200,2.5,1,1
110,0.55,9,29.2,55,1088,0.59,17,Empty,42,200,1.5,1,1
19,0.1,8,24.98,66,494,0.48,17,Empty,28,200,2.5,1,0
55,0.28,17,25.77,73,696,0.61,10,Lecture,33,200,2.5,4,1
146,0.73,6,30.06,53,1304,0.66,11,Networking,31,200,1.5,4,1
141,0.7,20,32.5,69,1233,0.24,10,Lecture,41,200,2.0,4,1
104,0.52,5,27.71,58,964,0.46,17,Networking,39,200,1.5,2,1
73,0.36,21,26.62,45,912,0.41,18,Lecture,30,200,2.0,4,0
198,0.99,17,33.3,43,1610,0.25,11,Lecture,36,200,2.5,1,1
63,0.32,20,26.15,55,782,0.92,13,Empty,35,200,1.5,3,1
10,0.05,21,23.47,69,440,0.63,11,Networking,37,200,2.5,3,-1
3,0.01,18,23.29,59,492,0.27,9,Empty,39,200,2.0,4,-1
199,0.99,1,32.35,58,1542,0.53,12,Networking,33,200,2.5,1,1
48,0.24,9,26.11,74,690,0.78,9,Networking,36,200,2.5,3,1
154,0.77,5,30.96,59,1289,0.52,11,Empty,28,200,1.5,1,1
22,0.11,21,24.59,69,471,0.4,16,Networking,33,200,2.5,2,-1
130,0.65,2,29.39,70,1259,0.68,9,Networking,40,200,2.0,2,1
81,0.41,21,26.28,46,899,0.52,9,Lecture,34,200,2.5,1,-1
2,0.01,3,23.34,54,382,0.57,10,Lecture,41,200,2.0,1,-1
37,0.18,10,26.23,61,571,0.25,18,Networking,29,200,1.5,4,0
105,0.53,13,29.4,72,1031,0.74,17,Empty,40,200,1.5,2,1
92,0.46,24,28.39,50,962,0.73,14,Networking,41,200,1.5,1,1
52,0.26,25,27.68,53,724,0.49,11,Empty,36,200,2.0,2,1
52,0.26,23,24.76,58,757,0.46,13,Networking,33,200,1.5,4,0
14,0.07,25,24.36,55,407,0.48,15,Lecture,34,200,2.5,2,-1
110,0.55,1,29.81,69,1117,0.84,14,Empty,31,200,2.5,4,1
152,0.76,18,31.85,42,1305,0.7,13,Networking,30,200,1.5,2,1
23,0.12,22,24.35,53,535,0.93,15,Networking,30,200,2.0,2,1
20,0.1,12,24.48,61,542,0.63,17,Lecture,36,200,1.5,3,0
89,0.45,11,27.38,71,866,0.62,14,Lecture,34,200,1.5,4,1
180,0.9,16,32.02,71,1451,0.78,10,Networking,35,200,2.5,1,1
129,0.65,8,28.37,61,1217,0.85,9,Lecture,31,200,1.5,2,1
60,0.3,0,27.12,74,765,0.74,15,Empty,39,200,2.0,2,1
162,0.81,21,31.92,57,1420,0.9,13,Networking,35,200,1.5,4,1
184,0.92,8,34.61,46,1424,0.85,9,Empty,40,200,2.0,3,1
88,0.44,9,27.27,73,975,0.95,15,Empty,35,200,1.5,4,1
79,0.4,22,27.61,59,830,0.33,11,Empty,32,200,2.0,1,1
186,0.93,16,31.67,47,1543,0.31,18,Empty,30,200,2.5,3,1
66,0.33,1,25.26,74,741,0.54,17,Networking,34,200,2.0,2,1
54,0.27,7,25.49,69,772,0.63,15,Networking,37,200,2.0,2,0
19,0.1,3,25.37,65,546,0.67,13,Networking,38,200,1.5,1,1
181,0.91,2,32.29,52,1565,0.3,11,Empty,39,200,2.5,4,1
35,0.17,23,26.0,54,548,0.62,17,Empty,37,200,2.0,4,0
179,0.9,3,33.73,74,1423,0.29,16,Empty,40,200,1.5,2,1
38,0.19,17,26.04,73,558,0.22,13,Empty,38,200,2.0,4,1
67,0.34,13,27.79,72,877,0.46,9,Networking,30,200,1.5,3,1
110,0.55,10,30.87,52,1108,0.36,17,Lecture,39,200,1.5,1,1
68,0.34,14,27.65,53,753,0.53,17,Networking,36,200,2.0,2,1
77,0.39,23,26.69,67,839,0.91,9,Empty,37,200,2.0,2,-1
22,0.11,19,26.45,58,521,0.58,17,Empty,42,200,1.5,3,0
13,0.07,9,23.24,60,454,0.74,16,Empty,32,200,2.5,2,-1
145,0.72,14,29.86,58,1300,0.84,9,Networking,33,200,2.5,3,1
84,0.42,15,25.99,47,971,0.79,12,Empty,29,200,1.5,4,0
49,0.24,0,24.98,52,689,0.45,18,Networking,37,200,2.5,4,1
153,0.77,23,31.87,57,1336,0.47,17,Lecture,29,200,2.0,3,1
96,0.48,9,28.05,59,978,0.29,18,Lecture,31,200,1.5,4,1
118,0.59,17,28.36,62,1098,0.28,16,Networking,35,200,1.5,4,1
181,0.91,18,32.62,58,1422,0.92,10,Networking,42,200,2.5,4,1
160,0.8,16,30.91,53,1396,0.42,10,Empty,37,200,2.0,2,1
32,0.16,5,25.15,68,550,0.91,12,Empty,31,200,1.5,1,0
0,0.0,25,24.11,68,416,0.5,13,Empty,29,200,2.5,4,0
144,0.72,16,31.39,57,1291,0.64,14,Networking,33,200,2.5,3,1
63,0.32,7,27.95,72,758,0.37,9,Networking,39,200,2.5,2,1
107,0.54,8,29.18,49,1029,0.4,13,Networking,39,200,2.0,4,1
89,0.45,22,27.72,59,1009,0.87,17,Lecture,31,200,2.5,1,1
147,0.73,15,30.2,61,1246,0.86,11,Lecture,39,200,1.5,4,1
71,0.35,13,26.53,73,837,0.49,15,Lecture,39,200,1.5,2,1
150,0.75,5,30.44,56,1352,0.97,14,Networking,29,200,2.0,2,1
73,0.36,18,27.15,43,882,0.49,9,Empty,37,200,1.5,4,1
112,0.56,7,27.3,54,1118,0.81,15,Networking,32,200,2.5,4,1
99,0.49,3,29.53,72,1038,0.5,17,Networking,39,200,2.0,3,1
116,0.58,9,29.44,66,1137,0.73,18,Lecture,34,200,2.0,1,1
9,0.04,10,22.79,47,412,0.46,17,Lecture,35,200,2.0,2,-1
23,0.12,7,23.52,43,618,0.64,12,Networking,33,200,1.5,4,-1
92,0.46,24,27.52,45,986,0.62,11,Lecture,35,200,2.5,3,1
111,0.56,4,28.46,63,1141,0.44,18,Empty,30,200,2.0,2,1
185,0.93,6,32.11,58,1463,0.65,13,Lecture,40,200,1.5,4,1
85,0.42,9,26.79,43,934,0.38,10,Lecture,32,200,2.5,4,0
188,0.94,3,32.98,49,1558,0.74,15,Lecture,34,200,2.0,4,1
120,0.6,0,31.05,66,1123,0.63,15,Lecture,40,200,2.5,2,1
115,0.57,12,29.76,67,1035,0.64,9,Lecture,35,200,1.5,1,1
79,0.4,1,25.88,66,911,0.66,13,Empty,30,200,2.0,4,0
191,0.95,4,32.41,73,1478,0.35,18,Empty,30,200,2.0,1,1
81,0.41,11,28.82,55,848,0.31,18,Networking,33,200,2.5,2,1
31,0.15,4,26.43,46,651,0.48,10,Networking,40,200,2.0,4,-1
100,0.5,19,27.91,63,969,0.92,9,Networking,38,200,1.5,2,1
111,0.56,1,30.13,75,1049,0.56,14,Empty,41,200,1.5,4,1
2,0.01,10,24.5,67,402,0.93,13,Lecture,39,200,1.5,2,-1
196,0.98,5,33.21,58,1606,0.38,14,Networking,34,200,2.0,2,1
107,0.54,1,27.98,56,1069,0.61,13,Lecture,41,200,1.5,3,1
43,0.21,11,25.84,46,578,0.5,9,Networking,31,200,1.5,4,1
130,0.65,21,29.92,67,1199,0.71,18,Lecture,34,200,1.5,2,1
24,0.12,12,25.18,64,565,0.74,14,Lecture,40,200,2.5,1,0
124,0.62,15,29.43,58,1115,0.58,9,Lecture,40,200,1.5,3,1
60,0.3,8,26.63,41,684,0.41,16,Empty,32,200,1.5,3,1
145,0.72,22,29.22,54,1322,0.57,13,Empty,31,200,2.0,4,1
135,0.68,1,29.62,66,1285,0.54,12,Lecture,36,200,2.5,3,1
46,0.23,20,25.62,69,710,0.77,11,Networking,42,200,1.5,3,0
140,0.7,2,30.34,75,1308,0.41,12,Networking,38,200,1.5,1,1
34,0.17,14,25.23,49,666,0.83,12,Empty,33,200,1.5,2,0
159,0.8,20,31.79,63,1415,0.69,14,Lecture,32,200,2.0,2,1
147,0.73,11,31.76,40,1361,0.56,18,Empty,32,200,1.5,4,1
13,0.07,12,22.76,61,482,0.43,18,Networking,30,200,2.0,1,-1
44,0.22,24,25.23,70,638,0.79,12,Lecture,40,200,2.5,3,1
87,0.43,23,26.45,45,907,0.89,13,Empty,31,200,1.5,3,0
51,0.26,21,26.74,70,628,0.4,12,Empty,29,200,2.5,1,0
94,0.47,12,26.97,54,1012,0.72,14,Networking,33,200,2.0,4,1
33,0.17,3,24.4,47,674,0.35,14,Empty,36,200,2.5,3,1
120,0.6,22,27.65,72,1095,0.48,10,Lecture,28,200,1.5,2,1
0,0.0,25,24.36,44,422,0.62,9,Lecture,39,200,2.0,2,0
159,0.8,10,30.67,53,1386,0.89,13,Empty,28,200,2.0,1,1
122,0.61,13,30.58,53,1089,0.66,9,Lecture,38,200,2.5,2,1
15,0.07,9,24.7,63,514,0.52,10,Networking,33,200,2.0,1,0
146,0.73,14,29.5,55,1247,0.25,16,Lecture,30,200,2.0,4,1
173,0.86,13,33.49,74,1405,0.87,16,Lecture,41,200,1.5,2,1
121,0.6,5,28.22,50,1058,0.26,17,Networking,32,200,1.5,4,1
188,0.94,8,31.16,72,1608,0.69,17,Empty,31,200,1.5,3,1
116,0.58,23,27.87,74,1070,0.97,11,Networking,31,200,2.0,2,1
4,0.02,3,25.61,58,391,0.69,10,Networking,42,200,2.5,3,0
37,0.18,23,25.7,41,599,0.67,9,Empty,32,200,2.5,3,1
7,0.04,17,23.73,61,369,0.49,16,Networking,41,200,2.5,2,-1
121,0.6,25,28.29,51,1201,0.38,12,Lecture,34,200,1.5,3,1
142,0.71,15,30.41,62,1325,0.97,15,Networking,42,200,2.0,2,1
60,0.3,9,26.06,61,780,0.73,13,Lecture,34,200,2.0,4,0
190,0.95,10,34.12,64,1465,0.56,13,Lecture,33,200,2.5,1,1
156,0.78,18,31.33,54,1275,0.62,17,Empty,33,200,2.5,3,1
62,0.31,21,24.92,68,823,0.8,12,Empty,32,200,2.0,3,-1
135,0.68,19,31.48,42,1195,0.82,10,Networking,40,200,1.5,2,1
138,0.69,15,31.27,46,1206,0.29,16,Networking,31,200,2.5,2,1
76,0.38,6,26.32,40,846,0.86,11,Networking,34,200,2.0,1,1
79,0.4,5,26.27,51,932,0.66,13,Empty,33,200,2.0,4,1
193,0.96,13,34.57,42,1626,0.34,11,Empty,42,200,1.5,1,1
119,0.59,14,29.88,75,1163,0.32,14,Empty,41,200,1.5,1,1
40,0.2,1,25.03,61,678,0.23,9,Networking,39,200,2.5,3,0
18,0.09,23,25.35,65,558,0.77,13,Networking,37,200,2.5,2,0
168,0.84,23,30.16,46,1463,0.64,13,Empty,28,200,1.5,4,1
133,0.67,14,30.99,67,1138,0.93,18,Lecture,32,200,2.0,3,1
44,0.22,4,25.9,72,592,0.24,13,Empty,31,200,1.5,3,1
65,0.33,16,27.63,51,752,0.8,15,Lecture,35,200,1.5,4,1
2,0.01,9,23.66,73,357,0.5,17,Networking,39,200,2.5,2,1
179,0.9,14,34.34,62,1509,0.4,12,Networking,40,200,2.5,2,1
54,0.27,20,25.02,57,714,0.74,9,Lecture,38,200,2.5,4,0
18,0.09,6,24.25,61,464,0.33,10,Empty,35,200,2.5,4,0
133,0.67,1,30.43,53,1209,0.87,16,Empty,41,200,2.0,3,1
136,0.68,16,28.81,57,1286,0.4,11,Empty,28,200,2.0,3,1
117,0.58,20,29.95,73,1079,0.85,14,Lecture,32,200,1.5,4,1
81,0.41,24,27.22,56,879,0.95,10,Empty,34,200,2.5,1,1
131,0.66,12,30.97,61,1152,0.68,17,Networking,40,200,1.5,2,1
5,0.03,13,24.68,60,459,0.77,12,Lecture,42,200,2.0,3,0
45,0.23,1,26.43,53,672,0.88,18,Empty,31,200,2.0,2,-1
115,0.57,21,28.29,70,1109,0.73,16,Empty,35,200,2.0,4,1
40,0.2,25,24.03,56,655,0.45,9,Lecture,29,200,2.0,2,-1
79,0.4,20,26.89,68,909,0.74,17,Networking,33,200,2.0,2,-1
49,0.24,5,27.68,41,765,0.63,10,Networking,39,200,2.5,3,1
173,0.86,19,31.64,67,1497,0.34,10,Networking,42,200,2.5,4,1
135,0.68,3,30.43,49,1235,0.8,17,Networking,42,200,2.0,2,1
76,0.38,23,28.51,48,799,0.27,18,Empty,38,200,2.0,3,1
111,0.56,11,29.28,60,1083,0.71,11,Empty,36,200,2.5,1,1
161,0.81,12,32.86,43,1432,0.95,15,Networking,37,200,2.0,2,1
147,0.73,7,31.29,42,1252,0.73,13,Lecture,38,200,2.5,1,1
3,0.01,6,23.91,40,438,0.73,11,Networking,41,200,2.5,1,-1
7,0.04,0,21.71,58,441,0.58,15,Empty,28,200,2.5,1,-1
190,0.95,2,34.89,69,1549,0.9,9,Networking,42,200,2.5,1,1
24,0.12,7,23.28,59,478,0.67,17,Networking,34,200,2.5,2,-1
113,0.56,3,28.07,61,1077,0.58,11,Empty,38,200,2.5,1,1
143,0.71,19,31.91,73,1255,0.83,9,Lecture,42,200,1.5,3,1
187,0.94,5,31.76,60,1530,0.88,16,Networking,37,200,2.5,1,1
100,0.5,11,30.32,44,1074,0.62,9,Lecture,39,200,2.5,4,1
132,0.66,21,29.15,65,1195,0.52,14,Lecture,35,200,2.5,1,1
22,0.11,23,23.71,69,528,0.37,11,Networking,39,200,2.0,3,-1
75,0.38,16,26.86,66,894,0.61,14,Networking,40,200,2.5,4,0
94,0.47,14,28.22,75,965,0.35,10,Lecture,41,200,1.5,4,1
151,0.76,19,30.5,55,1385,0.85,16,Empty,32,200,2.0,2,1
16,0.08,24,24.15,47,490,0.33,10,Empty,32,200,2.5,4,0
110,0.55,0,29.79,56,1004,0.61,15,Empty,42,200,2.5,4,1
186,0.93,4,34.0,49,1517,0.74,15,Networking,37,200,2.0,3,1
6,0.03,15,22.21,47,406,0.55,17,Empty,29,200,2.0,3,-1
35,0.17,19,23.51,42,533,0.89,13,Networking,30,200,1.5,2,-1
197,0.98,15,32.68,41,1600,0.23,14,Empty,32,200,2.5,4,1
40,0.2,15,24.02,54,594,0.24,9,Networking,33,200,1.5,3,-1
13,0.07,23,23.02,62,437,0.84,10,Lecture,36,200,1.5,3,-1
123,0.61,2,29.85,67,1110,0.33,17,Networking,28,200,1.5,2,1
26,0.13,24,22.78,57,535,0.62,15,Networking,28,200,2.5,3,-1
126,0.63,8,29.72,40,1164,0.37,11,Lecture,40,200,1.5,4,1
143,0.71,15,29.03,53,1260,0.76,18,Lecture,30,200,1.5,4,1
140,0.7,5,31.23,56,1286,0.42,14,Networking,28,200,1.5,1,1
42,0.21,2,25.84,40,706,0.39,11,Lecture,35,200,2.5,3,0
100,0.5,15,28.9,58,939,0.53,12,Networking,35,200,2.5,3,1
17,0.09,4,25.08,69,567,0.39,13,Networking,41,200,1.5,2,-1
26,0.13,25,23.67,42,633,0.31,16,Networking,29,200,2.0,2,-1
83,0.41,23,27.96,72,971,0.39,13,Networking,40,200,2.0,2,1
30,0.15,18,23.89,60,626,0.43,17,Lecture,31,200,2.5,3,-1
56,0.28,17,26.89,53,720,0.66,14,Networking,32,200,2.0,2,0
197,0.98,25,34.98,75,1568,0.23,13,Empty,41,200,2.0,1,1
0,0.0,13,24.47,72,478,0.73,13,Networking,35,200,2.0,4,1
105,0.53,25,29.07,55,964,0.25,18,Networking,32,200,2.0,2,1
3,0.01,13,24.48,51,354,0.3,15,Networking,37,200,1.5,2,0
137,0.69,9,30.93,69,1247,0.3,15,Empty,35,200,2.0,2,1
34,0.17,21,23.59,41,559,0.28,11,Empty,28,200,2.5,2,-1
6,0.03,15,24.53,56,454,0.57,17,Empty,35,200,2.5,1,0
86,0.43,20,28.65,61,951,0.28,10,Empty,31,200,2.5,4,1
89,0.45,12,28.85,51,961,0.75,17,Empty,35,200,2.0,3,1
19,0.1,8,23.52,48,592,0.59,9,Lecture,33,200,1.5,4,-1
90,0.45,20,27.52,64,860,0.78,10,Networking,40,200,1.5,3,1
156,0.78,16,32.61,41,1382,0.23,9,Empty,36,200,2.0,2,1
47,0.23,25,24.87,70,641,0.91,12,Empty,28,200,2.0,1,1
95,0.47,18,26.53,51,1036,0.71,14,Empty,30,200,2.5,4,1
135,0.68,14,28.38,68,1247,0.67,16,Empty,28,200,1.5,2,1
110,0.55,0,28.1,41,1087,0.45,15,Lecture,36,200,2.0,1,1
173,0.86,4,32.9,50,1517,0.67,13,Lecture,35,200,2.0,3,1
97,0.48,8,28.02,60,920,0.89,10,Networking,42,200,1.5,4,1
147,0.73,3,30.09,70,1288,0.75,18,Lecture,38,200,1.5,3,1
166,0.83,0,31.69,42,1451,0.38,13,Lecture,40,200,2.0,2,1
78,0.39,5,28.43,63,878,0.81,14,Lecture,41,200,1.5,1,1
26,0.13,1,24.04,48,546,0.46,15,Empty,38,200,2.5,4,1
182,0.91,0,33.94,66,1439,0.21,17,Networking,41,200,2.0,2,1
95,0.47,1,27.01,75,942,0.79,15,Empty,30,200,1.5,1,1
175,0.88,24,32.31,48,1430,0.94,13,Empty,32,200,2.5,3,1
150,0.75,15,30.74,43,1237,0.24,12,Lecture,42,200,2.5,2,1
28,0.14,21,26.04,53,613,0.3,13,Lecture,33,200,2.0,1,0
184,0.92,19,34.16,49,1425,0.84,9,Empty,42,200,2.0,3,1
94,0.47,3,26.06,50,1035,0.33,11,Networking,28,200,1.5,1,1
30,0.15,13,25.7,45,618,0.37,13,Empty,38,200,2.5,2,0
72,0.36,17,27.23,42,765,0.64,17,Lecture,37,200,2.0,3,1
90,0.45,6,29.14,49,889,0.57,16,Lecture,36,200,1.5,2,1
103,0.52,1,29.37,40,1084,0.82,9,Lecture,39,200,2.0,2,1
169,0.84,4,31.51,50,1427,0.82,17,Lecture,38,200,1.5,4,1
142,0.71,10,30.84,52,1240,0.32,10,Lecture,31,200,2.5,2,1
165,0.82,3,31.15,47,1422,0.89,12,Empty,29,200,1.5,3,1
83,0.41,21,28.45,67,872,0.61,10,Networking,37,200,1.5,4,1
170,0.85,1,31.51,73,1422,0.69,15,Lecture,30,200,2.5,2,1
183,0.92,19,30.7,49,1551,0.35,10,Networking,28,200,2.0,2,1
54,0.27,7,24.34,61,714,0.35,18,Empty,29,200,2.0,4,0
117,0.58,10,28.53,54,1118,0.51,17,Networking,28,200,2.5,2,1
137,0.69,14,31.78,75,1269,0.24,15,Lecture,37,200,2.5,1,1
187,0.94,3,34.23,66,1558,0.75,15,Lecture,41,200,1.5,3,1
99,0.49,0,27.52,41,1005,0.65,11,Lecture,30,200,1.5,1,1
109,0.55,25,28.72,60,1080,0.61,12,Empty,34,200,1.5,4,1
123,0.61,10,30.1,54,1151,0.98,14,Lecture,38,200,2.5,1,1
2,0.01,2,25.18,57,420,0.39,18,Empty,42,200,2.5,3,0
87,0.43,1,28.61,73,922,0.28,13,Empty,29,200,1.5,2,1
190,0.95,14,31.69,72,1533,0.28,15,Networking,30,200,1.5,2,1
122,0.61,17,31.0,54,1150,0.45,14,Networking,39,200,1.5,2,1
95,0.47,5,29.85,64,995,0.48,17,Networking,40,200,2.0,4,1
45,0.23,14,25.67,52,603,0.57,15,Lecture,41,200,2.0,1,0
125,0.62,23,30.39,55,1120,0.86,16,Lecture,34,200,1.5,3,1
67,0.34,25,27.08,47,832,0.22,17,Networking,36,200,1.5,4,1
85,0.42,20,29.32,43,969,0.99,17,Lecture,40,200,1.5,1,1
90,0.45,12,26.8,43,904,0.47,9,Empty,29,200,2.5,2,0
59,0.29,7,27.44,49,819,0.54,13,Lecture,36,200,2.5,1,1
123,0.61,10,28.28,45,1120,0.27,17,Networking,34,200,2.0,2,1
24,0.12,3,26.08,68,467,0.4,16,Empty,34,200,2.0,1,0
148,0.74,25,32.33,45,1216,0.38,12,Lecture,39,200,2.0,1,1
82,0.41,9,27.61,69,837,0.87,13,Empty,39,200,2.5,3,1
80,0.4,12,28.96,69,852,0.59,15,Empty,39,200,1.5,3,1
116,0.58,11,29.26,56,1135,0.63,11,Networking,29,200,1.5,4,1
50,0.25,21,27.38,61,767,0.51,15,Networking,41,200,1.5,4,1
140,0.7,1,30.07,72,1242,0.93,17,Lecture,30,200,2.5,3,1
78,0.39,18,27.51,64,842,0.49,10,Lecture,35,200,2.0,2,1
79,0.4,0,26.77,47,799,0.9,11,Empty,30,200,2.0,4,-1
116,0.58,24,28.54,74,1174,0.58,9,Empty,41,200,2.5,3,1
160,0.8,9,31.54,74,1335,0.65,13,Networking,33,200,2.0,1,1
104,0.52,10,29.93,41,1082,0.66,14,Empty,37,200,2.5,3,1
166,0.83,18,31.29,74,1343,0.33,9,Empty,37,200,2.5,1,1
6,0.03,16,22.7,53,420,0.67,14,Lecture,31,200,2.0,1,-1
130,0.65,21,29.18,40,1103,0.8,10,Empty,37,200,2.0,3,1
179,0.9,15,32.84,67,1399,0.61,9,Empty,33,200,2.5,2,1
34,0.17,8,25.93,53,530,1.0,13,Empty,33,200,1.5,1,-1
190,0.95,17,33.2,50,1540,0.66,15,Lecture,31,200,2.0,3,1
38,0.19,24,24.19,64,706,0.8,16,Networking,34,200,2.5,4,0
109,0.55,1,30.78,56,1127,0.29,17,Networking,41,200,2.5,3,1
21,0.1,1,24.68,47,594,0.96,10,Networking,31,200,2.0,2,1
164,0.82,9,31.98,73,1432,0.31,15,Networking,29,200,1.5,3,1
35,0.17,24,24.68,73,628,0.49,11,Networking,32,200,2.5,2,1
152,0.76,3,30.73,71,1299,0.45,15,Networking,33,200,2.0,2,1
162,0.81,18,32.29,57,1302,0.79,16,Empty,28,200,2.0,2,1
74,0.37,15,27.48,69,776,0.37,15,Networking,29,200,2.5,4,1
116,0.58,4,28.61,68,1034,0.41,10,Lecture,36,200,2.5,4,1
141,0.7,19,28.91,40,1182,0.22,18,Networking,31,200,2.5,2,1
122,0.61,2,30.26,48,1156,0.45,14,Networking,28,200,1.5,3,1
39,0.2,9,23.9,62,681,0.47,18,Networking,28,200,1.5,1,-1
11,0.06,1,22.9,69,510,0.71,17,Lecture,30,200,2.0,3,-1
55,0.28,10,25.94,42,793,0.31,14,Networking,31,200,2.0,3,0
6,0.03,10,23.96,48,438,0.72,18,Networking,41,200,1.5,4,-1
161,0.81,15,31.15,66,1315,0.31,18,Networking,40,200,2.5,2,1
34,0.17,8,24.84,65,569,0.66,13,Networking,42,200,2.0,3,0
22,0.11,9,25.52,70,515,0.74,10,Empty,33,200,1.5,4,-1
31,0.15,21,26.19,71,599,0.58,12,Networking,32,200,2.5,1,1
171,0.85,19,31.94,70,1459,0.53,11,Empty,36,200,1.5,4,1
21,0.1,16,25.16,55,531,0.4,17,Networking,41,200,1.5,2,0
31,0.15,1,25.72,53,515,0.32,14,Networking,37,200,1.5,4,1
155,0.78,5,29.86,44,1338,0.68,18,Empty,35,200,1.5,1,1
78,0.39,2,28.44,65,931,0.52,14,Empty,37,200,2.5,3,1
37,0.18,14,24.69,53,567,0.79,10,Empty,37,200,1.5,3,-1
162,0.81,17,33.19,58,1355,0.3,13,Empty,41,200,2.5,1,1
104,0.52,12,29.65,60,953,0.99,9,Networking,42,200,1.5,1,1
192,0.96,1,34.14,71,1521,0.38,9,Empty,33,200,1.5,1,1
165,0.82,5,30.84,63,1420,0.73,9,Empty,39,200,2.0,4,1
78,0.39,12,29.01,71,872,0.51,13,Lecture,38,200,1.5,3,1
30,0.15,16,24.68,60,632,0.28,16,Lecture,40,200,2.0,4,0
189,0.94,10,32.06,69,1489,0.53,15,Empty,38,200,2.0,2,1
84,0.42,18,28.46,68,943,0.54,18,Empty,33,200,1.5,3,1
193,0.96,20,31.97,41,1623,0.86,11,Lecture,36,200,2.5,4,1
102,0.51,5,28.51,73,975,0.54,18,Empty,38,200,2.5,3,1
14,0.07,25,24.44,41,485,0.62,11,Networking,39,200,2.5,4,0
3,0.01,23,25.06,65,427,0.41,12,Networking,38,200,2.5,2,-1
113,0.56,4,29.32,50,1140,0.75,13,Empty,34,200,2.5,2,1
162,0.81,1,33.52,50,1426,0.71,18,Networking,42,200,1.5,2,1
170,0.85,2,32.92,62,1400,0.84,14,Networking,36,200,1.5,2,1
99,0.49,2,28.63,50,980,0.35,15,Lecture,40,200,2.5,1,1
142,0.71,15,29.44,59,1223,0.6,9,Lecture,34,200,2.5,1,1
81,0.41,10,28.47,75,951,0.47,12,Empty,37,200,1.5,2,1
118,0.59,2,29.75,46,1157,0.61,15,Lecture,38,200,1.5,2,1
18,0.09,5,25.02,67,491,0.95,9,Lecture,39,200,2.0,1,1
150,0.75,3,30.81,75,1250,0.98,12,Empty,37,200,1.5,3,1
45,0.23,20,25.14,63,623,0.87,16,Empty,37,200,2.5,2,0
81,0.41,24,28.05,67,826,0.29,12,Networking,34,200,2.5,2,1
30,0.15,19,25.31,64,576,0.74,18,Empty,41,200,2.5,4,1
181,0.91,19,32.01,43,1479,0.43,17,Lecture,41,200,2.0,1,1
160,0.8,7,32.19,49,1345,0.92,9,Networking,39,200,2.0,2,1
146,0.73,18,30.05,73,1197,0.82,11,Networking,35,200,2.0,2,1
182,0.91,18,32.51,60,1504,0.3,12,Lecture,28,200,2.5,1,1
43,0.21,5,24.89,46,645,0.82,14,Networking,40,200,2.0,2,1
59,0.29,20,26.37,65,829,0.65,16,Empty,38,200,2.0,4,0
137,0.69,24,29.65,44,1217,0.73,9,Networking,37,200,1.5,3,1
112,0.56,4,30.91,45,1033,0.34,11,Lecture,41,200,2.5,3,1
183,0.92,10,34.6,68,1541,0.32,14,Networking,42,200,2.0,1,1
25,0.12,0,25.75,71,536,0.28,12,Lecture,35,200,1.5,3,1
161,0.81,4,32.69,59,1317,0.71,18,Networking,35,200,2.0,3,1
129,0.65,1,29.1,59,1253,0.23,9,Lecture,40,200,2.5,3,1
166,0.83,24,30.56,58,1358,0.69,18,Empty,30,200,2.0,1,1
27,0.14,21,25.23,63,525,0.69,10,Empty,35,200,2.5,1,-1
5,0.03,5,23.44,63,479,0.59,9,Empty,34,200,1.5,3,-1
196,0.98,4,32.55,59,1627,0.79,13,Empty,40,200,2.0,3,1
71,0.35,2,26.17,52,824,0.83,14,Networking,36,200,2.5,4,0
52,0.26,5,24.82,62,701,0.8,16,Lecture,34,200,2.0,4,0
66,0.33,8,27.48,59,799,0.83,13,Empty,36,200,2.0,1,1
106,0.53,18,29.49,50,1074,0.74,14,Lecture,40,200,2.0,2,1
143,0.71,5,32.0,68,1193,0.43,15,Lecture,39,200,2.0,2,1
111,0.56,10,29.9,52,1124,0.46,14,Networking,30,200,2.5,4,1
77,0.39,3,27.52,55,884,0.88,11,Empty,28,200,2.0,1,1
42,0.21,6,23.98,46,654,0.6,16,Lecture,32,200,1.5,2,-1
6,0.03,13,24.27,44,356,0.23,9,Empty,35,200,2.0,4,-1
69,0.34,19,27.19,65,788,0.47,11,Networking,41,200,2.0,3,1
92,0.46,25,29.29,61,924,0.95,14,Networking,35,200,1.5,3,1
98,0.49,21,29.74,41,985,0.99,10,Lecture,40,200,2.5,4,1
12,0.06,0,25.74,70,478,0.57,10,Lecture,41,200,1.5,3,-1
182,0.91,5,30.98,47,1483,0.32,18,Lecture,33,200,1.5,4,1
157,0.79,14,31.53,48,1285,0.8,18,Lecture,36,200,1.5,4,1
76,0.38,25,25.83,67,917,0.87,15,Lecture,32,200,1.5,3,0
92,0.46,25,27.29,52,988,0.86,15,Lecture,28,200,1.5,3,1
97,0.48,7,29.73,51,1015,0.38,15,Networking,34,200,2.5,4,1
55,0.28,14,25.81,62,790,0.5,9,Lecture,33,200,2.5,2,0
51,0.26,0,23.97,59,781,0.93,15,Networking,29,200,2.5,2,-1
129,0.65,3,30.32,68,1252,0.55,10,Lecture,34,200,1.5,3,1
82,0.41,16,29.39,57,952,0.85,14,Empty,40,200,2.5,3,1
157,0.79,1,30.76,45,1409,0.89,14,Empty,41,200,1.5,3,1
189,0.94,9,33.37,66,1559,0.26,16,Lecture,37,200,2.5,4,1
57,0.28,9,28.09,49,785,0.83,15,Networking,41,200,1.5,1,1
105,0.53,8,30.89,62,990,0.23,16,Lecture,42,200,1.5,2,1
169,0.84,23,32.59,72,1416,0.85,14,Empty,30,200,2.0,2,1
31,0.15,16,24.65,45,576,0.43,13,Empty,39,200,2.5,1,0
118,0.59,6,30.7,46,1039,0.4,18,Networking,35,200,1.5,4,1
80,0.4,21,28.18,43,951,0.9,9,Empty,41,200,1.5,3,1
174,0.87,16,32.54,50,1512,0.57,11,Empty,29,200,1.5,4,1
44,0.22,20,27.58,50,588,0.31,17,Empty,41,200,2.0,1,1
143,0.71,11,31.62,61,1313,0.9,13,Networking,31,200,2.5,1,1
120,0.6,6,29.77,64,1158,0.51,14,Lecture,32,200,1.5,3,1
8,0.04,17,22.84,44,502,0.89,10,Networking,38,200,2.5,4,-1
140,0.7,11,32.02,59,1295,0.61,12,Networking,37,200,2.0,1,1
102,0.51,21,28.48,44,966,0.49,11,Empty,32,200,2.5,3,1
162,0.81,8,30.05,63,1309,0.61,14,Empty,32,200,2.0,3,1
145,0.72,14,30.57,63,1276,0.49,9,Networking,41,200,1.5,1,1
116,0.58,8,27.81,51,1019,0.25,17,Empty,34,200,2.0,3,1
63,0.32,2,25.06,66,747,0.3,18,Networking,33,200,1.5,1,0
6,0.03,10,24.39,73,385,0.93,9,Lecture,28,200,2.5,3,1
47,0.23,3,27.0,62,759,0.65,17,Networking,35,200,1.5,2,1
104,0.52,17,29.03,57,1069,0.82,10,Lecture,35,200,2.0,3,1
12,0.06,22,25.27,60,543,0.99,15,Lecture,39,200,2.5,3,0
56,0.28,21,27.46,47,687,0.93,17,Lecture,34,200,1.5,1,1
51,0.26,3,26.3,44,701,0.62,17,Networking,40,200,2.0,2,0
62,0.31,1,28.5,57,840,0.64,15,Empty,39,200,1.5,1,1
37,0.18,1,25.39,57,601,0.76,15,Empty,38,200,1.5,2,-1
23,0.12,0,25.91,58,460,0.37,15,Networking,38,200,2.5,2,-1
141,0.7,25,31.17,68,1316,0.6,18,Lecture,39,200,2.5,2,1
15,0.07,23,23.54,70,413,0.55,14,Networking,29,200,2.5,2,-1
33,0.17,15,24.4,50,596,0.55,14,Empty,30,200,2.5,1,0
136,0.68,12,31.03,61,1275,0.66,15,Empty,39,200,2.5,1,1
189,0.94,19,32.26,59,1515,0.33,17,Lecture,35,200,2.0,2,1
112,0.56,6,29.3,59,1135,0.72,11,Networking,30,200,2.0,2,1
16,0.08,10,25.67,61,573,0.52,14,Lecture,40,200,1.5,3,0
111,0.56,1,29.04,72,1064,0.6,16,Lecture,38,200,1.5,1,1
16,0.08,18,23.56,59,428,0.46,14,Empty,28,200,1.5,1,-1
179,0.9,3,34.21,65,1404,0.21,16,Empty,39,200,1.5,3,1
109,0.55,24,29.92,71,1062,0.89,16,Empty,42,200,1.5,1,1
159,0.8,25,30.4,55,1361,0.92,11,Empty,31,200,2.0,4,1
60,0.3,23,25.37,63,786,0.95,13,Empty,34,200,1.5,1,0
82,0.41,13,26.96,75,955,0.38,9,Empty,29,200,2.5,1,1
102,0.51,18,29.04,72,934,0.99,10,Lecture,33,200,2.5,2,1
109,0.55,20,29.42,72,1001,0.3,12,Empty,36,200,2.0,4,1
41,0.2,0,24.66,75,695,0.56,12,Empty,32,200,2.0,2,1
180,0.9,18,32.33,45,1434,0.82,14,Lecture,34,200,1.5,3,1
37,0.18,7,26.41,42,590,0.72,15,Networking,42,200,2.5,2,1
53,0.27,5,26.43,73,735,0.75,11,Lecture,31,200,2.5,1,1
195,0.97,20,34.05,70,1596,0.94,9,Empty,33,200,2.5,3,1
17,0.09,10,25.34,55,485,0.63,13,Empty,40,200,2.0,4,-1
171,0.85,24,31.58,75,1471,0.71,15,Empty,28,200,2.5,1,1
169,0.84,19,30.86,46,1383,0.67,10,Lecture,29,200,2.0,4,1
161,0.81,8,30.98,42,1391,0.95,14,Lecture,42,200,1.5,1,1
94,0.47,6,29.49,60,1003,0.36,14,Networking,39,200,2.5,2,1
57,0.28,11,25.78,64,694,0.26,9,Networking,35,200,2.0,4,-1
130,0.65,18,29.4,51,1238,0.49,17,Networking,29,200,1.5,1,1
75,0.38,1,27.82,58,807,0.89,18,Empty,40,200,1.5,3,1
35,0.17,13,24.69,50,570,0.91,10,Empty,40,200,1.5,3,0
191,0.95,14,32.51,62,1492,0.43,16,Networking,42,200,2.0,4,1
8,0.04,0,24.69,70,414,0.92,16,Networking,32,200,1.5,1,0
31,0.15,17,25.69,52,650,0.21,11,Networking,28,200,1.5,2,0
108,0.54,17,29.92,59,1104,0.42,18,Networking,41,200,2.0,2,1
35,0.17,17,25.8,55,560,0.78,13,Lecture,40,200,1.5,2,-1
88,0.44,22,29.14,46,866,0.91,18,Networking,41,200,2.0,3,1
46,0.23,5,25.2,43,640,0.81,15,Networking,38,200,2.5,2,0
19,0.1,2,23.65,69,576,0.47,17,Empty,36,200,2.0,4,-1
117,0.58,13,28.26,45,1042,0.7,18,Networking,34,200,2.5,4,1
172,0.86,3,32.34,51,1440,0.27,17,Lecture,38,200,2.0,4,1
96,0.48,18,27.25,66,1039,0.62,16,Lecture,38,200,2.0,2,1
173,0.86,19,32.3,47,1502,0.42,11,Networking,30,200,2.5,2,1
74,0.37,4,27.55,53,860,0.26,17,Networking,40,200,2.0,2,1
181,0.91,12,33.78,53,1428,0.32,15,Empty,37,200,1.5,3,1
18,0.09,17,24.96,55,466,0.58,15,Lecture,41,200,2.5,3,0
188,0.94,18,33.45,68,1599,0.61,15,Lecture,29,200,1.5,3,1
166,0.83,1,33.83,50,1443,0.92,10,Lecture,42,200,1.5,1,1
105,0.53,23,30.01,73,968,0.76,13,Empty,42,200,1.5,2,1
107,0.54,19,28.66,62,979,0.51,16,Networking,35,200,2.0,1,1
38,0.19,6,26.55,54,617,0.26,15,Lecture,32,200,2.0,3,0
6,0.03,10,23.35,70,396,0.87,17,Empty,38,200,2.0,3,-1
176,0.88,12,33.21,68,1453,0.64,9,Networking,33,200,2.5,2,1
19,0.1,2,23.96,67,509,0.53,10,Empty,34,200,2.0,2,-1
181,0.91,22,33.16,44,1484,0.21,9,Lecture,32,200,2.5,4,1
91,0.46,7,27.23,44,912,0.51,11,Networking,40,200,2.0,1,1
99,0.49,7,28.38,48,1039,0.66,10,Empty,28,200,2.0,1,1
29,0.14,9,23.7,46,558,0.96,13,Lecture,29,200,1.5,2,-1
22,0.11,14,23.38,52,508,0.68,11,Empty,34,200,2.0,1,-1
150,0.75,22,30.12,59,1372,0.89,16,Empty,29,200,2.0,4,1
149,0.74,9,29.44,58,1214,0.31,10,Networking,33,200,2.5,3,1
181,0.91,20,32.69,43,1427,0.49,11,Networking,39,200,2.5,2,1
93,0.47,25,29.42,67,890,0.42,10,Lecture,39,200,2.0,2,1
34,0.17,16,25.03,56,666,0.71,9,Empty,38,200,1.5,3,1
93,0.47,4,26.8,41,1013,0.54,10,Empty,29,200,2.0,2,1
97,0.48,24,29.55,48,1030,0.64,9,Lecture,33,200,1.5,4,1
107,0.54,10,27.6,60,1071,0.76,11,Networking,30,200,1.5,1,1
119,0.59,3,28.07,64,1154,0.37,11,Lecture,35,200,2.0,2,1
3,0.01,12,22.18,64,400,0.47,13,Networking,33,200,1.5,1,-1
193,0.96,8,33.14,65,1612,0.44,17,Empty,35,200,1.5,1,1
1,0.01,11,24.47,58,388,0.67,13,Networking,36,200,2.5,3,-1
93,0.47,22,27.7,48,988,0.9,14,Empty,38,200,2.5,2,1
80,0.4,1,28.73,56,955,0.83,10,Empty,40,200,2.5,3,1
185,0.93,16,32.84,57,1552,0.42,16,Lecture,41,200,2.5,1,1
70,0.35,18,26.18,69,762,0.24,15,Lecture,41,200,1.5,4,1
138,0.69,24,29.69,42,1233,0.58,15,Networking,38,200,2.5,1,1
189,0.94,23,31.76,62,1596,0.41,10,Empty,31,200,2.5,4,1
129,0.65,21,28.03,55,1190,0.89,15,Lecture,30,200,2.0,2,1
11,0.06,21,23.79,53,422,0.89,14,Empty,32,200,1.5,3,-1
61,0.3,11,26.45,59,735,0.85,15,Empty,39,200,2.0,4,0
82,0.41,11,27.71,45,875,0.24,15,Networking,39,200,1.5,3,1
37,0.18,2,26.12,69,639,0.48,16,Networking,32,200,2.0,3,0
64,0.32,19,26.98,65,714,0.45,12,Empty,28,200,1.5,1,0
105,0.53,10,28.32,71,1018,0.51,10,Empty,41,200,2.5,4,1
28,0.14,14,25.7,59,586,0.33,13,Empty,30,200,1.5,3,0
20,0.1,22,24.21,42,532,0.8,17,Networking,41,200,1.5,3,-1
86,0.43,22,29.28,46,979,0.77,10,Networking,41,200,2.5,2,1
150,0.75,13,31.1,62,1224,0.35,9,Empty,36,200,1.5,2,1
118,0.59,8,27.69,74,1100,0.59,10,Lecture,30,200,1.5,1,1
43,0.21,0,26.27,74,621,0.52,17,Lecture,38,200,2.5,4,1
186,0.93,15,32.2,69,1520,0.46,12,Lecture,41,200,2.5,1,1
187,0.94,4,33.4,67,1501,0.57,18,Empty,37,200,2.5,1,1
189,0.94,15,32.29,64,1586,0.33,14,Empty,37,200,1.5,3,1
135,0.68,7,30.72,75,1140,0.28,12,Lecture,30,200,1.5,1,1
52,0.26,3,26.49,64,777,0.72,9,Empty,29,200,1.5,3,0
137,0.69,7,29.2,75,1264,0.61,18,Networking,36,200,1.5,1,1
34,0.17,3,26.35,55,587,0.22,12,Networking,35,200,2.0,1,0
54,0.27,4,26.09,56,660,0.92,9,Lecture,36,200,1.5,2,0
41,0.2,17,24.88,70,716,0.88,18,Lecture,40,200,2.0,3,0
146,0.73,18,31.4,56,1267,0.91,17,Networking,33,200,1.5,1,1
160,0.8,20,31.33,40,1321,0.62,9,Lecture,39,200,1.5,1,1
136,0.68,9,31.22,62,1269,0.76,13,Networking,35,200,2.0,2,1
40,0.2,21,25.25,47,663,0.59,15,Lecture,37,200,2.0,1,0
45,0.23,17,26.34,64,635,0.59,15,Networking,38,200,2.0,3,0
105,0.53,20,27.27,52,996,0.34,12,Lecture,31,200,1.5,3,1
174,0.87,6,31.18,49,1403,0.21,9,Empty,38,200,1.5,1,1
91,0.46,11,27.61,40,1021,0.22,10,Networking,40,200,2.0,3,1
64,0.32,13,26.38,46,815,0.27,9,Lecture,42,200,1.5,1,0
57,0.28,23,27.02,47,791,0.68,17,Networking,33,200,2.0,3,1
140,0.7,20,29.35,40,1319,0.41,15,Empty,28,200,1.5,4,1
162,0.81,18,31.92,68,1312,0.47,10,Empty,42,200,1.5,3,1
66,0.33,3,27.05,47,721,0.97,16,Empty,35,200,1.5,3,1
174,0.87,25,32.58,63,1500,0.42,9,Lecture,35,200,2.0,1,1
